mtllib s211-v3.mtl
g g0
v 0.338956 -0.193309 -0.971664
v 0.338956 -0.161234 -0.971664
v 0.431105 -0.208918 -1.61286
v 0.431105 -0.190752 -1.61286
v 0.476271 -0.184884 -0.971664
v 0.512659 -0.204146 -1.61286
vn 0.166847 0.985777 -0.020145
vn 0.166847 0.985777 -0.020145
vn 0.166847 0.985777 -0.020145
vn 0.166847 0.985777 -0.020145
vn 0.0601516 -0.997631 0.0333833
vn 0.0601516 -0.997631 0.0333833
vn 0.0601516 -0.997631 0.0333833
vn 0.0601516 -0.997631 0.0333833
vn 0 0 -1
vn 0 0 -1
vn 0 0 -1
vn 0 0 1
vn 0 0 1
vn 0 0 1
vn -0.98983 0 -0.142253
vn -0.98983 0 -0.142253
vn -0.98983 0 -0.142253
vn -0.98983 0 -0.142253
vt 0.146653 0.352025
vt 0.146653 0.338713
vt 0.0645114 0.335185
vt 0.0645114 0.343092
vt 0.0645114 0.343091
vt 0.0645114 0.335185
vt 0.146653 0.338713
vt 0.146653 0.352025
vt 0.0645114 0.343091
vt 0.0645114 0.343092
vt 0.0645114 0.335185
vt 0.146653 0.338713
vt 0.146653 0.352025
vt 0.146653 0.352025
vt 0.0645114 0.343091
vt 0.146653 0.352025
vt 0.146653 0.352025
vt 0.0645114 0.343092
usemtl acmat_0
f 2/1/1 5/2/2 6/3/3 4/4/4
f 3/5/5 6/6/6 5/7/7 1/8/8
f 3/9/9 4/10/10 6/11/11
f 5/12/12 2/13/13 1/14/14
f 3/15/15 1/16/16 2/17/17 4/18/18
v 0.512659 -0.204146 1.61286
v 0.476271 -0.184884 0.971664
v 0.431105 -0.190752 1.61286
v 0.431105 -0.208918 1.61286
v 0.338956 -0.161234 0.971664
v 0.338956 -0.193309 0.971664
vn -0.98983 0 0.142253
vn -0.98983 0 0.142253
vn -0.98983 0 0.142253
vn -0.98983 0 0.142253
vn 0 0 -1
vn 0 0 -1
vn 0 0 -1
vn 0 0 1
vn 0 0 1
vn 0 0 1
vn 0.0601516 -0.997631 -0.0333833
vn 0.0601516 -0.997631 -0.0333833
vn 0.0601516 -0.997631 -0.0333833
vn 0.0601516 -0.997631 -0.0333833
vn 0.166847 0.985777 0.020145
vn 0.166847 0.985777 0.020145
vn 0.166847 0.985777 0.020145
vn 0.166847 0.985777 0.020145
vt 0.0645114 0.343092
vt 0.146653 0.352025
vt 0.146653 0.352025
vt 0.0645114 0.343091
vt 0.146653 0.352025
vt 0.146653 0.352025
vt 0.146653 0.338713
vt 0.0645114 0.335185
vt 0.0645114 0.343092
vt 0.0645114 0.343091
vt 0.146653 0.352025
vt 0.146653 0.338713
vt 0.0645114 0.335185
vt 0.0645114 0.343091
vt 0.0645114 0.343092
vt 0.0645114 0.335185
vt 0.146653 0.338713
vt 0.146653 0.352025
f 9/19/19 11/20/20 12/21/21 10/22/22
f 12/23/23 11/24/24 8/25/25
f 7/26/26 9/27/27 10/28/28
f 12/29/29 8/30/30 7/31/31 10/32/32
f 9/33/33 7/34/34 8/35/35 11/36/36
v 1.62388 0.0497287 1.83105e-006
v 1.36406 0.0525873 0.0106178
v 1.62383 0.0454922 1.83105e-006
v 1.36407 0.0525873 -0.0106142
v 1.64274 0.680854 -0.00745089
v 1.64274 0.680854 0.00711939
v 1.74968 0.680854 -0.000176729
v 1.64274 0.680854 -0.000165569
v 1.36407 0.0525873 1.83105e-006
vn 0.0544452 -0.00971455 0.99847
vn 0.0680558 -0.0189452 0.997502
vn 0.0680558 -0.0189452 0.997502
vn 0.0544452 -0.00971455 0.99847
vn 0.0544452 -0.00971455 0.99847
vn 0.0544452 -0.00971455 0.99847
vn 0.0408197 -0.00048127 0.999166
vn 0.044706 -0.00850235 -0.998964
vn 0.044706 -0.00850235 -0.998964
vn 0.0485872 -0.0165227 -0.998682
vn 0.0485872 -0.0165227 -0.998682
vn 0.044706 -0.00850235 -0.998964
vn 0.0408213 -0.000481289 -0.999166
vn 0.044706 -0.00850235 -0.998964
vn -0.0273037 -0.999627 -2.57543e-005
vn -0.0273037 -0.999627 -1.28772e-005
vn -0.0273037 -0.999627 -1.28772e-005
vn -0.0273037 -0.999627 -1.28772e-005
vn -0.0273037 -0.999627 0
vn -0.0273037 -0.999627 -1.28772e-005
vn 0 1 0
vn 0 1 0
vn 0 1 0
vn 0 1 0
vn 0 1 0
vn 0 1 0
vn -0.914113 0.405458 -0.000511344
vn -0.914113 0.405458 -0.000255672
vn -0.914113 0.405458 -0.000255672
vn -0.914113 0.405458 -0.000511344
vn -0.914113 0.405458 -0.000255672
vn -0.914113 0.405459 0
vn -0.914113 0.405459 0
vn -0.914113 0.405458 -0.000255672
vt 0.918003 0.841453
vt 0.953975 0.937107
vt 0.935183 0.937107
vt 0.880762 0.840708
vt 0.918003 0.841453
vt 0.880762 0.840708
vt 0.917994 0.840708
vt 0.0745184 0.646526
vt 0.111759 0.645781
vt 0.0573385 0.74218
vt 0.0385462 0.74218
vt 0.918003 0.841453
vt 0.917994 0.840708
vt 0.880762 0.840708
vt 0.880762 0.840708
vt 0.880762 0.840708
vt 0.917994 0.840708
vt 0.880762 0.840708
vt 0.880762 0.840708
vt 0.917994 0.840708
vt 0.0573385 0.74218
vt 0.0573386 0.74218
vt 0.0385462 0.74218
vt 0.935183 0.937107
vt 0.935183 0.937107
vt 0.953975 0.937107
vt 0.935183 0.937107
vt 0.935183 0.937107
vt 0.880762 0.840708
vt 0.880762 0.840708
vt 0.0573385 0.74218
vt 0.0573385 0.74218
vt 0.111759 0.645781
vt 0.111759 0.645781
usemtl acmat_1
f 13/37/37 19/38/38 18/39/39 14/40/40
f 13/41/41 14/42/42 15/43/43
f 13/44/44 16/45/45 17/46/46 19/47/47
f 13/48/48 15/49/49 16/50/50
f 14/51/51 21/52/52 15/53/53
f 21/54/54 16/55/55 15/56/56
f 17/57/57 20/58/58 19/59/59
f 20/60/60 18/61/61 19/62/62
f 18/63/63 20/64/64 21/65/65 14/66/66
f 20/67/67 17/68/68 16/69/69 21/70/70
v -0.507952 -0.0396903 -0.164621
v -0.507952 -0.0396903 0.164562
v -0.713102 -0.0870328 -0.183484
v -0.713102 -0.0870328 0.183424
v -0.570862 -0.054208 -0.171159
v -0.687159 -0.081046 -0.182322
v -0.687159 -0.081046 0.182262
v -0.570862 -0.054208 0.1711
v -0.512098 -0.0319539 -0.163306
v -0.510577 -0.0353037 -0.155932
v -0.510577 -0.0353037 0.155873
v -0.512098 -0.0319539 0.163247
v -0.582143 0.122284 -0.0412214
v -0.553751 0.0597658 -0.125198
v -0.564716 0.0839113 -0.106412
v -0.527995 0.00305 -0.15224
v -0.578437 0.114125 -0.0616907
v -0.573878 0.104085 -0.082156
v -0.54087 0.0314003 -0.139861
v -0.515381 -0.0247273 -0.16186
v -0.513224 -0.0294764 -0.162858
v -0.510806 -0.0347997 0.155789
v -0.513224 -0.0294764 0.162799
v -0.515381 -0.0247273 0.161801
v -0.54087 0.0314003 0.139802
v -0.573878 0.104085 0.0820962
v -0.578437 0.114125 0.0616306
v -0.527995 0.00305 0.152181
v -0.564716 0.0839113 0.106352
v -0.553751 0.0597658 0.125139
v -0.582143 0.122284 0.0411613
v -0.70075 -0.0564454 -0.179087
v -0.704427 -0.0639313 -0.172212
v -0.704427 -0.0639313 0.172152
v -0.70075 -0.0564454 0.179028
v -0.701069 -0.0570938 -0.179236
v -0.704767 -0.0646235 -0.17236
v -0.707969 -0.0711424 -0.18156
v -0.613794 0.120595 -0.0411948
v -0.644937 0.0571882 -0.126821
v -0.632788 0.0819235 -0.107145
v -0.673763 -0.0014993 -0.160672
v -0.617814 0.11241 -0.0616781
v -0.6228 0.10226 -0.0821657
v -0.659346 0.0278522 -0.144683
v -0.687435 -0.0293356 -0.171367
v -0.700432 -0.0557967 -0.178938
v -0.704087 -0.0632386 0.172005
v -0.700432 -0.0557967 0.178879
v -0.687435 -0.0293356 0.171308
v -0.659346 0.0278522 0.144624
v -0.6228 0.10226 0.0821056
v -0.617814 0.11241 0.0616183
v -0.673763 -0.0014993 0.160612
v -0.632788 0.0819235 0.107085
v -0.644937 0.0571882 0.126761
v -0.613794 0.120595 0.041135
v -0.707969 -0.0711424 0.181501
v -0.704767 -0.0646235 0.1723
v -0.701069 -0.0570938 0.179177
v -1.07898 -0.140167 0.172658
v -1.12967 -0.0580751 0.133406
v -1.11203 -0.0863013 0.163434
v -1.08733 -0.126413 0.17433
v -1.39478 -0.181774 1.83105e-006
v -1.15035 -0.0254429 1.83105e-006
v -1.14406 -0.0353084 0.0800053
v -1.14662 -0.0312958 0.0591761
v -1.14841 -0.0284925 0.0399902
v -1.07026 -0.153922 0.168907
v -1.07051 -0.164217 0.16552
v -1.39271 -0.194926 0.0866743
v -1.13592 -0.0480657 0.115125
v -1.14038 -0.0410698 0.0965902
v -1.39397 -0.185168 0.0610488
v -1.39351 -0.188547 0.0738648
v -1.30929 -0.207217 0.131145
v -1.35105 -0.213943 0.119969
v -1.39196 -0.204152 0.0958835
v -1.39445 -0.181594 0.0472579
v -1.27151 -0.201812 0.138611
v -1.1981 -0.193023 0.149142
v -1.10375 -0.180946 0.157357
v -1.08079 -0.174881 0.160013
v -1.0996 -0.106389 0.172061
v -1.12192 -0.0701171 0.149333
v -1.39051 -0.219959 0.106343
v -1.39051 -0.219959 -0.106177
v -1.12192 -0.0701171 -0.149167
v -1.0996 -0.106389 -0.171894
v -1.08079 -0.174881 -0.159846
v -1.10375 -0.180946 -0.157191
v -1.1981 -0.193023 -0.148976
v -1.27151 -0.201812 -0.138445
v -1.39445 -0.181594 -0.047092
v -1.39196 -0.204152 -0.0957175
v -1.35105 -0.213943 -0.119803
v -1.30929 -0.207217 -0.130979
v -1.39351 -0.188547 -0.0736988
v -1.39397 -0.185168 -0.0608828
v -1.14038 -0.0410698 -0.0964242
v -1.13592 -0.0480657 -0.114958
v -1.39271 -0.194926 -0.0865084
v -1.07051 -0.164217 -0.165354
v -1.07026 -0.153922 -0.16874
v -1.14841 -0.0284925 -0.0398243
v -1.14662 -0.0312958 -0.0590101
v -1.14406 -0.0353084 -0.0798394
v -1.08733 -0.126413 -0.174163
v -1.11203 -0.0863013 -0.163267
v -1.12967 -0.0580751 -0.13324
v -1.07898 -0.140167 -0.172492
vn 0.0563122 0.197011 -0.978783
vn 0.0563638 0.196585 -0.978865
vn 0.0553445 0.166851 -0.984428
vn 0.0556576 0.177004 -0.982635
vn 0.0556597 0.177003 0.982635
vn 0.0553477 0.166849 0.984428
vn 0.0563639 0.196585 0.978865
vn 0.0563122 0.197011 0.978783
vn 0.0361874 0.125722 -0.991405
vn 0.0361874 0.125722 -0.991405
vn 0.0556576 0.177004 -0.982635
vn 0.0553445 0.166851 -0.984428
vn 0.0180837 0.114422 -0.993268
vn 0.0361874 0.125722 -0.991405
vn 0.0361874 0.125722 -0.991405
vn 0.0361985 0.125687 0.991409
vn 0.0361985 0.125687 0.991409
vn 0.0180994 0.114356 0.993275
vn 0.0553477 0.166849 0.984428
vn 0.0556597 0.177003 0.982635
vn 0.0361985 0.125687 0.991409
vn 0.0361985 0.125687 0.991409
vn -0.0445482 0.925203 -0.376849
vn -0.0445482 0.925203 -0.376849
vn -0.0402323 0.910286 -0.412021
vn -0.0402323 0.910286 -0.412021
vn -0.0402323 0.910286 -0.412021
vn -0.0402323 0.910286 -0.412021
vn -0.0285467 0.83526 -0.549114
vn -0.0285467 0.83526 -0.549114
vn -0.0285467 0.83526 -0.549114
vn -0.0285467 0.83526 -0.549114
vn -0.0134241 0.692492 -0.721301
vn -0.0134241 0.692492 -0.721301
vn -0.0134241 0.692492 -0.721301
vn -0.0134241 0.692492 -0.721301
vn 0.00391917 0.540353 -0.841429
vn 0.00391917 0.540353 -0.841429
vn 0.00391917 0.540353 -0.841429
vn 0.00391917 0.540353 -0.841429
vn 0.0233554 0.438476 -0.898439
vn 0.0233554 0.438476 -0.898439
vn 0.0233554 0.438476 -0.898439
vn 0.0233554 0.438476 -0.898439
vn 0.0380441 0.37868 -0.924746
vn 0.0380441 0.37868 -0.924746
vn 0.0380441 0.37868 -0.924746
vn 0.0380441 0.37868 -0.924746
vn 0.0464601 0.286197 -0.957044
vn 0.0464601 0.286197 -0.957044
vn 0.0563122 0.197011 -0.978783
vn 0.0562864 0.197224 -0.978741
vn 0.0530255 0.212116 -0.975805
vn 0.0530255 0.212116 -0.975805
vn 0.0562864 0.197224 -0.978741
vn 0.0563122 0.197011 -0.978783
vn 0.0556576 0.177004 -0.982635
vn 0.0464601 0.286197 -0.957044
vn 0.0464601 0.286197 -0.957044
vn 0.0530255 0.212116 -0.975805
vn 0.0530255 0.212116 -0.975805
vn -0.055467 -0.182635 0.981615
vn -0.055467 -0.182635 0.981615
vn -0.055467 -0.182635 0.981615
vn -0.0555985 -0.181827 -0.981758
vn -0.0555985 -0.181827 -0.981758
vn -0.0557354 -0.181016 -0.9819
vn -0.0557354 -0.181016 -0.9819
vn -0.0555985 -0.181827 -0.981758
vn -0.0555985 -0.181827 -0.981758
vn -0.0554615 -0.182638 -0.981615
vn 0.0530255 0.212116 0.975805
vn 0.0530255 0.212116 0.975805
vn 0.0464587 0.286197 0.957044
vn 0.0464587 0.286197 0.957044
vn 0.0563122 0.197011 0.978783
vn 0.0562864 0.197224 0.978741
vn 0.0556597 0.177003 0.982635
vn 0.0530255 0.212116 0.975805
vn 0.0530255 0.212116 0.975805
vn 0.0562864 0.197224 0.978741
vn 0.0563122 0.197011 0.978783
vn 0.0464587 0.286197 0.957044
vn 0.0464587 0.286197 0.957044
vn 0.038041 0.378679 0.924746
vn 0.038041 0.378679 0.924746
vn 0.038041 0.378679 0.924746
vn 0.038041 0.378679 0.924746
vn 0.0233517 0.438475 0.89844
vn 0.0233517 0.438475 0.89844
vn 0.0233517 0.438475 0.89844
vn 0.0233517 0.438475 0.89844
vn 0.00391423 0.540362 0.841423
vn 0.00391423 0.540362 0.841423
vn 0.00391423 0.540362 0.841423
vn 0.00391423 0.540362 0.841423
vn -0.0134276 0.692496 0.721297
vn -0.0134276 0.692496 0.721297
vn -0.0134276 0.692496 0.721297
vn -0.0134276 0.692496 0.721297
vn -0.0285475 0.835258 0.549117
vn -0.0285475 0.835258 0.549117
vn -0.0285475 0.835258 0.549117
vn -0.0285475 0.835258 0.549117
vn -0.0402308 0.910287 0.412018
vn -0.0402308 0.910287 0.412018
vn -0.0402308 0.910287 0.412018
vn -0.0402308 0.910287 0.412018
vn -0.044545 0.925203 0.376848
vn -0.044545 0.925203 0.376848
vn -0.100297 -0.331953 0.937948
vn -0.186397 -0.302952 0.934599
vn -0.100297 -0.331953 0.937948
vn -0.0734189 -0.279855 0.957231
vn -0.0734189 -0.279855 0.957231
vn -0.100297 -0.331953 0.937948
vn -0.100297 -0.331953 0.937948
vn -0.0734189 -0.279855 0.957231
vn -0.0734189 -0.279855 0.957231
vn -0.128592 -0.168699 0.977243
vn -0.128592 -0.168699 0.977243
vn -0.193354 0.013344 0.981038
vn -0.193354 0.013344 0.981038
vn -0.128592 -0.168699 0.977243
vn -0.128592 -0.168699 0.977243
vn -0.193354 0.013344 0.981038
vn -0.27252 0.206468 0.939736
vn -0.27252 0.206468 0.939736
vn -0.193354 0.013344 0.981038
vn -0.354626 0.379583 0.854492
vn -0.354626 0.379583 0.854492
vn -0.27252 0.206468 0.939736
vn -0.27252 0.206468 0.939736
vn -0.448613 0.604047 0.658691
vn -0.354626 0.379583 0.854492
vn -0.354626 0.379583 0.854492
vn -0.448613 0.604047 0.658691
vn -0.448613 0.604047 0.658691
vn -0.448613 0.604047 0.658691
vn -0.485006 0.733167 0.476693
vn -0.485006 0.733167 0.476693
vn -0.485006 0.733167 0.476693
vn -0.485006 0.733167 0.476693
vn -0.490773 0.772963 0.402082
vn -0.490773 0.772963 0.402082
vn -0.503792 0.80611 0.310451
vn -0.490773 0.772963 0.402082
vn -0.490773 0.772963 0.402082
vn -0.503792 0.80611 0.310451
vn -0.503792 0.80611 0.310451
vn -0.503792 0.80611 0.310451
vn -0.513992 0.828368 0.222752
vn -0.513992 0.828368 0.222752
vn -0.530455 0.84292 0.0900166
vn -0.530455 0.84292 0.0900166
vn -0.53556 0.844152 0.0241374
vn -0.53556 0.844152 0.0241374
vn -0.538326 0.841697 -0.0418472
vn -0.53556 0.844152 0.0241374
vn -0.53556 0.844152 0.0241374
vn -0.538326 0.841697 -0.0418472
vn -0.503902 0.807944 -0.305466
vn -0.513076 0.827546 -0.227859
vn -0.513076 0.827546 -0.227859
vn -0.503902 0.807944 -0.305466
vn -0.503902 0.807944 -0.305466
vn -0.503902 0.807944 -0.305466
vn -0.478052 0.756037 -0.447073
vn -0.478052 0.756037 -0.447073
vn -0.445364 0.67275 -0.590812
vn -0.478052 0.756037 -0.447073
vn -0.478052 0.756037 -0.447073
vn -0.445364 0.67275 -0.590812
vn -0.436219 0.604499 -0.666553
vn -0.445364 0.67275 -0.590812
vn -0.445364 0.67275 -0.590812
vn -0.436219 0.604499 -0.666553
vn -0.436219 0.604499 -0.666553
vn -0.436219 0.604499 -0.666553
vn -0.408431 0.480452 -0.776112
vn -0.408431 0.480452 -0.776112
vn -0.408431 0.480452 -0.776112
vn -0.283705 0.201792 -0.937439
vn -0.283705 0.201792 -0.937439
vn -0.408431 0.480452 -0.776112
vn -0.180512 -0.0307393 -0.983092
vn -0.180512 -0.0307393 -0.983092
vn -0.283705 0.201792 -0.937439
vn -0.283705 0.201792 -0.937439
vn -0.180512 -0.0307393 -0.983092
vn -0.11344 -0.180768 -0.976962
vn -0.11344 -0.180768 -0.976962
vn -0.180512 -0.0307393 -0.983092
vn -0.0612301 -0.311198 -0.94837
vn -0.11344 -0.180768 -0.976962
vn -0.11344 -0.180768 -0.976962
vn -0.0612301 -0.311198 -0.94837
vn -0.0612301 -0.311198 -0.94837
vn -0.12192 -0.335188 -0.934229
vn -0.12192 -0.335188 -0.934229
vn -0.0612301 -0.311198 -0.94837
vn -0.12192 -0.335188 -0.934229
vn -0.12192 -0.335188 -0.934229
vn -0.186584 -0.302855 -0.934594
vt 0.995324 0.945007
vt 1 0.948591
vt 0.929062 0.96641
vt 0.782239 0.988424
vt 0.782239 0.011576
vt 0.929062 0.0335897
vt 1 0.0514091
vt 0.995324 0.054993
vt 0.797923 0.996833
vt 0.774458 0.994758
vt 0.782239 0.988424
vt 0.929062 0.96641
vt 0.76867 1
vt 0.774458 0.994758
vt 0.797923 0.996833
vt 0.797923 0.00316665
vt 0.774458 0.00524149
vt 0.76867 0
vt 0.929062 0.0335897
vt 0.782239 0.011576
vt 0.774458 0.00524149
vt 0.797923 0.00316665
vt 0.880651 0.612194
vt 0.916341 0.612266
vt 0.920519 0.668055
vt 0.876118 0.668021
vt 0.876118 0.668021
vt 0.920519 0.668055
vt 0.925661 0.723833
vt 0.870496 0.723859
vt 0.870496 0.723859
vt 0.925661 0.723833
vt 0.935991 0.789943
vt 0.859233 0.79194
vt 0.859233 0.79194
vt 0.935991 0.789943
vt 0.948356 0.841145
vt 0.845533 0.845567
vt 0.845533 0.845567
vt 0.948356 0.841145
vt 0.962881 0.881107
vt 0.829286 0.89425
vt 0.829286 0.89425
vt 0.962881 0.881107
vt 0.977399 0.914846
vt 0.813029 0.937827
vt 0.813029 0.937827
vt 0.977399 0.914846
vt 0.991623 0.941066
vt 0.797612 0.966977
vt 0.995324 0.945007
vt 0.782598 0.988018
vt 0.782957 0.987612
vt 0.994055 0.943785
vt 0.782598 0.988018
vt 0.995324 0.945007
vt 0.782239 0.988424
vt 0.797612 0.966977
vt 0.991623 0.941066
vt 0.994055 0.943785
vt 0.782957 0.987612
vt 0.997039 0.924909
vt 0.778452 0.969279
vt 0.778068 0.969682
vt 0.997039 0.0750907
vt 0.778452 0.0307213
vt 0.778835 0.0311242
vt 0.996781 0.0753184
vt 0.778452 0.0307213
vt 0.997039 0.0750907
vt 0.778068 0.0303184
vt 0.782957 0.0123881
vt 0.994055 0.0562144
vt 0.991623 0.0589339
vt 0.797612 0.0330231
vt 0.995324 0.054993
vt 0.782598 0.0119821
vt 0.782239 0.011576
vt 0.994055 0.0562144
vt 0.782957 0.0123881
vt 0.782598 0.0119821
vt 0.995324 0.054993
vt 0.797612 0.0330231
vt 0.991623 0.0589339
vt 0.977399 0.0851533
vt 0.813029 0.062173
vt 0.813029 0.062173
vt 0.977399 0.0851533
vt 0.962881 0.118893
vt 0.829285 0.10575
vt 0.829285 0.10575
vt 0.962881 0.118893
vt 0.948356 0.158855
vt 0.845533 0.154433
vt 0.845533 0.154433
vt 0.948356 0.158855
vt 0.935991 0.210057
vt 0.859233 0.20806
vt 0.859233 0.20806
vt 0.935991 0.210057
vt 0.925661 0.276167
vt 0.870496 0.276141
vt 0.870496 0.276141
vt 0.925661 0.276167
vt 0.920519 0.331945
vt 0.876118 0.331979
vt 0.876118 0.331979
vt 0.920519 0.331945
vt 0.916341 0.387734
vt 0.880651 0.387806
vt 0.354055 0.0638074
vt 0.365647 0.0487982
vt 0.36593 0.0395668
vt 0.356095 0.0293435
vt 0.328164 0.0710451
vt 0.354055 0.0638074
vt 0.36593 0.0395668
vt 0.328164 0.0710451
vt 0.356095 0.0293435
vt 0.346684 0.0247862
vt 0.221773 0.0934348
vt 0.332844 0.0309708
vt 0.138993 0.122137
vt 0.221773 0.0934348
vt 0.346684 0.0247862
vt 0.332844 0.0309708
vt 0.318827 0.0544833
vt 0.0963985 0.142486
vt 0.138993 0.122137
vt 0.30768 0.0929152
vt 0.0493026 0.172944
vt 0.0963985 0.142486
vt 0.318827 0.0544833
vt 0.00480859 0.210083
vt 0.0493026 0.172944
vt 0.30768 0.0929152
vt 0.29894 0.136322
vt 0.00480859 0.210083
vt 0.29894 0.136322
vt 0.291888 0.18615
vt 0.00317333 0.23859
vt 0.00317333 0.23859
vt 0.291888 0.18615
vt 0.286856 0.236664
vt 0.00233499 0.263689
vt 0.00142755 0.298602
vt 0.00233499 0.263689
vt 0.286856 0.236664
vt 0.282712 0.281865
vt 0.00142755 0.298602
vt 0.282712 0.281865
vt 0.279826 0.338635
vt 0.000912864 0.333531
vt 0.000367004 0.371118
vt 0.27781 0.390926
vt 0.275617 0.499914
vt 0 0.499914
vt 0.000367016 0.628267
vt 0 0.499914
vt 0.275617 0.499914
vt 0.27781 0.608459
vt 0.00142757 0.700783
vt 0.000912876 0.665854
vt 0.279826 0.66075
vt 0.282712 0.71752
vt 0.00142757 0.700783
vt 0.282712 0.71752
vt 0.286856 0.762721
vt 0.00233502 0.735696
vt 0.00317337 0.760795
vt 0.00233502 0.735696
vt 0.286856 0.762721
vt 0.291888 0.813235
vt 0.00480863 0.789302
vt 0.00317337 0.760795
vt 0.291888 0.813235
vt 0.29894 0.863062
vt 0.00480863 0.789302
vt 0.29894 0.863062
vt 0.30768 0.906469
vt 0.0493026 0.826441
vt 0.30768 0.906469
vt 0.318827 0.944901
vt 0.0963985 0.856899
vt 0.0493026 0.826441
vt 0.332844 0.968414
vt 0.138993 0.877248
vt 0.0963985 0.856899
vt 0.318827 0.944901
vt 0.332844 0.968414
vt 0.346684 0.974598
vt 0.221773 0.90595
vt 0.138993 0.877248
vt 0.328164 0.92834
vt 0.221773 0.90595
vt 0.346684 0.974598
vt 0.356095 0.970041
vt 0.356095 0.970041
vt 0.36593 0.959818
vt 0.354055 0.935577
vt 0.328164 0.92834
vt 0.354055 0.935577
vt 0.36593 0.959818
vt 0.365647 0.950586
usemtl acmat_2
f 30/71/71 22/72/72 26/73/73 57/74/74
f 81/75/75 29/76/76 23/77/77 33/78/78
f 27/79/79 59/80/80 57/81/81 26/82/82
f 24/83/83 59/84/84 27/85/85
f 28/86/86 79/87/87 25/88/88
f 29/89/89 81/90/90 79/91/91 28/92/92
f 60/93/93 34/94/94 38/95/95 64/96/96
f 64/97/97 38/98/98 39/99/99 65/100/100
f 65/101/101 39/102/102 36/103/103 62/104/104
f 62/105/105 36/106/106 35/107/107 61/108/108
f 61/109/109 35/110/110 40/111/111 66/112/112
f 66/113/113 40/114/114 37/115/115 63/116/116
f 63/117/117 37/118/118 41/119/119 67/120/120
f 30/121/121 53/122/122 68/123/123 42/124/124
f 53/125/125 30/126/126 57/127/127
f 67/128/128 41/129/129 42/130/130 68/131/131
f 31/132/132 54/133/133 58/134/134
f 32/135/135 55/136/136 69/137/137 43/138/138
f 55/139/139 32/140/140 80/141/141
f 70/142/142 44/143/143 45/144/144 71/145/145
f 33/146/146 56/147/147 81/148/148
f 44/149/149 70/150/150 56/151/151 33/152/152
f 71/153/153 45/154/154 49/155/155 75/156/156
f 75/157/157 49/158/158 46/159/159 72/160/160
f 72/161/161 46/162/162 51/163/163 77/164/164
f 77/165/165 51/166/166 50/167/167 76/168/168
f 76/169/169 50/170/170 47/171/171 73/172/172
f 73/173/173 47/174/174 48/175/175 74/176/176
f 74/177/177 48/178/178 52/179/179 78/180/180
f 105/181/181 92/182/182 91/183/183
f 82/184/184 104/185/185 105/186/186 91/187/187
f 104/188/188 82/189/189 85/190/190 103/191/191
f 106/192/192 102/193/193 103/194/194 85/195/195
f 106/196/196 84/197/197 98/198/198 102/199/199
f 107/200/200 99/201/201 98/202/202 84/203/203
f 108/204/204 99/205/205 107/206/206 83/207/207
f 108/208/208 83/209/209 94/210/210 100/211/211
f 100/212/212 94/213/213 95/214/214 93/215/215
f 97/216/216 93/217/217 95/218/218 88/219/219
f 97/220/220 88/221/221 89/222/222 96/223/223
f 101/224/224 90/225/225 87/226/226 86/227/227
f 116/228/228 86/229/229 87/230/230 127/231/231
f 120/232/232 121/233/233 128/234/234 129/235/235
f 120/236/236 129/237/237 122/238/238 124/239/239
f 117/240/240 124/241/241 122/242/242 123/243/243
f 109/244/244 117/245/245 123/246/246 132/247/247
f 109/248/248 132/249/249 110/250/250 118/251/251
f 110/252/252 131/253/253 119/254/254 118/255/255
f 111/256/256 115/257/257 119/258/258 131/259/259
f 111/260/260 130/261/261 114/262/262 115/263/263
f 113/264/264 114/265/265 130/266/266 133/267/267
f 133/268/268 126/269/269 112/270/270 113/271/271
f 112/272/272 126/273/273 125/274/274
v -0.726524 -0.0311245 0.173712
v -0.697415 0.0267121 0.146173
v -1.03518 -0.130659 0.174675
v -1.09211 -0.0398285 0.135115
v -1.07292 -0.0699757 0.164368
v -1.04537 -0.114474 0.175759
v -0.647157 0.126569 -9.57289e-005
v -0.682612 0.0561233 0.127432
v -1.10945 -0.0134737 0.0814255
v -1.11203 -0.00949386 0.0608335
v -1.11391 -0.00660738 0.0406199
v -1.06059 -0.0895888 0.172316
v -1.02498 -0.146844 0.171511
v -1.01196 -0.1544 0.169523
v -0.671066 0.0808057 0.107497
v -0.660092 0.100869 0.0821128
v -0.6551 0.110787 0.0616061
v -0.651167 0.118601 0.0411037
v -0.998164 -0.153742 0.169922
v -0.756503 -0.0906901 0.187163
v -0.765584 -0.0988415 0.188418
v -1.10545 -0.0196225 0.0991354
v -1.10039 -0.0274233 0.116927
v -0.74083 -0.0595497 0.181303
v -0.712218 -0.0026992 0.162837
v -0.887504 -0.132435 0.178392
v -0.775884 -0.10448 0.187967
v -1.08271 -0.0542663 0.150947
v -0.889734 -0.119262 0.18081
v -0.889734 -0.100504 0.181287
v -0.889734 -0.075592 0.179268
v -0.889734 -0.0475286 0.174854
v -0.889734 -0.0222411 0.164707
v -0.889734 0.001511 0.152397
v -0.889734 0.0245935 0.13511
v -0.889684 0.0428851 0.116523
v -0.889734 0.0516233 0.103316
v -0.889734 0.0620219 0.0817693
v -0.889734 0.0693375 0.0612198
v -0.889724 0.0808287 -8.78089e-005
v -0.889734 0.0749704 0.0408618
v -0.956244 -0.139639 0.174952
v -0.957364 -0.133053 0.176924
v -0.964614 -0.110196 0.178554
v -0.969704 -0.0896471 0.177514
v -0.977314 -0.0631727 0.173585
v -0.983484 -0.0407224 0.164537
v -0.988374 -0.0209919 0.151672
v -0.993074 -0.0022316 0.135113
v -0.997004 0.0131167 0.116725
v -0.999374 0.0213862 0.101226
v -1.00174 0.0296601 0.0815972
v -1.00303 0.0353074 0.0610265
v -1.005 0.0440767 -8.3849e-005
v -1.00397 0.0395673 0.0407408
v -0.823114 -0.104976 0.183986
v -0.823114 -0.0886172 0.184225
v -0.815284 -0.0605908 0.180286
v -0.808124 -0.0323467 0.174283
v -0.800974 -0.0054903 0.163772
v -0.793574 0.0210914 0.149285
v -0.786174 0.0473383 0.131271
v -0.780374 0.0688252 0.11201
v -0.780394 0.0731946 0.105407
v -0.774914 0.0884253 0.081941
v -0.772414 0.0970423 0.0614131
v -0.768444 0.110679 -9.17689e-005
v -0.770444 0.103765 0.0409828
v -0.770444 0.103765 -0.0411426
v -0.772414 0.0970423 -0.0615726
v -0.774914 0.0884253 -0.0821009
v -0.780394 0.0731946 -0.105566
v -0.780374 0.0688252 -0.112169
v -0.786174 0.0473383 -0.13143
v -0.793574 0.0210914 -0.149444
v -0.800974 -0.0054903 -0.163931
v -0.808124 -0.0323467 -0.174442
v -0.815284 -0.0605908 -0.180445
v -0.823114 -0.0886172 -0.184385
v -0.823114 -0.104976 -0.184146
v -1.00397 0.0395673 -0.0409007
v -1.00303 0.0353074 -0.0611863
v -1.00174 0.0296601 -0.0817571
v -0.999374 0.0213862 -0.101385
v -0.997004 0.0131167 -0.116885
v -0.993074 -0.0022316 -0.135272
v -0.988374 -0.0209919 -0.151831
v -0.983484 -0.0407224 -0.164697
v -0.977314 -0.0631727 -0.173744
v -0.969704 -0.0896471 -0.177673
v -0.964614 -0.110196 -0.178714
v -0.957364 -0.133053 -0.177083
v -0.956244 -0.139639 -0.175111
v -0.889734 0.0749704 -0.0410216
v -0.889734 0.0693375 -0.0613796
v -0.889734 0.0620219 -0.0819288
v -0.889734 0.0516233 -0.103476
v -0.889684 0.0428851 -0.116682
v -0.889734 0.0245935 -0.135269
v -0.889734 0.001511 -0.152556
v -0.889734 -0.0222411 -0.164866
v -0.889734 -0.0475286 -0.175014
v -0.889734 -0.075592 -0.179427
v -0.889734 -0.100504 -0.181446
v -0.889734 -0.119262 -0.180969
v -1.08271 -0.0542663 -0.151106
v -0.775884 -0.10448 -0.188126
v -0.887504 -0.132435 -0.178552
v -0.712218 -0.0026992 -0.162996
v -0.74083 -0.0595497 -0.181463
v -1.10039 -0.0274233 -0.117087
v -1.10545 -0.0196225 -0.0992952
v -0.765584 -0.0988415 -0.188577
v -0.756503 -0.0906901 -0.187323
v -0.998164 -0.153742 -0.170081
v -0.651167 0.118601 -0.0412636
v -0.6551 0.110787 -0.0617659
v -0.660092 0.100869 -0.0822726
v -0.671066 0.0808057 -0.107656
v -1.01196 -0.1544 -0.169682
v -1.02498 -0.146844 -0.17167
v -1.06059 -0.0895888 -0.172475
v -1.11391 -0.00660738 -0.0407797
v -1.11203 -0.00949386 -0.060993
v -1.10945 -0.0134737 -0.0815854
v -0.682612 0.0561233 -0.127591
v -1.11596 -0.0034469 -7.98889e-005
v -1.04537 -0.114474 -0.175919
v -1.07292 -0.0699757 -0.164527
v -1.09211 -0.0398285 -0.135274
v -1.03518 -0.130659 -0.174834
v -0.697415 0.0267121 -0.146333
v -0.726524 -0.0311245 -0.173872
vn -0.215299 0.355614 0.909497
vn -0.10447 0.135313 0.98528
vn -0.0558709 -0.0343178 0.997848
vn -0.215299 0.355614 0.909497
vn -0.279671 0.442728 0.851925
vn -0.153572 0.288297 0.945146
vn -0.0165861 -0.285272 0.958303
vn -0.023956 -0.236384 0.971364
vn -0.0145282 -0.277754 0.960542
vn -0.0101477 -0.235497 0.971822
vn -0.0149757 -0.288884 0.957247
vn -0.0165861 -0.285272 0.958303
vn -0.0149757 -0.288884 0.957247
vn -0.023956 -0.236384 0.971364
vn -0.0165861 -0.285272 0.958303
vn -0.0283624 -0.17337 0.984448
vn -0.023956 -0.236384 0.971364
vn -0.0149757 -0.288884 0.957247
vn -0.0252159 -0.128314 0.991413
vn -0.0283624 -0.17337 0.984448
vn -0.0149757 -0.288884 0.957247
vn -0.0101477 -0.235497 0.971822
vn -0.023956 -0.236384 0.971364
vn -0.0283624 -0.17337 0.984448
vn -0.0345757 -0.0363531 0.998741
vn -0.0302897 -0.0808101 0.996269
vn -0.0283624 -0.17337 0.984448
vn -0.0252159 -0.128314 0.991413
vn -0.0409944 0.0206423 0.998946
vn -0.0345757 -0.0363531 0.998741
vn -0.0383605 0.103278 0.993913
vn -0.036306 0.0515979 0.998008
vn -0.0345757 -0.0363531 0.998741
vn -0.0409944 0.0206423 0.998946
vn -0.036306 0.0515979 0.998008
vn -0.0339544 0.0145623 0.999317
vn -0.0302897 -0.0808101 0.996269
vn -0.0345757 -0.0363531 0.998741
vn -0.0540388 0.261833 0.963599
vn -0.073116 0.240536 0.967882
vn -0.036306 0.0515979 0.998008
vn -0.0383605 0.103278 0.993913
vn -0.073116 0.240536 0.967882
vn -0.0862507 0.225908 0.970323
vn -0.0339544 0.0145623 0.999317
vn -0.036306 0.0515979 0.998008
vn -0.0862507 0.225908 0.970323
vn -0.073116 0.240536 0.967882
vn -0.118814 0.421116 0.899191
vn -0.148089 0.426821 0.892129
vn -0.073116 0.240536 0.967882
vn -0.0540388 0.261833 0.963599
vn -0.0800462 0.426006 0.901173
vn -0.118814 0.421116 0.899191
vn -0.148089 0.426821 0.892129
vn -0.118814 0.421116 0.899191
vn -0.163879 0.544544 0.822567
vn -0.202298 0.560695 0.80293
vn -0.118814 0.421116 0.899191
vn -0.0800462 0.426006 0.901172
vn -0.105884 0.53289 0.839533
vn -0.163879 0.544544 0.822567
vn -0.202298 0.560695 0.80293
vn -0.163879 0.544544 0.822567
vn -0.209635 0.656144 0.724934
vn -0.250777 0.662367 0.705961
vn -0.163879 0.544544 0.822567
vn -0.105884 0.53289 0.839533
vn -0.139845 0.640898 0.75478
vn -0.209635 0.656144 0.724934
vn -0.250777 0.662367 0.705961
vn -0.209635 0.656144 0.724934
vn -0.254299 0.763449 0.593698
vn -0.298722 0.765565 0.569803
vn -0.209635 0.656144 0.724934
vn -0.139845 0.640898 0.75478
vn -0.180208 0.758108 0.626736
vn -0.254299 0.763449 0.593698
vn -0.298722 0.765565 0.569803
vn -0.254299 0.763449 0.593698
vn -0.285895 0.839642 0.461807
vn -0.330696 0.833728 0.442196
vn -0.254299 0.763449 0.593698
vn -0.180208 0.758108 0.626736
vn -0.209828 0.838649 0.502633
vn -0.285895 0.839642 0.461807
vn -0.330696 0.833728 0.442196
vn -0.285895 0.839642 0.461807
vn -0.308935 0.892128 0.329648
vn -0.354777 0.881482 0.311647
vn -0.285895 0.839642 0.461807
vn -0.209828 0.838649 0.502633
vn -0.232089 0.894244 0.382703
vn -0.308935 0.892128 0.329648
vn -0.249773 0.930691 0.26726
vn -0.326582 0.919938 0.21693
vn -0.308935 0.892128 0.329648
vn -0.232089 0.894244 0.382703
vn -0.326582 0.919938 0.21693
vn -0.373 0.907531 0.193026
vn -0.354777 0.881482 0.311647
vn -0.308935 0.892128 0.329648
vn -0.261331 0.948273 0.180234
vn -0.338582 0.929729 0.144796
vn -0.326582 0.919938 0.21693
vn -0.249773 0.930691 0.26726
vn -0.338582 0.929729 0.144796
vn -0.384056 0.914379 0.128111
vn -0.373 0.907531 0.193026
vn -0.326582 0.919938 0.21693
vn -0.267129 0.96365 -0.00458835
vn -0.343941 0.938975 -0.00546862
vn -0.338582 0.929729 0.144796
vn -0.261331 0.948273 0.180234
vn -0.343941 0.938975 -0.00546862
vn -0.388925 0.921255 -0.00506408
vn -0.384056 0.914379 0.128111
vn -0.338582 0.929729 0.144796
vn -0.057604 0.0541648 0.996869
vn -0.0259189 -0.0985546 0.994794
vn -0.0385245 -0.138654 0.989591
vn -0.0259189 -0.0985546 0.994794
vn -0.0252159 -0.128314 0.991413
vn -0.0385245 -0.138654 0.989591
vn -0.0259189 -0.0985546 0.994794
vn -0.057604 0.0541648 0.996869
vn -0.0394547 0.0496027 0.997989
vn -0.0252159 -0.128314 0.991413
vn -0.0259189 -0.0985546 0.994794
vn -0.0394547 0.0496026 0.997989
vn -0.0409944 0.0206423 0.998946
vn -0.0162511 0.177967 0.983902
vn -0.0271949 0.148104 0.988598
vn -0.0394547 0.0496026 0.997989
vn -0.10447 0.135313 0.98528
vn -0.0271949 0.148104 0.988598
vn -0.0383605 0.103278 0.993913
vn -0.0409944 0.0206423 0.998946
vn -0.0394547 0.0496026 0.997989
vn -0.00300574 0.284201 0.95876
vn -0.0255264 0.276482 0.96068
vn -0.0271949 0.148104 0.988598
vn -0.0162511 0.177967 0.983902
vn -0.0255264 0.276482 0.96068
vn -0.0540388 0.261833 0.963599
vn -0.0383605 0.103278 0.993913
vn -0.0271949 0.148104 0.988598
vn -0.0540388 0.261833 0.963599
vn -0.0255264 0.276482 0.96068
vn -0.0362104 0.432239 0.901032
vn -0.0800462 0.426006 0.901173
vn -0.0255264 0.276482 0.96068
vn -0.00300574 0.284201 0.95876
vn -0.00181643 0.42706 0.904221
vn -0.0362104 0.432239 0.901032
vn -0.0800462 0.426006 0.901173
vn -0.0362104 0.432239 0.901032
vn -0.0466678 0.528509 0.847644
vn -0.105884 0.53289 0.839533
vn -0.0362104 0.432239 0.901032
vn -0.00181643 0.42706 0.904221
vn -0.00660103 0.51775 0.855507
vn -0.0466678 0.528509 0.847644
vn -0.105884 0.53289 0.839533
vn -0.0466678 0.528509 0.847644
vn -0.0662781 0.612198 0.787922
vn -0.139845 0.640898 0.75478
vn -0.0466678 0.528509 0.847644
vn -0.00660103 0.51775 0.855507
vn -0.0208674 0.590006 0.807129
vn -0.0662782 0.612198 0.787922
vn -0.139845 0.640898 0.75478
vn -0.0662782 0.612198 0.787922
vn -0.101085 0.750417 0.653189
vn -0.180208 0.758108 0.626736
vn -0.0662782 0.612198 0.787922
vn -0.0208674 0.590006 0.807129
vn -0.0597645 0.762019 0.644791
vn -0.101085 0.750417 0.653189
vn -0.101085 0.750417 0.653189
vn -0.0597645 0.762019 0.644791
vn -0.126244 0.825433 0.550203
vn -0.180208 0.758108 0.626736
vn -0.101085 0.750417 0.653189
vn -0.126244 0.825433 0.550203
vn -0.209828 0.838649 0.502633
vn -0.209828 0.838649 0.502633
vn -0.126244 0.825433 0.550203
vn -0.146917 0.878426 0.454734
vn -0.232089 0.894244 0.382703
vn -0.126244 0.825433 0.550203
vn -0.0597645 0.762019 0.644791
vn -0.0917534 0.866998 0.489791
vn -0.146917 0.878426 0.454734
vn -0.109749 0.934886 0.337555
vn -0.165131 0.934185 0.316275
vn -0.146917 0.878426 0.454734
vn -0.0917534 0.866998 0.489791
vn -0.165131 0.934185 0.316275
vn -0.249773 0.930691 0.26726
vn -0.232089 0.894244 0.382703
vn -0.146917 0.878426 0.454734
vn -0.120293 0.965669 0.230247
vn -0.175494 0.960709 0.215034
vn -0.165131 0.934185 0.316275
vn -0.109749 0.934886 0.337555
vn -0.175494 0.960709 0.215034
vn -0.261331 0.948273 0.180234
vn -0.249773 0.930691 0.26726
vn -0.165131 0.934185 0.316275
vn -0.125187 0.992122 -0.00476187
vn -0.1809 0.983493 -0.00403944
vn -0.175494 0.960709 0.215034
vn -0.120293 0.965669 0.230247
vn -0.1809 0.983493 -0.00403944
vn -0.267129 0.96365 -0.00458836
vn -0.261331 0.948273 0.180234
vn -0.175494 0.960709 0.215034
vn -0.1809 0.983493 -0.00403944
vn -0.172373 0.95855 -0.226869
vn -0.25758 0.946584 -0.193989
vn -0.267129 0.96365 -0.00458836
vn -0.125187 0.992122 -0.00476187
vn -0.116687 0.96273 -0.243998
vn -0.172373 0.95855 -0.22687
vn -0.1809 0.983493 -0.00403944
vn -0.172373 0.95855 -0.22687
vn -0.16117 0.9291 -0.332863
vn -0.24483 0.926178 -0.286797
vn -0.25758 0.946584 -0.193989
vn -0.116687 0.96273 -0.243998
vn -0.1053 0.928264 -0.356705
vn -0.16117 0.9291 -0.332863
vn -0.172373 0.95855 -0.22687
vn -0.16117 0.9291 -0.332863
vn -0.150718 0.883175 -0.444168
vn -0.232877 0.894975 -0.38051
vn -0.24483 0.926178 -0.286797
vn -0.1053 0.928264 -0.356705
vn -0.0951701 0.871506 -0.48106
vn -0.150718 0.883175 -0.444168
vn -0.16117 0.9291 -0.332863
vn -0.132712 0.836054 -0.532355
vn -0.150718 0.883175 -0.444168
vn -0.0951701 0.871506 -0.48106
vn -0.0668618 0.775673 -0.627584
vn -0.216076 0.847996 -0.483956
vn -0.232877 0.894975 -0.38051
vn -0.150718 0.883175 -0.444168
vn -0.132712 0.836054 -0.532355
vn -0.186732 0.768628 -0.611835
vn -0.216076 0.847996 -0.483956
vn -0.132712 0.836054 -0.532355
vn -0.105137 0.757101 -0.644782
vn -0.105137 0.757101 -0.644782
vn -0.132712 0.836054 -0.532355
vn -0.0668618 0.775673 -0.627584
vn -0.073254 0.625619 -0.776682
vn -0.105137 0.757101 -0.644783
vn -0.0668618 0.775673 -0.627584
vn -0.0285671 0.606764 -0.794369
vn -0.148078 0.654037 -0.741828
vn -0.186732 0.768628 -0.611835
vn -0.105137 0.757101 -0.644783
vn -0.073254 0.625619 -0.776682
vn -0.0463009 0.528083 -0.84793
vn -0.073254 0.625619 -0.776682
vn -0.0285671 0.606764 -0.794369
vn -0.00823406 0.521305 -0.853331
vn -0.111422 0.542563 -0.832593
vn -0.148078 0.654037 -0.741828
vn -0.073254 0.625619 -0.776682
vn -0.0463009 0.528083 -0.84793
vn -0.0329298 0.425836 -0.904201
vn -0.0463009 0.528083 -0.84793
vn -0.00823406 0.521305 -0.853331
vn -0.000846121 0.424776 -0.905298
vn -0.0803594 0.426729 -0.900802
vn -0.111422 0.542563 -0.832593
vn -0.0463009 0.528083 -0.84793
vn -0.0329298 0.425836 -0.904201
vn -0.0327338 0.291931 -0.955879
vn -0.0329298 0.425836 -0.904201
vn -0.000846121 0.424776 -0.905298
vn -0.00909831 0.300882 -0.953618
vn -0.0585339 0.269383 -0.961253
vn -0.0803594 0.426729 -0.900802
vn -0.0329298 0.425836 -0.904201
vn -0.0327338 0.291931 -0.955879
vn -0.0327338 0.291931 -0.955879
vn -0.0428084 0.181742 -0.982414
vn -0.0520844 0.129105 -0.990262
vn -0.0585339 0.269383 -0.961253
vn -0.00909831 0.300882 -0.953618
vn -0.0272417 0.208654 -0.97761
vn -0.0428084 0.181742 -0.982414
vn -0.0327338 0.291931 -0.955879
vn -0.0428084 0.181742 -0.982414
vn -0.0472026 0.0662731 -0.996684
vn -0.0449574 0.0268876 -0.998627
vn -0.0520844 0.129105 -0.990262
vn -0.0272417 0.208654 -0.97761
vn -0.106744 0.141734 -0.984133
vn -0.0472026 0.0662731 -0.996684
vn -0.0428084 0.181742 -0.982414
vn -0.0258981 -0.120108 -0.992423
vn -0.0449574 0.0268876 -0.998627
vn -0.0472026 0.0662731 -0.996684
vn -0.0252866 -0.0999734 -0.994669
vn -0.0252866 -0.0999734 -0.994669
vn -0.0472026 0.0662731 -0.996684
vn -0.0604816 0.0621772 -0.996231
vn -0.0252866 -0.0999734 -0.994669
vn -0.042243 -0.124699 -0.991295
vn -0.0258981 -0.120108 -0.992423
vn -0.0604816 0.0621772 -0.996231
vn -0.042243 -0.124699 -0.991295
vn -0.0252866 -0.0999734 -0.994669
vn -0.343941 0.938975 -0.00546862
vn -0.334127 0.928594 -0.161471
vn -0.379925 0.91378 -0.143746
vn -0.388925 0.921255 -0.00506408
vn -0.267129 0.96365 -0.00458836
vn -0.25758 0.946584 -0.193989
vn -0.334127 0.928594 -0.161471
vn -0.343941 0.938975 -0.00546862
vn -0.334127 0.928594 -0.161471
vn -0.320669 0.916066 -0.24082
vn -0.367468 0.904728 -0.215486
vn -0.379925 0.91378 -0.143746
vn -0.25758 0.946584 -0.193989
vn -0.24483 0.926178 -0.286797
vn -0.320669 0.916066 -0.24082
vn -0.334127 0.928594 -0.161471
vn -0.320669 0.916066 -0.240819
vn -0.306838 0.890177 -0.336802
vn -0.352956 0.880108 -0.31754
vn -0.367468 0.904728 -0.215486
vn -0.24483 0.926178 -0.286797
vn -0.232877 0.894975 -0.38051
vn -0.306838 0.890177 -0.336802
vn -0.320669 0.916066 -0.240819
vn -0.290901 0.8465 -0.445887
vn -0.306838 0.890177 -0.336802
vn -0.232877 0.894975 -0.38051
vn -0.216076 0.847996 -0.483956
vn -0.335094 0.838682 -0.429329
vn -0.352956 0.880108 -0.31754
vn -0.306838 0.890177 -0.336802
vn -0.290901 0.8465 -0.445887
vn -0.261943 0.774707 -0.575513
vn -0.290901 0.8465 -0.445887
vn -0.216076 0.847996 -0.483956
vn -0.186732 0.768628 -0.611835
vn -0.304849 0.773028 -0.556322
vn -0.335094 0.838682 -0.429329
vn -0.290901 0.8465 -0.445887
vn -0.261943 0.774707 -0.575513
vn -0.218988 0.669358 -0.709932
vn -0.261943 0.774707 -0.575513
vn -0.186732 0.768628 -0.611835
vn -0.148078 0.654037 -0.741828
vn -0.259337 0.672989 -0.692698
vn -0.304849 0.773028 -0.556322
vn -0.261943 0.774707 -0.575513
vn -0.218988 0.669358 -0.709932
vn -0.177384 0.565593 -0.805381
vn -0.218988 0.669358 -0.709932
vn -0.148078 0.654037 -0.741828
vn -0.111422 0.542563 -0.832593
vn -0.215958 0.579417 -0.7859
vn -0.259337 0.672989 -0.692698
vn -0.218988 0.669358 -0.709932
vn -0.177384 0.565593 -0.805381
vn -0.124348 0.430726 -0.893875
vn -0.177384 0.565593 -0.805381
vn -0.111422 0.542563 -0.832593
vn -0.0803594 0.426729 -0.900802
vn -0.152968 0.434198 -0.887735
vn -0.215958 0.579417 -0.7859
vn -0.177384 0.565593 -0.805381
vn -0.124348 0.430726 -0.893875
vn -0.0732846 0.240169 -0.967961
vn -0.124348 0.430726 -0.893875
vn -0.0803594 0.426729 -0.900802
vn -0.0585339 0.269383 -0.961253
vn -0.0858895 0.224317 -0.970724
vn -0.152968 0.434198 -0.887735
vn -0.124348 0.430726 -0.893875
vn -0.0732846 0.240169 -0.967961
vn -0.0732846 0.240169 -0.967961
vn -0.0503543 0.0753027 -0.995889
vn -0.0548773 0.0470379 -0.997385
vn -0.0858895 0.224317 -0.970724
vn -0.0585339 0.269383 -0.961253
vn -0.0520844 0.129105 -0.990262
vn -0.0503543 0.0753027 -0.995889
vn -0.0732846 0.240169 -0.967961
vn -0.0503543 0.0753027 -0.995889
vn -0.0349146 -0.0361673 -0.998736
vn -0.032894 -0.0755256 -0.996601
vn -0.0548773 0.0470379 -0.997385
vn -0.0520844 0.129105 -0.990262
vn -0.0449574 0.0268876 -0.998627
vn -0.0349146 -0.0361673 -0.998736
vn -0.0503543 0.0753027 -0.995889
vn -0.0224472 -0.174578 -0.984387
vn -0.0349146 -0.0361673 -0.998736
vn -0.0449574 0.0268876 -0.998627
vn -0.0258981 -0.120108 -0.992423
vn -0.0167174 -0.247009 -0.968869
vn -0.032894 -0.0755256 -0.996601
vn -0.0349146 -0.0361673 -0.998736
vn -0.0224472 -0.174578 -0.984387
vn -0.0258981 -0.120108 -0.992423
vn -0.042243 -0.124699 -0.991295
vn -0.0196245 -0.272239 -0.96203
vn -0.0224472 -0.174578 -0.984387
vn -0.0224472 -0.174578 -0.984387
vn -0.0196245 -0.272239 -0.96203
vn -0.0167174 -0.247009 -0.968869
vn -0.0196245 -0.272239 -0.96203
vn -0.0165932 -0.285255 -0.958308
vn -0.0167174 -0.247009 -0.968869
vn -0.0147949 -0.21858 -0.975707
vn -0.0165932 -0.285255 -0.958308
vn -0.0196245 -0.272239 -0.96203
vn -0.0165932 -0.285255 -0.958308
vn -0.0145291 -0.277757 -0.960541
vn -0.0167174 -0.247009 -0.968869
vn -0.215228 0.355451 -0.909578
vn -0.157 0.298252 -0.941486
vn -0.279568 0.442528 -0.852063
vn -0.215228 0.355451 -0.909578
vn -0.0483393 -0.0821368 -0.995448
vn -0.106744 0.141734 -0.984133
vt 0.725421 0.00119595
vt 0.766757 0.00332786
vt 0.487323 0.0265939
vt 0.725421 0.00119595
vt 0.747395 0
vt 0.766757 0.00332786
vt 0.251274 0.0490618
vt 0.194059 0.0448464
vt 0.221849 0.0501208
vt 0.487323 0.0265939
vt 0.340691 0.0357201
vt 0.251274 0.0490618
vt 0.340691 0.0357201
vt 0.194059 0.0448464
vt 0.251274 0.0490618
vt 0.338317 0.0304881
vt 0.194059 0.0448464
vt 0.340691 0.0357201
vt 0.482575 0.0201812
vt 0.338317 0.0304881
vt 0.340691 0.0357201
vt 0.487323 0.0265939
vt 0.194059 0.0448464
vt 0.338317 0.0304881
vt 0.322851 0.0261635
vt 0.172318 0.0364545
vt 0.338317 0.0304881
vt 0.482575 0.0201812
vt 0.482574 0.0189147
vt 0.322851 0.0261635
vt 0.482574 0.0242713
vt 0.311981 0.0289242
vt 0.322851 0.0261635
vt 0.482574 0.0189147
vt 0.311981 0.0289242
vt 0.150578 0.0335772
vt 0.172318 0.0364545
vt 0.322851 0.0261635
vt 0.482574 0.0359777
vt 0.295748 0.0393449
vt 0.311981 0.0289242
vt 0.482574 0.0242713
vt 0.295748 0.0393449
vt 0.118113 0.0427123
vt 0.150578 0.0335772
vt 0.311981 0.0289242
vt 0.118113 0.0427123
vt 0.295748 0.0393449
vt 0.282593 0.063344
vt 0.091803 0.0637932
vt 0.295748 0.0393449
vt 0.482574 0.0359777
vt 0.482574 0.0628949
vt 0.282593 0.063344
vt 0.091803 0.0637932
vt 0.282593 0.063344
vt 0.272152 0.0974711
vt 0.0709207 0.0993943
vt 0.282593 0.063344
vt 0.482574 0.0628949
vt 0.482575 0.0955478
vt 0.272152 0.0974711
vt 0.0709207 0.0993943
vt 0.272152 0.0974711
vt 0.262129 0.141396
vt 0.0508726 0.141389
vt 0.272152 0.0974711
vt 0.482575 0.0955478
vt 0.482575 0.141402
vt 0.262129 0.141396
vt 0.0508726 0.141389
vt 0.262129 0.141396
vt 0.253746 0.190169
vt 0.0332191 0.189633
vt 0.262129 0.141396
vt 0.482575 0.141402
vt 0.482665 0.190705
vt 0.253746 0.190169
vt 0.0332191 0.189633
vt 0.253746 0.190169
vt 0.248695 0.231281
vt 0.0224108 0.236826
vt 0.253746 0.190169
vt 0.482665 0.190705
vt 0.482575 0.225736
vt 0.248695 0.231281
vt 0.0224108 0.236826
vt 0.248695 0.231281
vt 0.243639 0.283347
vt 0.0138919 0.283803
vt 0.248695 0.231281
vt 0.482575 0.225736
vt 0.482576 0.282891
vt 0.243639 0.283347
vt 0.482576 0.337399
vt 0.240882 0.337912
vt 0.243639 0.283347
vt 0.482576 0.282891
vt 0.240882 0.337912
vt 0.00837814 0.338424
vt 0.0138919 0.283803
vt 0.243639 0.283347
vt 0.482576 0.3914
vt 0.238882 0.391721
vt 0.240882 0.337912
vt 0.482576 0.337399
vt 0.238882 0.391721
vt 0.0043787 0.392042
vt 0.00837814 0.338424
vt 0.240882 0.337912
vt 0.482576 0.500021
vt 0.236693 0.50001
vt 0.238882 0.391721
vt 0.482576 0.3914
vt 0.236693 0.50001
vt 0 0.500001
vt 0.0043787 0.392042
vt 0.238882 0.391721
vt 0.766757 0.00332786
vt 0.624666 0.0117546
vt 0.487323 0.0265939
vt 0.624666 0.0117546
vt 0.482575 0.0201812
vt 0.487323 0.0265939
vt 0.624666 0.0117546
vt 0.766757 0.00332786
vt 0.624665 0.0111213
vt 0.482575 0.0201812
vt 0.624666 0.0117546
vt 0.624665 0.0111213
vt 0.482574 0.0189147
vt 0.800188 0.0188713
vt 0.641381 0.0215713
vt 0.624665 0.0111213
vt 0.766757 0.00332786
vt 0.641381 0.0215713
vt 0.482574 0.0242713
vt 0.482574 0.0189147
vt 0.624665 0.0111213
vt 0.830704 0.0390078
vt 0.656639 0.0374927
vt 0.641381 0.0215713
vt 0.800188 0.0188713
vt 0.656639 0.0374927
vt 0.482574 0.0359777
vt 0.482574 0.0242713
vt 0.641381 0.0215713
vt 0.482574 0.0359777
vt 0.656639 0.0374927
vt 0.671897 0.0653752
vt 0.482574 0.0628949
vt 0.656639 0.0374927
vt 0.830704 0.0390078
vt 0.861221 0.0678555
vt 0.671897 0.0653752
vt 0.482574 0.0628949
vt 0.671897 0.0653752
vt 0.687685 0.103802
vt 0.482575 0.0955478
vt 0.671897 0.0653752
vt 0.861221 0.0678555
vt 0.892796 0.112056
vt 0.687685 0.103802
vt 0.482575 0.0955478
vt 0.687685 0.103802
vt 0.703473 0.151586
vt 0.482575 0.141402
vt 0.687685 0.103802
vt 0.892796 0.112056
vt 0.924371 0.16177
vt 0.703473 0.151586
vt 0.482575 0.141402
vt 0.703473 0.151586
vt 0.715832 0.202676
vt 0.482665 0.190705
vt 0.703473 0.151586
vt 0.924371 0.16177
vt 0.948999 0.214647
vt 0.715832 0.202676
vt 0.715832 0.202676
vt 0.948999 0.214647
vt 0.715787 0.220192
vt 0.482665 0.190705
vt 0.715832 0.202676
vt 0.715787 0.220192
vt 0.482575 0.225736
vt 0.482575 0.225736
vt 0.715787 0.220192
vt 0.727493 0.282435
vt 0.482576 0.282891
vt 0.715787 0.220192
vt 0.948999 0.214647
vt 0.972409 0.281979
vt 0.727493 0.282435
vt 0.983056 0.336374
vt 0.732816 0.336887
vt 0.727493 0.282435
vt 0.972409 0.281979
vt 0.732816 0.336887
vt 0.482576 0.337399
vt 0.482576 0.282891
vt 0.727493 0.282435
vt 0.991445 0.390758
vt 0.737011 0.391079
vt 0.732816 0.336887
vt 0.983056 0.336374
vt 0.737011 0.391079
vt 0.482576 0.3914
vt 0.482576 0.337399
vt 0.732816 0.336887
vt 1 0.500043
vt 0.741288 0.500032
vt 0.737011 0.391079
vt 0.991445 0.390758
vt 0.741288 0.500032
vt 0.482576 0.500021
vt 0.482576 0.3914
vt 0.737011 0.391079
vt 0.741288 0.500032
vt 0.737011 0.608921
vt 0.482576 0.6086
vt 0.482576 0.500021
vt 1 0.500043
vt 0.991445 0.609242
vt 0.737011 0.608921
vt 0.741288 0.500032
vt 0.737011 0.608921
vt 0.732816 0.663113
vt 0.482576 0.662601
vt 0.482576 0.6086
vt 0.991445 0.609242
vt 0.983056 0.663626
vt 0.732816 0.663113
vt 0.737011 0.608921
vt 0.732816 0.663113
vt 0.727493 0.717565
vt 0.482576 0.717109
vt 0.482576 0.662601
vt 0.983056 0.663626
vt 0.972409 0.718021
vt 0.727493 0.717565
vt 0.732816 0.663113
vt 0.715787 0.779808
vt 0.727493 0.717565
vt 0.972409 0.718021
vt 0.948999 0.785353
vt 0.482575 0.774264
vt 0.482576 0.717109
vt 0.727493 0.717565
vt 0.715787 0.779808
vt 0.482665 0.809295
vt 0.482575 0.774264
vt 0.715787 0.779808
vt 0.715832 0.797324
vt 0.715832 0.797324
vt 0.715787 0.779808
vt 0.948999 0.785353
vt 0.703473 0.848414
vt 0.715832 0.797324
vt 0.948999 0.785353
vt 0.924371 0.83823
vt 0.482575 0.858598
vt 0.482665 0.809295
vt 0.715832 0.797324
vt 0.703473 0.848414
vt 0.687685 0.896198
vt 0.703473 0.848414
vt 0.924371 0.83823
vt 0.892796 0.887944
vt 0.482575 0.904452
vt 0.482575 0.858598
vt 0.703473 0.848414
vt 0.687685 0.896198
vt 0.671898 0.934625
vt 0.687685 0.896198
vt 0.892796 0.887944
vt 0.861221 0.932145
vt 0.482574 0.937105
vt 0.482575 0.904452
vt 0.687685 0.896198
vt 0.671898 0.934625
vt 0.656639 0.962507
vt 0.671898 0.934625
vt 0.861221 0.932145
vt 0.830704 0.960992
vt 0.482574 0.964022
vt 0.482574 0.937105
vt 0.671898 0.934625
vt 0.656639 0.962507
vt 0.656639 0.962507
vt 0.641381 0.978429
vt 0.482574 0.975729
vt 0.482574 0.964022
vt 0.830704 0.960992
vt 0.800188 0.981129
vt 0.641381 0.978429
vt 0.656639 0.962507
vt 0.641381 0.978429
vt 0.624665 0.988879
vt 0.482574 0.981085
vt 0.482574 0.975729
vt 0.800188 0.981129
vt 0.766757 0.996672
vt 0.624665 0.988879
vt 0.641381 0.978429
vt 0.482575 0.979819
vt 0.482574 0.981085
vt 0.624665 0.988879
vt 0.624666 0.988246
vt 0.624666 0.988246
vt 0.624665 0.988879
vt 0.766757 0.996672
vt 0.624666 0.988246
vt 0.487323 0.973406
vt 0.482575 0.979819
vt 0.766757 0.996672
vt 0.487323 0.973406
vt 0.624666 0.988246
vt 0.236693 0.50001
vt 0.238882 0.608279
vt 0.0043787 0.607958
vt 0 0.500001
vt 0.482576 0.500021
vt 0.482576 0.6086
vt 0.238882 0.608279
vt 0.236693 0.50001
vt 0.238882 0.608279
vt 0.240882 0.662088
vt 0.00837814 0.661576
vt 0.0043787 0.607958
vt 0.482576 0.6086
vt 0.482576 0.662601
vt 0.240882 0.662088
vt 0.238882 0.608279
vt 0.240882 0.662088
vt 0.243639 0.716653
vt 0.0138919 0.716198
vt 0.00837814 0.661576
vt 0.482576 0.662601
vt 0.482576 0.717109
vt 0.243639 0.716653
vt 0.240882 0.662088
vt 0.248696 0.768719
vt 0.243639 0.716653
vt 0.482576 0.717109
vt 0.482575 0.774264
vt 0.0224109 0.763174
vt 0.0138919 0.716198
vt 0.243639 0.716653
vt 0.248696 0.768719
vt 0.253746 0.809831
vt 0.248696 0.768719
vt 0.482575 0.774264
vt 0.482665 0.809295
vt 0.0332192 0.810367
vt 0.0224109 0.763174
vt 0.248696 0.768719
vt 0.253746 0.809831
vt 0.262129 0.858604
vt 0.253746 0.809831
vt 0.482665 0.809295
vt 0.482575 0.858598
vt 0.0508726 0.858611
vt 0.0332192 0.810367
vt 0.253746 0.809831
vt 0.262129 0.858604
vt 0.272152 0.902529
vt 0.262129 0.858604
vt 0.482575 0.858598
vt 0.482575 0.904452
vt 0.0709207 0.900606
vt 0.0508726 0.858611
vt 0.262129 0.858604
vt 0.272152 0.902529
vt 0.282593 0.936656
vt 0.272152 0.902529
vt 0.482575 0.904452
vt 0.482574 0.937105
vt 0.0918031 0.936207
vt 0.0709207 0.900606
vt 0.272152 0.902529
vt 0.282593 0.936656
vt 0.295749 0.960655
vt 0.282593 0.936656
vt 0.482574 0.937105
vt 0.482574 0.964022
vt 0.118114 0.957288
vt 0.0918031 0.936207
vt 0.282593 0.936656
vt 0.295749 0.960655
vt 0.295749 0.960655
vt 0.311981 0.971076
vt 0.150578 0.966423
vt 0.118114 0.957288
vt 0.482574 0.964022
vt 0.482574 0.975729
vt 0.311981 0.971076
vt 0.295749 0.960655
vt 0.311981 0.971076
vt 0.322851 0.973837
vt 0.172319 0.963546
vt 0.150578 0.966423
vt 0.482574 0.975729
vt 0.482574 0.981085
vt 0.322851 0.973837
vt 0.311981 0.971076
vt 0.338317 0.969512
vt 0.322851 0.973837
vt 0.482574 0.981085
vt 0.482575 0.979819
vt 0.194059 0.955154
vt 0.172319 0.963546
vt 0.322851 0.973837
vt 0.338317 0.969512
vt 0.482575 0.979819
vt 0.487323 0.973406
vt 0.340691 0.96428
vt 0.338317 0.969512
vt 0.338317 0.969512
vt 0.340691 0.96428
vt 0.194059 0.955154
vt 0.340691 0.96428
vt 0.251274 0.950938
vt 0.194059 0.955154
vt 0.487323 0.973406
vt 0.251274 0.950938
vt 0.340691 0.96428
vt 0.251274 0.950938
vt 0.221849 0.949879
vt 0.194059 0.955154
vt 0.725421 0.998804
vt 0.766757 0.996672
vt 0.747395 1
vt 0.725421 0.998804
vt 0.487323 0.973406
vt 0.766757 0.996672
f 160/275/275 153/276/276 159/277/277
f 160/278/278 154/279/279 153/280/280
f 152/281/281 146/282/282 147/283/283
f 159/284/284 175/285/285 152/286/286
f 175/287/287 146/288/288 152/289/289
f 176/290/290 146/291/291 175/292/292
f 162/293/293 176/294/294 175/295/295 159/296/296
f 146/297/297 176/298/298 177/299/299 136/300/300
f 176/301/301 162/302/302 163/303/303 177/304/304
f 164/305/305 178/306/306 177/307/307 163/308/308
f 178/309/309 139/310/310 136/311/311 177/312/312
f 165/313/313 179/314/314 178/315/315 164/316/316
f 179/317/317 145/318/318 139/319/319 178/320/320
f 145/321/321 179/322/322 180/323/323 138/324/324
f 179/325/325 165/326/326 166/327/327 180/328/328
f 138/329/329 180/330/330 181/331/331 161/332/332
f 180/333/333 166/334/334 167/335/335 181/336/336
f 161/337/337 181/338/338 182/339/339 137/340/340
f 181/341/341 167/342/342 168/343/343 182/344/344
f 137/345/345 182/346/346 183/347/347 156/348/348
f 182/349/349 168/350/350 169/351/351 183/352/352
f 156/353/353 183/354/354 184/355/355 155/356/356
f 183/357/357 169/358/358 170/359/359 184/360/360
f 155/361/361 184/362/362 185/363/363 142/364/364
f 184/365/365 170/366/366 171/367/367 185/368/368
f 172/369/369 186/370/370 185/371/371 171/372/372
f 186/373/373 143/374/374 142/375/375 185/376/376
f 174/377/377 188/378/378 186/379/379 172/380/380
f 188/381/381 144/382/382 143/383/383 186/384/384
f 173/385/385 187/386/386 188/387/387 174/388/388
f 187/389/389 260/390/390 144/391/391 188/392/392
f 153/393/393 189/394/394 159/395/395
f 189/396/396 162/397/397 159/398/398
f 189/399/399 153/400/400 190/401/401
f 162/402/402 189/403/403 190/404/404 163/405/405
f 157/406/406 191/407/407 190/408/408 153/409/409
f 191/410/410 164/411/411 163/412/412 190/413/413
f 134/414/414 192/415/415 191/416/416 157/417/417
f 192/418/418 165/419/419 164/420/420 191/421/421
f 165/422/422 192/423/423 193/424/424 166/425/425
f 192/426/426 134/427/427 158/428/428 193/429/429
f 166/430/430 193/431/431 194/432/432 167/433/433
f 193/434/434 158/435/435 135/436/436 194/437/437
f 167/438/438 194/439/439 195/440/440 168/441/441
f 194/442/442 135/443/443 141/444/444 195/445/445
f 168/446/446 195/447/447 196/448/448 169/449/449
f 195/450/450 141/451/451 148/452/452 196/453/453
f 196/454/454 148/455/455 197/456/456
f 169/457/457 196/458/458 197/459/459 170/460/460
f 170/461/461 197/462/462 198/463/463 171/464/464
f 197/465/465 148/466/466 149/467/467 198/468/468
f 150/469/469 199/470/470 198/471/471 149/472/472
f 199/473/473 172/474/474 171/475/475 198/476/476
f 151/477/477 201/478/478 199/479/479 150/480/480
f 201/481/481 174/482/482 172/483/483 199/484/484
f 140/485/485 200/486/486 201/487/487 151/488/488
f 200/489/489 173/490/490 174/491/491 201/492/492
f 200/493/493 202/494/494 227/495/495 173/496/496
f 140/497/497 249/498/498 202/499/499 200/500/500
f 202/501/501 203/502/502 228/503/503 227/504/504
f 249/505/505 250/506/506 203/507/507 202/508/508
f 203/509/509 204/510/510 229/511/511 228/512/512
f 250/513/513 251/514/514 204/515/515 203/516/516
f 205/517/517 204/518/518 251/519/519 252/520/520
f 230/521/521 229/522/522 204/523/523 205/524/524
f 231/525/525 230/526/526 205/527/527 206/528/528
f 206/529/529 205/530/530 252/531/531
f 207/532/532 206/533/533 252/534/534 259/535/535
f 232/536/536 231/537/537 206/538/538 207/539/539
f 208/540/540 207/541/541 259/542/542 265/543/543
f 233/544/544 232/545/545 207/546/546 208/547/547
f 209/548/548 208/549/549 265/550/550 242/551/551
f 234/552/552 233/553/553 208/554/554 209/555/555
f 210/556/556 209/557/557 242/558/558 266/559/559
f 235/560/560 234/561/561 209/562/562 210/563/563
f 210/564/564 211/565/565 236/566/566 235/567/567
f 266/568/568 243/569/569 211/570/570 210/571/571
f 211/572/572 212/573/573 237/574/574 236/575/575
f 243/576/576 247/577/577 212/578/578 211/579/579
f 238/580/580 237/581/581 212/582/582 213/583/583
f 213/584/584 212/585/585 247/586/586
f 213/587/587 241/588/588 238/589/589
f 247/590/590 241/591/591 213/592/592
f 187/593/593 214/594/594 256/595/595 260/596/596
f 173/597/597 227/598/598 214/599/599 187/600/600
f 214/601/601 215/602/602 257/603/603 256/604/604
f 227/605/605 228/606/606 215/607/607 214/608/608
f 215/609/609 216/610/610 258/611/611 257/612/612
f 228/613/613 229/614/614 216/615/615 215/616/616
f 217/617/617 216/618/618 229/619/619 230/620/620
f 245/621/621 258/622/622 216/623/623 217/624/624
f 218/625/625 217/626/626 230/627/627 231/628/628
f 244/629/629 245/630/630 217/631/631 218/632/632
f 219/633/633 218/634/634 231/635/635 232/636/636
f 263/637/637 244/638/638 218/639/639 219/640/640
f 220/641/641 219/642/642 232/643/643 233/644/644
f 239/645/645 263/646/646 219/647/647 220/648/648
f 221/649/649 220/650/650 233/651/651 234/652/652
f 262/653/653 239/654/654 220/655/655 221/656/656
f 222/657/657 221/658/658 234/659/659 235/660/660
f 255/661/661 262/662/662 221/663/663 222/664/664
f 222/665/665 223/666/666 261/667/667 255/668/668
f 235/669/669 236/670/670 223/671/671 222/672/672
f 223/673/673 224/674/674 264/675/675 261/676/676
f 236/677/677 237/678/678 224/679/679 223/680/680
f 225/681/681 224/682/682 237/683/683 238/684/684
f 254/685/685 264/686/686 224/687/687 225/688/688
f 238/689/689 241/690/690 226/691/691 225/692/692
f 225/693/693 226/694/694 254/695/695
f 226/696/696 248/697/697 254/698/698
f 241/699/699 248/700/700 226/701/701
f 248/702/702 253/703/703 254/704/704
f 240/705/705 247/706/706 246/707/707
f 240/708/708 241/709/709 247/710/710
v -0.496288 0.0327356 0.137987
v -0.546625 0.133052 -9.9689e-005
v -0.120577 0.131784 -0.000123089
v -0.166486 0.0296446 0.11822
v -0.2808 0.0072803 0.133427
v -0.472963 -0.0137476 0.153363
v -0.457506 -0.0214113 0.154787
v -0.441141 -0.0206449 0.15449
v -0.157633 0.0390734 0.113816
v -0.149777 0.0587283 0.105286
v -0.17743 0.0252832 0.120679
v -0.510465 0.0609895 0.124369
v -0.521723 0.0851673 0.10589
v -0.532858 0.105615 0.0820879
v -0.538012 0.115886 0.0616435
v -0.542289 0.124411 0.0411944
v -0.139682 0.0839853 0.0946181
v -0.126395 0.117229 0.0618314
v -0.129972 0.108277 0.0819684
v -0.124382 0.122265 0.0416956
v -0.48211 0.0044817 0.149527
v -0.319724 0.0110906 0.135792
v -0.319767 0.0249196 0.131671
v -0.319767 0.048874 0.121636
v -0.319767 0.0756292 0.109493
v -0.319767 0.0877183 0.100254
v -0.319767 0.110088 0.0820282
v -0.319767 0.119699 0.0617375
v -0.319767 0.12648 0.041445
v -0.319767 0.13556 -0.000111569
v -0.319767 0.12648 -0.0413834
v -0.319767 0.119699 -0.0616759
v -0.319767 0.110088 -0.0819666
v -0.319767 0.0877183 -0.100192
v -0.319767 0.0756292 -0.109432
v -0.319767 0.048874 -0.121574
v -0.319767 0.0249196 -0.131609
v -0.319724 0.0110906 -0.13573
v -0.48211 0.0044817 -0.149464
v -0.124382 0.122265 -0.0416336
v -0.129972 0.108277 -0.0819065
v -0.126395 0.117229 -0.0617699
v -0.139682 0.0839853 -0.0945565
v -0.542289 0.124411 -0.0411329
v -0.538012 0.115886 -0.061582
v -0.532858 0.105615 -0.0820264
v -0.521723 0.0851673 -0.105828
v -0.510465 0.0609895 -0.124307
v -0.17743 0.0252832 -0.120617
v -0.149777 0.0587283 -0.105224
v -0.157633 0.0390734 -0.113753
v -0.441141 -0.0206449 -0.154427
v -0.457506 -0.0214113 -0.154725
v -0.472963 -0.0137476 -0.153301
v -0.2808 0.0072803 -0.133365
v -0.166486 0.0296446 -0.118158
v -0.496288 0.0327356 -0.137925
vn 0.0305979 0.297111 0.954353
vn 0.0638806 0.31248 0.947774
vn 0.0517982 0.270654 0.961282
vn 0.0406458 0.411388 0.910554
vn 0.0629783 0.341328 0.937832
vn 0.0638806 0.31248 0.947774
vn 0.0305979 0.297111 0.954353
vn 0.0517982 0.270654 0.961282
vn 0.00845818 0.199144 0.979934
vn 0.0629783 0.341328 0.937832
vn 0.0734716 0.274824 0.958683
vn 0.0638806 0.31248 0.947774
vn 0.0734716 0.274824 0.958683
vn 0.0517982 0.270654 0.961282
vn 0.0638806 0.31248 0.947774
vn 0.0517982 0.270654 0.961282
vn 0.0734716 0.274824 0.958683
vn 0.0621454 0.360547 0.930669
vn 0.058019 0.342607 0.937685
vn 0.0734716 0.274824 0.958683
vn 0.0629783 0.341328 0.937832
vn 0.0662403 0.378314 0.923304
vn 0.0621454 0.360547 0.930669
vn 0.0653192 0.376067 0.924287
vn 0.0557071 0.391034 0.918689
vn 0.0621454 0.360547 0.930669
vn 0.0662403 0.378314 0.923304
vn 0.0557071 0.391034 0.918689
vn 0.0460758 0.405865 0.912771
vn 0.058019 0.342607 0.937685
vn 0.0621454 0.360547 0.930669
vn 0.0460758 0.405865 0.912771
vn 0.0557071 0.391034 0.918689
vn 0.0400336 0.502467 0.863669
vn 0.0290268 0.513362 0.857681
vn 0.0557071 0.391034 0.918689
vn 0.0653192 0.376067 0.924287
vn 0.0412477 0.54017 0.840544
vn 0.0400336 0.502467 0.863669
vn 0.0400336 0.502467 0.863669
vn 0.0412477 0.54017 0.840544
vn 0.0175371 0.653256 0.756934
vn 0.0290268 0.513362 0.857681
vn 0.0400336 0.502467 0.863669
vn 0.0175371 0.653256 0.756934
vn 0.00555754 0.686094 0.727492
vn 0.0161267 0.786983 0.616764
vn 0.00265149 0.809686 0.586857
vn 0.0175371 0.653256 0.756934
vn 0.0412477 0.54017 0.840544
vn 0.00265149 0.809686 0.586857
vn -0.0105927 0.830738 0.556562
vn 0.00555754 0.686094 0.727492
vn 0.0175371 0.653256 0.756934
vn 0.0130661 0.927681 0.373145
vn -0.000923268 0.91794 0.396717
vn 0.00265149 0.809686 0.586857
vn 0.0161267 0.786983 0.616764
vn -0.000923268 0.91794 0.396717
vn -0.0148957 0.907435 0.419928
vn -0.0105927 0.830738 0.556562
vn 0.00265149 0.809686 0.586857
vn 0.0178651 0.963934 0.265541
vn 0.00325959 0.959499 0.281694
vn -0.000923268 0.91794 0.396717
vn 0.0130661 0.927681 0.373145
vn 0.00325959 0.959499 0.281694
vn -0.0113926 0.954574 0.297757
vn -0.0148957 0.907435 0.419928
vn -0.000923268 0.91794 0.396717
vn 0.0206968 0.99978 -0.0034061
vn 0.00537548 0.999981 -0.00301272
vn 0.00325959 0.959499 0.281694
vn 0.0178651 0.963934 0.265541
vn 0.00537548 0.999981 -0.00301272
vn -0.00991864 0.999947 -0.00261936
vn -0.0113926 0.954574 0.297757
vn 0.00325959 0.959499 0.281694
vn 0.00537548 0.999981 -0.00301271
vn 0.00176767 0.963746 -0.266816
vn -0.0129461 0.959082 -0.282831
vn -0.00991864 0.999947 -0.00261936
vn 0.0206968 0.99978 -0.0034061
vn 0.0164474 0.967924 -0.250706
vn 0.00176767 0.963746 -0.266816
vn 0.00537548 0.999981 -0.00301271
vn 0.00176767 0.963746 -0.266816
vn -0.00358106 0.927414 -0.37402
vn -0.0176261 0.917538 -0.397257
vn -0.0129461 0.959082 -0.282831
vn 0.0164474 0.967924 -0.250706
vn 0.0104887 0.936528 -0.350436
vn -0.00358106 0.927414 -0.37402
vn 0.00176767 0.963746 -0.266816
vn -0.00358106 0.927414 -0.37402
vn 0.000369083 0.847527 -0.530753
vn -0.00390985 0.811282 -0.584641
vn -0.0176261 0.917538 -0.397257
vn 0.0104887 0.936528 -0.350436
vn 0.00880059 0.908446 -0.41791
vn 0.000369083 0.847527 -0.530753
vn -0.00358106 0.927414 -0.37402
vn 0.0099261 0.785279 -0.619062
vn 0.0251538 0.617819 -0.785918
vn 0.0127305 0.657176 -0.75363
vn -0.00390985 0.811282 -0.584641
vn 0.03751 0.545993 -0.83695
vn 0.0444533 0.517635 -0.854446
vn 0.0251538 0.617819 -0.785918
vn 0.0243835 0.627136 -0.778528
vn 0.0259292 0.523724 -0.851494
vn 0.0127305 0.657176 -0.75363
vn 0.0251538 0.617819 -0.785918
vn 0.0369232 0.513499 -0.857296
vn 0.0369232 0.513499 -0.857296
vn 0.0251538 0.617819 -0.785918
vn 0.0444533 0.517635 -0.854446
vn 0.0536858 0.39931 -0.915243
vn 0.0369232 0.513499 -0.857296
vn 0.0444533 0.517635 -0.854446
vn 0.0630364 0.385937 -0.920369
vn 0.0443174 0.41257 -0.909847
vn 0.0259292 0.523724 -0.851494
vn 0.0369232 0.513499 -0.857296
vn 0.0536858 0.39931 -0.915243
vn 0.0536858 0.39931 -0.915243
vn 0.06745 0.338339 -0.938604
vn 0.0624646 0.327474 -0.942793
vn 0.0443174 0.41257 -0.909847
vn 0.0630364 0.385937 -0.920369
vn 0.0724147 0.349128 -0.934273
vn 0.06745 0.338339 -0.938604
vn 0.0536858 0.39931 -0.915243
vn 0.0777675 0.254787 -0.963865
vn 0.06745 0.338339 -0.938604
vn 0.0724147 0.349128 -0.934273
vn 0.0665759 0.323355 -0.943933
vn 0.0535039 0.264344 -0.962943
vn 0.0624646 0.327474 -0.942793
vn 0.06745 0.338339 -0.938604
vn 0.0777675 0.254787 -0.963865
vn 0.0777675 0.254787 -0.963865
vn 0.0638834 0.31246 -0.94778
vn 0.0535039 0.264344 -0.962943
vn 0.0665759 0.323355 -0.943933
vn 0.0638834 0.31246 -0.94778
vn 0.0777675 0.254787 -0.963865
vn 0.0306304 0.297122 -0.954348
vn 0.00851188 0.199247 -0.979912
vn 0.0535039 0.264344 -0.962943
vn 0.0406464 0.411386 -0.910555
vn 0.0638834 0.31246 -0.94778
vn 0.0665759 0.323355 -0.943933
vn 0.0306304 0.297122 -0.954348
vn 0.0535039 0.264344 -0.962943
vn 0.0638834 0.31246 -0.94778
vt 0.247588 0.000962299
vt 0.623933 0.0690121
vt 0.172897 0.00460105
vt 0.866558 0.110199
vt 0.892246 0.118144
vt 0.623933 0.0690121
vt 0.247588 0.000962299
vt 0.172897 0.00460105
vt 0.209176 0
vt 0.892246 0.118144
vt 0.532572 0.0613725
vt 0.623933 0.0690121
vt 0.532572 0.0613725
vt 0.172897 0.00460105
vt 0.623933 0.0690121
vt 0.172897 0.00460105
vt 0.532572 0.0613725
vt 0.532472 0.0746858
vt 0.151427 0.0169966
vt 0.532572 0.0613725
vt 0.892246 0.118144
vt 0.913025 0.132375
vt 0.532472 0.0746858
vt 0.931464 0.159933
vt 0.532471 0.107107
vt 0.532472 0.0746858
vt 0.913025 0.132375
vt 0.532471 0.107107
vt 0.11815 0.0542801
vt 0.151427 0.0169966
vt 0.532472 0.0746858
vt 0.11815 0.0542801
vt 0.532471 0.107107
vt 0.532471 0.146339
vt 0.0848737 0.0982781
vt 0.532471 0.107107
vt 0.931464 0.159933
vt 0.955158 0.194399
vt 0.532471 0.146339
vt 0.532471 0.146339
vt 0.955158 0.194399
vt 0.532471 0.176191
vt 0.0848737 0.0982781
vt 0.532471 0.146339
vt 0.532471 0.176191
vt 0.0584497 0.157982
vt 0.977948 0.235269
vt 0.532471 0.235076
vt 0.532471 0.176191
vt 0.955158 0.194399
vt 0.532471 0.235076
vt 0.0323146 0.234882
vt 0.0584497 0.157982
vt 0.532471 0.176191
vt 0.986346 0.300329
vt 0.532471 0.300632
vt 0.532471 0.235076
vt 0.977948 0.235269
vt 0.532471 0.300632
vt 0.0202177 0.300936
vt 0.0323146 0.234882
vt 0.532471 0.235076
vt 0.991071 0.365386
vt 0.532471 0.366195
vt 0.532471 0.300632
vt 0.986346 0.300329
vt 0.532471 0.366195
vt 0.0101766 0.367005
vt 0.0202177 0.300936
vt 0.532471 0.300632
vt 1 0.500498
vt 0.532471 0.50046
vt 0.532471 0.366195
vt 0.991071 0.365386
vt 0.532471 0.50046
vt 0 0.500422
vt 0.0101766 0.367005
vt 0.532471 0.366195
vt 0.532471 0.50046
vt 0.532471 0.633805
vt 0.0101766 0.632995
vt 0 0.500422
vt 1 0.500498
vt 0.991071 0.634614
vt 0.532471 0.633805
vt 0.532471 0.50046
vt 0.532471 0.633805
vt 0.532471 0.699368
vt 0.0202177 0.699064
vt 0.0101766 0.632995
vt 0.991071 0.634614
vt 0.986346 0.699671
vt 0.532471 0.699368
vt 0.532471 0.633805
vt 0.532471 0.699368
vt 0.532471 0.764924
vt 0.0323146 0.765118
vt 0.0202177 0.699064
vt 0.986346 0.699671
vt 0.977948 0.764731
vt 0.532471 0.764924
vt 0.532471 0.699368
vt 0.532471 0.764924
vt 0.532471 0.823809
vt 0.0584498 0.842018
vt 0.0323146 0.765118
vt 0.977948 0.764731
vt 0.955158 0.805601
vt 0.532471 0.823809
vt 0.532471 0.764924
vt 0.0848738 0.901722
vt 0.0584498 0.842018
vt 0.532471 0.823809
vt 0.532471 0.853661
vt 0.532471 0.853661
vt 0.532471 0.823809
vt 0.955158 0.805601
vt 0.532472 0.892893
vt 0.532471 0.853661
vt 0.955158 0.805601
vt 0.931464 0.840066
vt 0.11815 0.94572
vt 0.0848738 0.901722
vt 0.532471 0.853661
vt 0.532472 0.892893
vt 0.532472 0.892893
vt 0.532472 0.925314
vt 0.151427 0.983003
vt 0.11815 0.94572
vt 0.931464 0.840066
vt 0.913025 0.867625
vt 0.532472 0.925314
vt 0.532472 0.892893
vt 0.532572 0.938627
vt 0.532472 0.925314
vt 0.913025 0.867625
vt 0.892246 0.881856
vt 0.172897 0.995399
vt 0.151427 0.983003
vt 0.532472 0.925314
vt 0.532572 0.938627
vt 0.532572 0.938627
vt 0.623933 0.930988
vt 0.172897 0.995399
vt 0.892246 0.881856
vt 0.623933 0.930988
vt 0.532572 0.938627
vt 0.247588 0.999038
vt 0.209176 1
vt 0.172897 0.995399
vt 0.866558 0.889801
vt 0.623933 0.930988
vt 0.892246 0.881856
vt 0.247588 0.999038
vt 0.172897 0.995399
vt 0.623933 0.930988
f 274/711/711 271/712/712 272/713/713
f 277/714/714 270/715/715 271/716/716
f 274/717/717 272/718/718 273/719/719
f 270/720/720 288/721/721 271/722/722
f 288/723/723 272/724/724 271/725/725
f 272/726/726 288/727/727 289/728/728 287/729/729
f 288/730/730 270/731/731 275/732/732 289/733/733
f 276/734/734 290/735/735 289/736/736 275/737/737
f 290/738/738 267/739/739 287/740/740 289/741/741
f 267/742/742 290/743/743 291/744/744 278/745/745
f 290/746/746 276/747/747 283/748/748 291/749/749
f 291/750/750 283/751/751 292/752/752
f 278/753/753 291/754/754 292/755/755 279/756/756
f 285/757/757 293/758/758 292/759/759 283/760/760
f 293/761/761 280/762/762 279/763/763 292/764/764
f 284/765/765 294/766/766 293/767/767 285/768/768
f 294/769/769 281/770/770 280/771/771 293/772/772
f 286/773/773 295/774/774 294/775/775 284/776/776
f 295/777/777 282/778/778 281/779/779 294/780/780
f 269/781/781 296/782/782 295/783/783 286/784/784
f 296/785/785 268/786/786 282/787/787 295/788/788
f 296/789/789 297/790/790 310/791/791 268/792/792
f 269/793/793 306/794/794 297/795/795 296/796/796
f 297/797/797 298/798/798 311/799/799 310/800/800
f 306/801/801 308/802/802 298/803/803 297/804/804
f 298/805/805 299/806/806 312/807/807 311/808/808
f 308/809/809 307/810/810 299/811/811 298/812/812
f 299/813/813 300/814/814 313/815/815 312/816/816
f 307/817/817 309/818/818 300/819/819 299/820/820
f 314/821/821 313/822/822 300/823/823 301/824/824
f 301/825/825 300/826/826 309/827/827
f 302/828/828 301/829/829 309/830/830 316/831/831
f 323/832/832 314/833/833 301/834/834 302/835/835
f 302/836/836 303/837/837 305/838/838 323/839/839
f 316/840/840 317/841/841 303/842/842 302/843/843
f 304/844/844 303/845/845 317/846/846 322/847/847
f 320/848/848 305/849/849 303/850/850 304/851/851
f 304/852/852 321/853/853 320/854/854
f 322/855/855 321/856/856 304/857/857
f 318/858/858 319/859/859 320/860/860
f 315/861/861 321/862/862 322/863/863
f 318/864/864 320/865/865 321/866/866
v 1.76542 -0.0144033 -0.825322
v 1.68448 -0.0106617 -0.825283
v 1.68442 -0.0167765 -0.825261
v 1.57775 -0.0142066 -0.0479365
v 1.57775 0.000239351 -0.0479367
v 1.76825 -0.00531101 -0.0815266
v 1.76542 -0.0144033 0.825322
v 1.68448 -0.0106617 0.825283
v 1.68442 -0.0167765 0.825261
v 1.57775 -0.0142066 0.0479365
v 1.57775 0.000239351 0.0479367
v 1.76825 -0.00531101 0.0815266
vn 0.173647 1.37138e-005 0.984808
vn 0.173647 1.37138e-005 0.984808
vn 0.173647 1.37138e-005 0.984808
vn 0.0461704 0.998884 -0.00997535
vn 0.0461704 0.998884 -0.00997535
vn 0.0461704 0.998884 -0.00997535
vn 0.0461704 0.998884 -0.00997535
vn -0.990657 0.00922508 -0.136061
vn -0.990657 0.00922508 -0.136061
vn -0.990657 0.00922508 -0.136061
vn -0.990657 0.00922508 -0.136061
vn 0.0292921 -0.999524 0.00966284
vn 0.0292921 -0.999524 0.00966284
vn 0.0292921 -0.999524 0.00966284
vn 0.0292921 -0.999524 0.00966284
vn -0.000647583 -0.00359049 -0.999993
vn -0.000647583 -0.00359049 -0.999993
vn -0.000647583 -0.00359049 -0.999993
vn 0.173647 1.37138e-005 -0.984808
vn 0.173647 1.37138e-005 -0.984808
vn 0.173647 1.37138e-005 -0.984808
vn 0.0461704 0.998884 0.00997535
vn 0.0461704 0.998884 0.00997535
vn 0.0461704 0.998884 0.00997535
vn 0.0461704 0.998884 0.00997535
vn -0.990657 0.00922508 0.136061
vn -0.990657 0.00922508 0.136061
vn -0.990657 0.00922508 0.136061
vn -0.990657 0.00922508 0.136061
vn 0.0292921 -0.999524 -0.00966284
vn 0.0292921 -0.999524 -0.00966284
vn 0.0292921 -0.999524 -0.00966284
vn 0.0292921 -0.999524 -0.00966284
vn -0.000647583 -0.00359049 0.999993
vn -0.000647583 -0.00359049 0.999993
vn -0.000647583 -0.00359049 0.999993
vt 0.40576 0.583573
vt 0.694601 0.362036
vt 0.675908 0.351248
vt 0.675908 0.351248
vt 0.451135 0.552937
vt 0 0
vt 0.652568 0.46277
vt 0.40576 0.583573
vt 0 0
vt 0 0
vt 0.4643 0.53421
vt 0.694601 0.362036
vt 0 0
vt 0.451135 0.552937
vt 0.675908 0.351248
vt 0.451135 0.552937
vt 0.468338 0
vt 0.423997 0
vt 0.675908 0.351248
vt 0.694601 0.362036
vt 0.40576 0.583573
vt 0.652568 0.46277
vt 0 0
vt 0.451135 0.552937
vt 0.675908 0.351248
vt 0.4643 0.53421
vt 0 0
vt 0 0
vt 0.40576 0.583573
vt 0.675908 0.351248
vt 0.451135 0.552937
vt 0 0
vt 0.694601 0.362036
vt 0.423997 0
vt 0.468338 0
vt 0.451135 0.552937
usemtl acmat_0
f 328/867/867 327/868/868 329/869/869
f 329/870/870 324/871/871 325/872/872 328/873/873
f 328/874/874 325/875/875 326/876/876 327/877/877
f 327/878/878 326/879/879 324/880/880 329/881/881
f 324/882/882 326/883/883 325/884/884
f 335/885/885 333/886/886 334/887/887
f 334/888/888 331/889/889 330/890/890 335/891/891
f 333/892/892 332/893/893 331/894/894 334/895/895
f 335/896/896 330/897/897 332/898/898 333/899/899
f 331/900/900 332/901/901 330/902/902
v -0.61755 0.112947 -0.0394556
v -0.70075 -0.0564454 -0.179087
v -0.704427 -0.0639313 -0.172212
v -0.707969 -0.0711424 -0.18156
v -0.644937 0.0571882 -0.126821
v -0.621552 0.1048 -0.0590774
v -0.663059 0.0202933 -0.139179
v -0.582143 0.122284 -0.0412214
v -0.553751 0.0597658 -0.125198
v -0.527995 0.00305 -0.15224
v -0.573878 0.104085 -0.082156
v -0.550412 0.0524125 -0.120202
v -0.575121 0.106822 -0.0590915
v -0.537533 0.0240524 -0.134243
v -0.507952 -0.0396903 -0.164621
v -0.508807 -0.0398879 -0.156683
v -0.508807 -0.0398876 0.156623
v -0.507952 -0.0396903 0.164562
v -0.713102 -0.0870328 -0.183484
v -0.712938 -0.086995 -0.175339
v -0.712938 -0.0869947 0.17528
v -0.713102 -0.0870328 0.183424
v -0.570862 -0.054208 -0.171159
v -0.606564 -0.062447 -0.1664
v -0.687159 -0.081046 -0.182322
v -0.694772 -0.0828028 -0.174542
v -0.694772 -0.0828028 0.174482
v -0.687159 -0.081046 0.182262
v -0.606564 -0.062447 0.166341
v -0.570862 -0.054208 0.1711
v -0.512098 -0.0319539 -0.163306
v -0.510577 -0.0353037 -0.155932
v -0.510577 -0.0353037 0.155873
v -0.512098 -0.0319539 0.163247
v -0.564716 0.0839113 -0.106412
v -0.578437 0.114125 -0.0616907
v -0.52466 -0.004294 -0.146026
v -0.570552 0.0967613 -0.0786928
v -0.561378 0.0765613 -0.102118
v -0.54087 0.0314003 -0.139861
v -0.515381 -0.0247273 -0.16186
v -0.512039 -0.0320853 -0.155256
v -0.513224 -0.0294764 -0.162858
v -0.510806 -0.0347997 -0.155849
v -0.510806 -0.0347997 0.155789
v -0.513224 -0.0294764 0.162799
v -0.512039 -0.0320853 0.155196
v -0.515381 -0.0247273 0.161801
v -0.537533 0.0240524 0.134184
v -0.54087 0.0314003 0.139802
v -0.561378 0.0765613 0.102058
v -0.570552 0.0967613 0.078633
v -0.575121 0.106822 0.0590317
v -0.550412 0.0524125 0.120143
v -0.52466 -0.004294 0.145967
v -0.573878 0.104085 0.0820962
v -0.578437 0.114125 0.0616306
v -0.527995 0.00305 0.152181
v -0.564716 0.0839113 0.106352
v -0.553751 0.0597658 0.125139
v -0.582143 0.122284 0.0411613
v -0.701069 -0.0570938 -0.179236
v -0.704767 -0.0646235 -0.17236
v -0.709927 -0.0751273 -0.174049
v -0.613794 0.120595 -0.0411948
v -0.632788 0.0819235 -0.107145
v -0.673763 -0.0014993 -0.160672
v -0.617814 0.11241 -0.0616781
v -0.6228 0.10226 -0.0821657
v -0.677478 -0.00906294 -0.154582
v -0.648647 0.0496358 -0.121876
v -0.626526 0.0946733 -0.0787032
v -0.6365 0.0743674 -0.102892
v -0.659346 0.0278522 -0.144683
v -0.687435 -0.0293356 -0.171367
v -0.691141 -0.0368827 -0.164864
v -0.700432 -0.0557967 -0.178939
v -0.704087 -0.0632386 -0.172064
v -0.691141 -0.0368827 0.164805
v -0.687435 -0.0293356 0.171308
v -0.663059 0.0202933 0.13912
v -0.659346 0.0278522 0.144624
v -0.6365 0.0743674 0.102833
v -0.626526 0.0946733 0.0786434
v -0.621552 0.1048 0.0590177
v -0.648647 0.0496358 0.121817
v -0.677478 -0.00906294 0.154522
v -0.6228 0.10226 0.0821056
v -0.617814 0.11241 0.0616183
v -0.673763 -0.0014993 0.160612
v -0.632788 0.0819235 0.107085
v -0.644937 0.0571882 0.126761
v -0.613794 0.120595 0.041135
v -0.709927 -0.0751273 0.17399
v -0.707969 -0.0711424 0.181501
v -0.704427 -0.0639313 0.172152
v -0.70075 -0.0564454 0.179028
v -1.41319 -0.232409 -0.108654
v -1.41402 -0.232628 -0.107447
v -1.41317 -0.235601 -0.109731
v -0.7212 -0.1121 -0.186518
v -0.720768 -0.130158 -0.186658
v -0.627126 -0.109617 -0.184518
v -0.500999 -0.0526597 -0.166826
v -0.501 -0.0819528 -0.172713
v -0.2808 -0.0278737 -0.147259
v -1.37809 -0.218191 -0.110895
v -1.39051 -0.219959 -0.106402
v -1.12192 -0.0701171 -0.149392
v -1.0996 -0.106389 -0.17212
v -1.10384 -0.200878 -0.152919
v -1.08079 -0.174881 -0.160072
v -1.10375 -0.180946 -0.157417
v -1.41319 -0.214285 -0.0955012
v -1.41883 -0.215537 -0.0950144
v -1.42454 -0.19698 -0.0473036
v -1.41319 -0.193478 -0.0475715
v -0.912004 -0.171517 -0.165034
v -1.42346 -0.200352 -0.0603166
v -1.41319 -0.197226 -0.0607079
v -1.42237 -0.203725 -0.0733298
v -1.41319 -0.200973 -0.0738446
v -1.26967 -0.219325 -0.142857
v -1.1981 -0.193023 -0.149202
v -1.27151 -0.201812 -0.138671
v -1.31701 -0.224716 -0.137182
v -1.39445 -0.181594 -0.0473177
v -1.39196 -0.204152 -0.0959432
v -1.35105 -0.213943 -0.120029
v -1.36305 -0.229867 -0.126676
v -1.30929 -0.207217 -0.131204
v -1.39351 -0.188547 -0.0739246
v -1.39397 -0.185168 -0.0611089
v -1.14038 -0.0410698 -0.0966499
v -1.13592 -0.0480657 -0.115184
v -1.39271 -0.194926 -0.0867344
v -1.07051 -0.164217 -0.165579
v -1.07026 -0.153922 -0.168966
v -1.14841 -0.0284925 -0.04005
v -1.14662 -0.0312958 -0.0592358
v -1.14406 -0.0353084 -0.0800654
v -1.13919 -0.0427561 -0.0766912
v -1.14175 -0.0387435 -0.0567396
v -1.14354 -0.0359402 -0.0383623
v -1.07018 -0.153849 -0.159554
v -1.07051 -0.164587 -0.155154
v -1.39215 -0.202488 -0.0842756
v -1.13143 -0.0555137 -0.11033
v -1.13577 -0.0485175 -0.0925769
v -1.39397 -0.192683 -0.05971
v -1.39258 -0.196085 -0.0719928
v -1.30929 -0.207129 -0.1265
v -1.36305 -0.235963 -0.122068
v -1.35105 -0.213919 -0.115895
v -1.39132 -0.211735 -0.0929948
v -1.39445 -0.189085 -0.0464926
v -1.31701 -0.229486 -0.132121
v -1.27151 -0.201846 -0.133606
v -1.1981 -0.192985 -0.140938
v -1.26967 -0.222997 -0.137501
v -1.41319 -0.221866 -0.0925898
v -1.41883 -0.223117 -0.0921262
v -1.41319 -0.208511 -0.0719388
v -1.42237 -0.211261 -0.071451
v -1.41319 -0.20474 -0.0593482
v -1.42346 -0.207865 -0.0589792
v -0.912004 -0.174674 -0.154507
v -1.41319 -0.200968 -0.0467572
v -1.42454 -0.204469 -0.046507
v -1.10375 -0.18117 -0.147997
v -1.08079 -0.175226 -0.150659
v -1.10384 -0.204507 -0.142309
v -1.09722 -0.110761 -0.161694
v -1.11755 -0.0775648 -0.14326
v -1.39051 -0.219867 -0.102826
v -1.37809 -0.21823 -0.107027
v -0.2808 -0.0353213 -0.141053
v -0.501 -0.0894005 -0.165435
v -0.500999 -0.0601073 -0.159994
v -0.627126 -0.117065 -0.176742
v -0.720768 -0.137605 -0.178692
v -0.7212 -0.119548 -0.178876
v -1.41317 -0.243225 -0.106219
v -1.41402 -0.240247 -0.103615
v -1.41319 -0.240028 -0.104818
v -1.08733 -0.126413 -0.17439
v -1.08508 -0.130217 -0.163991
v -1.11203 -0.0863013 -0.163493
v -1.10857 -0.0922114 -0.155214
v -1.12967 -0.0580751 -0.133466
v -1.12505 -0.0655232 -0.127973
v -1.07898 -0.140167 -0.172717
v -1.07685 -0.143686 -0.162334
v -1.03761 -0.163833 -0.165251
v -1.12904 -0.0162082 -0.0404035
v -0.711263 -0.0573195 -0.179869
v -1.04626 -0.15017 -0.170347
v -0.622121 0.120151 -0.041188
v -1.04067 -0.159214 -0.167619
v -0.721199 -0.0771008 -0.182648
v -0.735146 -0.103642 -0.186796
v -0.744387 -0.114935 -0.185393
v -1.12726 -0.0190929 -0.0601636
v -0.653873 0.0569358 -0.12698
v -0.641449 0.0816704 -0.107238
v -1.10097 -0.061646 -0.150255
v -1.12476 -0.0231346 -0.0808571
v -0.737968 -0.107091 -0.187258
v -1.07884 -0.0974487 -0.172256
v -1.03242 -0.16902 -0.164451
v -0.899764 -0.151984 -0.17174
v -1.11637 -0.0367099 -0.116176
v -0.739931 -0.10949 -0.187035
v -0.683376 -0.0017992 -0.161228
v -0.626192 0.112045 -0.0616756
v -1.12103 -0.029183 -0.0980608
v -0.631266 0.101945 -0.0821671
v -0.743292 -0.113597 -0.179549
v -0.752725 -0.122011 -0.176837
v -0.740801 -0.110552 -0.180217
v -0.737432 -0.106435 -0.179544
v -1.03752 -0.163914 -0.15533
v -1.03168 -0.169761 -0.154103
v -0.721199 -0.0771004 -0.174582
v -0.715046 -0.0648514 -0.172983
v -0.687176 -0.0093657 -0.155125
v -0.898694 -0.151783 -0.1619
v -1.1164 -0.0366706 -0.0939236
v -1.04061 -0.159325 -0.157212
v -1.0463 -0.150106 -0.160442
v -1.07622 -0.101688 -0.162709
v -1.12438 -0.023747 -0.0386982
v -1.1226 -0.0266313 -0.0576212
v -1.1201 -0.0306734 -0.0774436
v -0.657668 0.0493806 -0.12203
v -0.625965 0.112498 -0.0394488
v -0.630016 0.104431 -0.0590749
v -0.635078 0.0943543 -0.078705
v -0.645246 0.0741118 -0.102982
v -1.09638 -0.0690602 -0.144089
v -1.1118 -0.04411 -0.111284
v -1.06489 -0.120029 -0.175154
v -1.06258 -0.123761 -0.16477
v -1.09112 -0.0775731 -0.163993
v -1.08752 -0.0834026 -0.156285
v -1.10929 -0.0481744 -0.134393
v -1.10467 -0.0556516 -0.128858
v -1.05558 -0.135088 -0.173795
v -1.05343 -0.138577 -0.163429
v -0.668621 0.0275743 -0.145061
v -0.672419 0.0200128 -0.139547
v -0.69734 -0.0296009 -0.171915
v -0.701132 -0.0371501 -0.1654
v -0.716231 -0.0672101 -0.181258
v -0.822074 -0.133459 -0.178567
v -0.728173 -0.0903714 -0.184722
v -0.718122 -0.0709761 -0.173783
v -0.825714 -0.136897 -0.169369
v -0.729316 -0.0917679 -0.177063
v -0.489726 -0.0370137 -0.161436
v -0.474276 -0.0496519 -0.164451
v -0.487018 -0.0426142 -0.162975
v -0.263064 -0.0234626 -0.144574
v -0.484817 -0.0440049 -0.163507
v -0.198388 -0.0148247 -0.129103
v -0.480257 -0.0464479 -0.155936
v -0.483609 -0.0446522 -0.155417
v -0.488524 -0.0394988 -0.154309
v -0.2808 -0.0258314 -0.138115
v -0.49335 -0.0295199 -0.161738
v -0.491888 -0.0325436 -0.154363
v -0.567147 0.123084 -0.0412337
v -0.536759 0.0602461 -0.124896
v -0.548433 0.0843873 -0.106237
v -0.509381 0.0036307 -0.151163
v -0.563137 0.114792 -0.0616954
v -0.558241 0.104668 -0.0821531
v -0.505833 -0.0037065 -0.144972
v -0.533206 0.0528988 -0.119909
v -0.563636 0.115824 -0.0394988
v -0.559609 0.107498 -0.0590965
v -0.554703 0.0973523 -0.0786899
v -0.544882 0.0770429 -0.101948
v -0.523067 0.0319335 -0.139137
v -0.519518 0.024592 -0.133535
v -0.49592 -0.024206 -0.160785
v -0.492364 -0.0315586 -0.1542
v -0.239594 -0.0203281 -0.133609
v -0.494635 -0.0268628 -0.161261
v -0.492126 -0.0320511 -0.154281
v -0.492126 -0.0320511 0.154222
v -0.494635 -0.0268628 0.161202
v -0.239594 -0.0203281 0.133549
v -0.492364 -0.0315586 0.154141
v -0.49592 -0.024206 0.160725
v -0.519518 0.024592 0.133476
v -0.523068 0.0319335 0.139077
v -0.544882 0.0770429 0.101888
v -0.554703 0.0973523 0.0786301
v -0.559609 0.107498 0.0590364
v -0.567708 0.124244 -9.75289e-005
v -0.563636 0.115824 0.0394387
v -0.533206 0.0528988 0.11985
v -0.505833 -0.0037065 0.144912
v -0.571201 0.131467 -9.8969e-005
v -0.558241 0.104668 0.082093
v -0.563137 0.114792 0.0616356
v -0.509381 0.0036307 0.151104
v -0.548433 0.0843873 0.106177
v -0.536759 0.0602461 0.124837
v -0.567147 0.123084 0.0411739
v -0.491888 -0.0325436 0.154303
v -0.49335 -0.0295199 0.161678
v -0.2808 -0.0258314 0.138055
v -0.488525 -0.0394988 0.15425
v -0.483609 -0.0446522 0.155358
v -0.480257 -0.0464479 0.155877
v -0.198388 -0.0148247 0.129044
v -0.484817 -0.0440049 0.163447
v -0.263064 -0.0234626 0.144515
v -0.487018 -0.0426142 0.162915
v -0.474276 -0.0496519 0.164392
v -0.489726 -0.0370137 0.161377
v -0.729316 -0.0917679 0.177004
v -0.825714 -0.136897 0.169309
v -0.718122 -0.0709761 0.173723
v -0.728173 -0.0903714 0.184663
v -0.822074 -0.133459 0.178507
v -0.716231 -0.0672101 0.181199
v -0.701132 -0.0371501 0.165341
v -0.69734 -0.0296009 0.171855
v -0.672419 0.0200128 0.139488
v -0.668621 0.0275743 0.145001
v -1.05343 -0.138577 0.163369
v -1.05558 -0.135088 0.173735
v -1.10467 -0.0556516 0.128798
v -1.10929 -0.0481744 0.134333
v -1.08752 -0.0834026 0.156225
v -1.09112 -0.0775731 0.163933
v -1.06258 -0.123761 0.16471
v -1.06489 -0.120029 0.175094
v -1.1118 -0.04411 0.111224
v -1.09638 -0.0690602 0.14403
v -0.645246 0.0741118 0.102923
v -0.635078 0.0943543 0.0786449
v -0.630016 0.104431 0.0590148
v -0.621817 0.120755 -9.53689e-005
v -0.625965 0.112498 0.039389
v -0.657668 0.0493806 0.121971
v -1.1201 -0.0306734 0.0773838
v -1.1226 -0.0266313 0.0575615
v -1.12633 -0.0205981 -8.13289e-005
v -1.12438 -0.023747 0.0386381
v -1.07622 -0.101688 0.162649
v -1.0463 -0.150106 0.160382
v -1.04061 -0.159325 0.157153
v -1.1164 -0.0366706 0.0938635
v -0.898694 -0.151783 0.161841
v -0.687176 -0.0093657 0.155065
v -0.715046 -0.0648514 0.172924
v -0.721199 -0.0771004 0.174523
v -1.03168 -0.169761 0.154043
v -1.03752 -0.163914 0.155271
v -0.737432 -0.106435 0.179485
v -0.740801 -0.110552 0.180157
v -0.752725 -0.122011 0.176777
v -0.743292 -0.113597 0.17949
v -1.13099 -0.0130586 -8.20489e-005
v -0.617951 0.128452 -9.71689e-005
v -0.631266 0.101945 0.0821074
v -1.12103 -0.029183 0.0980006
v -0.626192 0.112045 0.0616154
v -0.683376 -0.0017992 0.161168
v -0.739931 -0.10949 0.186975
v -1.11637 -0.0367099 0.116116
v -0.899764 -0.151984 0.171681
v -1.03242 -0.16902 0.164391
v -1.07884 -0.0974487 0.172196
v -0.737968 -0.107091 0.187198
v -1.12476 -0.0231346 0.0807973
v -1.10097 -0.061646 0.150195
v -0.641449 0.0816704 0.107178
v -0.653873 0.0569358 0.12692
v -1.12726 -0.0190929 0.0601038
v -0.744387 -0.114935 0.185333
v -0.735146 -0.103642 0.186737
v -0.721199 -0.0771008 0.182588
v -1.04067 -0.159214 0.167559
v -0.622121 0.120151 0.0411282
v -1.04626 -0.15017 0.170287
v -0.711263 -0.0573195 0.179809
v -1.12904 -0.0162082 0.0403438
v -1.03761 -0.163833 0.165192
v -1.07685 -0.143686 0.162274
v -1.07898 -0.140167 0.172658
v -1.12505 -0.0655232 0.127913
v -1.12967 -0.0580751 0.133406
v -1.10857 -0.0922114 0.155154
v -1.11203 -0.0863013 0.163434
v -1.08508 -0.130217 0.163932
v -1.08733 -0.126413 0.17433
v -1.41319 -0.240028 0.104758
v -1.41402 -0.240247 0.103556
v -1.41317 -0.243225 0.10616
v -0.7212 -0.119548 0.178817
v -0.720768 -0.137605 0.178633
v -0.627126 -0.117065 0.176682
v -0.500999 -0.0601073 0.159935
v -0.501 -0.0894005 0.165375
v -0.2808 -0.0353213 0.140993
v -1.37809 -0.21823 0.106968
v -1.39051 -0.219867 0.102766
v -1.11755 -0.0775648 0.143201
v -1.09722 -0.110761 0.161634
v -1.10384 -0.204507 0.142249
v -1.08079 -0.175226 0.1506
v -1.10375 -0.18117 0.147938
v -1.42454 -0.204469 0.0464472
v -1.41319 -0.200968 0.0466974
v -0.912004 -0.174674 0.154447
v -1.42346 -0.207865 0.058919
v -1.41319 -0.20474 0.059288
v -1.42237 -0.211261 0.0713909
v -1.41319 -0.208511 0.071879
v -1.41883 -0.223117 0.0920664
v -1.41319 -0.221866 0.0925297
v -1.26967 -0.222997 0.137441
v -1.1981 -0.192985 0.140878
v -1.27151 -0.201846 0.133547
v -1.31701 -0.229486 0.132062
v -1.39445 -0.189085 0.0464328
v -1.39132 -0.211735 0.0929351
v -1.35105 -0.213919 0.115836
v -1.36305 -0.235963 0.122009
v -1.30929 -0.207129 0.12644
v -1.39258 -0.196085 0.071933
v -1.39397 -0.192683 0.0596502
v -1.13577 -0.0485175 0.0925168
v -1.13143 -0.0555137 0.11027
v -1.39215 -0.202488 0.0842155
v -1.07051 -0.164587 0.155095
v -1.07018 -0.153849 0.159494
v -1.14354 -0.0359402 0.0383022
v -1.14175 -0.0387435 0.0566795
v -1.13919 -0.0427561 0.076631
v -1.14549 -0.0328906 -8.4209e-005
v -1.39478 -0.189222 -0.000122009
v -1.42527 -0.204748 -6.98089e-005
v -1.41319 -0.200995 -0.000124889
v -1.41319 -0.193547 -0.000127409
v -1.42527 -0.1973 -6.98089e-005
v -1.39478 -0.181774 -0.000124529
v -1.15035 -0.0254429 -8.52889e-005
v -1.14406 -0.0353084 0.0800053
v -1.14662 -0.0312958 0.0591761
v -1.14841 -0.0284925 0.0399902
v -1.07026 -0.153922 0.168907
v -1.07051 -0.164217 0.16552
v -1.39271 -0.194926 0.0866743
v -1.13592 -0.0480657 0.115125
v -1.14038 -0.0410698 0.0965902
v -1.39397 -0.185168 0.0610488
v -1.39351 -0.188547 0.0738648
v -1.30929 -0.207217 0.131145
v -1.36305 -0.229867 0.126616
v -1.35105 -0.213943 0.119969
v -1.39196 -0.204152 0.0958835
v -1.39445 -0.181594 0.0472579
v -1.31701 -0.224716 0.137122
v -1.27151 -0.201812 0.138611
v -1.1981 -0.193023 0.149142
v -1.26967 -0.219325 0.142797
v -1.41319 -0.200973 0.0737845
v -1.42237 -0.203725 0.0732697
v -1.41319 -0.197226 0.0606481
v -1.42346 -0.200352 0.0602568
v -0.912004 -0.171517 0.164975
v -1.41319 -0.193478 0.0475114
v -1.42454 -0.19698 0.0472435
v -1.41883 -0.215537 0.0949543
v -1.41319 -0.214285 0.0954414
v -1.10375 -0.180946 0.157357
v -1.08079 -0.174881 0.160013
v -1.10384 -0.200878 0.15286
v -1.0996 -0.106389 0.172061
v -1.12192 -0.0701171 0.149333
v -1.39051 -0.219959 0.106343
v -1.37809 -0.218191 0.110835
v -0.2808 -0.0278737 0.147199
v -0.501 -0.0819528 0.172654
v -0.500999 -0.0526597 0.166766
v -0.627126 -0.109617 0.184458
v -0.720768 -0.130158 0.186598
v -0.7212 -0.1121 0.186458
v -1.41317 -0.235601 0.109672
v -1.41402 -0.232628 0.107387
v -1.41319 -0.232409 0.108594
v -0.57884 0.115013 -0.0394866
v -0.582597 0.123284 -9.71689e-005
v -0.57884 0.115013 0.0394265
v -0.61345 0.121295 -9.57289e-005
v -0.61755 0.112947 0.0393959
v -1.08271 -0.0542663 0.150947
v -0.775884 -0.10448 0.187967
v -0.887504 -0.132435 0.178392
v -0.721199 -0.0575398 0.180425
v -0.712218 -0.0026992 0.162837
v -0.74083 -0.0595497 0.181303
v -1.10039 -0.0274233 0.116927
v -1.10545 -0.0196225 0.0991354
v -0.765584 -0.0988415 0.188418
v -0.756503 -0.0906901 0.187163
v -0.998164 -0.153742 0.169922
v -0.651167 0.118601 0.0411037
v -0.6551 0.110787 0.0616061
v -0.660092 0.100869 0.0821128
v -0.671067 0.0808057 0.107497
v -1.01196 -0.1544 0.169523
v -1.02498 -0.146844 0.171511
v -1.06059 -0.0895888 0.172316
v -1.11391 -0.00660738 0.0406199
v -1.11203 -0.00949386 0.0608335
v -1.10945 -0.0134737 0.0814255
v -0.682612 0.0561233 0.127432
v -1.11596 -0.0034469 -7.95289e-005
v -0.647157 0.126569 -9.57289e-005
v -0.647157 0.119122 -9.46489e-005
v -1.11121 -0.0108946 -7.91689e-005
v -0.682612 0.0486757 0.122396
v -1.1047 -0.0209213 0.0779915
v -1.10728 -0.0169419 0.0582671
v -1.10916 -0.0140551 0.0389052
v -1.0781 -0.0617144 0.144746
v -1.05834 -0.093961 0.163513
v -1.02512 -0.146785 0.16117
v -1.01196 -0.154284 0.159124
v -0.671067 0.0733576 0.103189
v -0.660092 0.0934223 0.0786499
v -0.6551 0.103339 0.0590072
v -0.651167 0.111153 0.0393689
v -0.998164 -0.153624 0.15952
v -0.756503 -0.0910288 0.180269
v -0.765584 -0.0991807 0.181851
v -1.1007 -0.0270701 0.094955
v -1.0959 -0.034871 0.111997
v -0.74083 -0.0669974 0.174179
v -0.712218 -0.0101473 0.156467
v -0.721199 -0.0649875 0.173297
v -0.887504 -0.132542 0.168056
v -0.775884 -0.104819 0.180483
v -1.04537 -0.114474 0.175759
v -1.0435 -0.118284 0.165371
v -1.06956 -0.0758858 0.157139
v -1.07292 -0.0699757 0.164368
v -1.09211 -0.0398285 0.135115
v -1.08738 -0.0472762 0.129549
v -1.03518 -0.130659 0.174675
v -1.03331 -0.134188 0.16431
v -0.697415 0.0267121 0.146173
v -0.697415 0.0192644 0.14047
v -0.716708 -0.0301197 0.172925
v -0.726524 -0.0311245 0.173712
v -0.726524 -0.0385725 0.166965
v -0.716708 -0.0375674 0.166176
v -0.716708 -0.0375674 -0.166045
v -0.726524 -0.0385725 -0.166834
v -0.726524 -0.0311245 -0.173581
v -0.716708 -0.0301197 -0.172794
v -0.697415 0.0192644 -0.140339
v -0.697415 0.0267121 -0.146042
v -1.03331 -0.134188 -0.164179
v -1.03518 -0.130659 -0.174543
v -1.08738 -0.0472762 -0.129418
v -1.09211 -0.0398285 -0.134984
v -1.07292 -0.0699757 -0.164237
v -1.06956 -0.0758858 -0.157008
v -1.0435 -0.118284 -0.165239
v -1.04537 -0.114474 -0.175628
v -0.775884 -0.104819 -0.180352
v -0.887504 -0.132542 -0.167925
v -0.721199 -0.0649875 -0.173166
v -0.712218 -0.0101473 -0.156336
v -0.74083 -0.0669974 -0.174048
v -1.0959 -0.034871 -0.111866
v -1.1007 -0.0270701 -0.094824
v -0.765584 -0.0991807 -0.18172
v -0.756503 -0.0910288 -0.180138
v -0.998164 -0.153624 -0.159389
v -0.651167 0.111153 -0.0392378
v -0.6551 0.103339 -0.0588762
v -0.660092 0.0934223 -0.0785189
v -0.671066 0.0733576 -0.103058
v -1.01196 -0.154284 -0.158993
v -1.02512 -0.146785 -0.161039
v -1.05834 -0.093961 -0.163381
v -1.0781 -0.0617144 -0.144615
v -1.10916 -0.0140551 -0.0387745
v -1.10728 -0.0169419 -0.058136
v -1.1047 -0.0209213 -0.0778604
v -0.682612 0.0486757 -0.122264
v -0.682612 0.0561233 -0.1273
v -1.10945 -0.0134737 -0.0812945
v -1.11203 -0.00949386 -0.0607025
v -1.11391 -0.00660738 -0.0404888
v -1.06059 -0.0895888 -0.172184
v -1.02498 -0.146844 -0.17138
v -1.01196 -0.1544 -0.169391
v -0.671066 0.0808057 -0.107366
v -0.660092 0.100869 -0.0819821
v -0.6551 0.110787 -0.0614754
v -0.651167 0.118601 -0.040973
v -0.998164 -0.153742 -0.169791
v -0.756503 -0.0906901 -0.187032
v -0.765584 -0.0988415 -0.188287
v -1.10545 -0.0196225 -0.0990043
v -1.10039 -0.0274233 -0.116796
v -0.74083 -0.0595497 -0.181172
v -0.712218 -0.0026992 -0.162705
v -0.721199 -0.0575398 -0.180294
v -0.887504 -0.132435 -0.178261
v -0.775884 -0.10448 -0.187836
v -1.08271 -0.0542663 -0.150815
v -0.701132 -0.0371501 -0.165209
v -0.69734 -0.0296009 -0.171724
v -0.672419 0.0200128 -0.139356
v -0.668621 0.0275743 -0.14487
v -1.05343 -0.138577 -0.163238
v -1.05558 -0.135088 -0.173604
v -1.10467 -0.0556516 -0.128667
v -1.10929 -0.0481744 -0.134202
v -1.08752 -0.0834026 -0.156094
v -1.09112 -0.0775731 -0.163802
v -1.06258 -0.123761 -0.164579
v -1.06489 -0.120029 -0.174963
v -1.1118 -0.04411 -0.111093
v -1.09638 -0.0690602 -0.143899
v -0.645246 0.0741118 -0.102792
v -0.635078 0.0943543 -0.0785142
v -0.630016 0.104431 -0.0588841
v -0.625965 0.112498 -0.039258
v -0.657668 0.0493806 -0.121839
v -1.1201 -0.0306734 -0.0772528
v -1.1226 -0.0266313 -0.0574304
v -1.12438 -0.023747 -0.0385074
v -1.07622 -0.101688 -0.162518
v -1.0463 -0.150106 -0.160251
v -1.04061 -0.159325 -0.157021
v -1.1164 -0.0366706 -0.0937325
v -0.898694 -0.151783 -0.16171
v -0.687176 -0.0093657 -0.154934
v -0.715046 -0.0648514 -0.172793
v -1.03168 -0.169761 -0.153912
v -1.03752 -0.163914 -0.15514
v -0.737432 -0.106435 -0.179353
v -0.740801 -0.110552 -0.180026
v -0.752725 -0.122011 -0.176646
v -0.743292 -0.113597 -0.179359
v -0.631266 0.101945 -0.0819763
v -1.12103 -0.029183 -0.09787
v -0.626192 0.112045 -0.0614844
v -0.683376 -0.0017992 -0.161037
v -0.739931 -0.10949 -0.186843
v -1.11637 -0.0367099 -0.115985
v -0.899764 -0.151984 -0.17155
v -1.03242 -0.16902 -0.16426
v -1.07884 -0.0974487 -0.172065
v -0.737968 -0.107091 -0.187067
v -1.12476 -0.0231346 -0.0806663
v -1.10097 -0.061646 -0.150064
v -0.641449 0.0816704 -0.107047
v -0.653873 0.0569358 -0.126789
v -1.12726 -0.0190929 -0.0599728
v -0.744387 -0.114935 -0.185202
v -0.735146 -0.103642 -0.186605
v -1.04067 -0.159214 -0.167428
v -0.622121 0.120151 -0.0409972
v -1.04626 -0.15017 -0.170156
v -0.711263 -0.0573195 -0.179678
v -1.12904 -0.0162082 -0.0402127
v -1.03761 -0.163833 -0.165061
v -0.729315 -0.0917679 -0.176872
v -0.825714 -0.136897 -0.169177
v -0.721199 -0.0771008 -0.174391
v -0.728173 -0.0903714 -0.184531
v -0.822074 -0.133459 -0.178376
v -0.721199 -0.0771011 -0.182457
v -0.492364 -0.0315583 -0.154204
v -0.49592 -0.024206 -0.160789
v -0.239594 -0.0203281 -0.133613
v -0.271932 -0.024647 -0.14552
v -0.519517 0.024592 -0.133539
v -0.523067 0.0319335 -0.13914
v -0.544882 0.0770429 -0.101952
v -0.554703 0.0973523 -0.0786938
v -0.559609 0.107498 -0.0591005
v -0.563636 0.115824 -0.0395028
v -0.533206 0.0528988 -0.119913
v -0.505833 -0.0037065 -0.144976
v -0.558241 0.104668 -0.082157
v -0.563137 0.114792 -0.0616993
v -0.509381 0.0036307 -0.151167
v -0.548433 0.0843873 -0.106241
v -0.536759 0.0602461 -0.1249
v -0.567147 0.123084 -0.0412376
v -0.491888 -0.0325436 -0.154367
v -0.49335 -0.0295199 -0.161742
v -0.2808 -0.0258314 -0.138119
v -0.488524 -0.0394988 -0.154313
v -0.483609 -0.0446522 -0.155421
v -0.480257 -0.0464479 -0.15594
v -0.198388 -0.0148247 -0.129107
v -0.2808 -0.0258314 -0.146463
v -0.484817 -0.0440049 -0.163511
v -0.263064 -0.0234626 -0.144578
v -0.487018 -0.0426142 -0.162979
v -0.474276 -0.0496519 -0.164455
v -0.489726 -0.0370137 -0.16144
v -0.491555 -0.024089 -0.160548
v -0.496288 0.0252879 -0.132626
v -0.496288 0.0327356 -0.13805
v -0.48211 -0.002966 -0.143648
v -0.124382 0.114817 -0.0399996
v -0.102201 0.11449 -0.0400378
v -0.129972 0.10083 -0.078575
v -0.126395 0.109781 -0.059287
v -0.106942 0.100739 -0.078565
v -0.139682 0.0765371 -0.0906919
v -0.116818 0.0763561 -0.0901134
v -0.542289 0.116963 -0.0395197
v -0.538012 0.108438 -0.059107
v -0.532858 0.0981673 -0.0786899
v -0.521723 0.0777194 -0.101713
v -0.510465 0.0535414 -0.119526
v -0.17743 0.0252915 -0.115654
v -0.147035 -0.0020527 -0.121661
v -0.104571 0.109797 -0.0593014
v -0.149777 0.0512806 -0.10091
v -0.126694 0.0508216 -0.099729
v -0.157633 0.039082 -0.10908
v -0.441141 -0.0206884 -0.148288
v -0.457506 -0.0214549 -0.148552
v -0.472963 -0.0137912 -0.147222
v -0.2808 0.0072886 -0.127865
v -0.166486 0.0296533 -0.113299
v -0.166486 0.0296446 -0.118284
v -0.2808 0.0072803 -0.133491
v -0.472963 -0.0137476 -0.153427
v -0.457506 -0.0214113 -0.154851
v -0.441141 -0.0206449 -0.154553
v -0.157633 0.0390734 -0.113879
v -0.126694 0.0582693 -0.104116
v -0.149777 0.0587283 -0.105349
v -0.104571 0.117245 -0.0619106
v -0.147035 0.0053954 -0.127014
v -0.17743 0.0252832 -0.120743
v -0.510465 0.0609895 -0.124432
v -0.521723 0.0851673 -0.105953
v -0.532858 0.105615 -0.082152
v -0.538012 0.115886 -0.0617076
v -0.542289 0.124411 -0.0412585
v -0.116818 0.0838041 -0.0940781
v -0.139682 0.0839853 -0.0946822
v -0.106942 0.108187 -0.0820213
v -0.126395 0.117229 -0.0618955
v -0.129972 0.108277 -0.0820321
v -0.102201 0.121938 -0.0417996
v -0.124382 0.122265 -0.0417593
v -0.48211 0.0044817 -0.14959
v -0.2808 -0.0278737 -0.147263
v -0.48211 0.0044817 0.149527
v -0.124382 0.122265 0.0416956
v -0.102201 0.121938 0.0417355
v -0.129972 0.108277 0.0819684
v -0.126395 0.117229 0.0618314
v -0.106942 0.108187 0.0819576
v -0.139682 0.0839853 0.0946181
v -0.116818 0.0838041 0.0940144
v -0.542289 0.124411 0.0411944
v -0.538012 0.115886 0.0616435
v -0.532858 0.105615 0.0820879
v -0.521723 0.0851673 0.10589
v -0.510465 0.0609895 0.124369
v -0.17743 0.0252832 0.120679
v -0.147035 0.0053954 0.12695
v -0.104571 0.117245 0.0618466
v -0.149777 0.0587283 0.105286
v -0.126694 0.0582693 0.104053
v -0.157633 0.0390734 0.113816
v -0.441141 -0.0206449 0.15449
v -0.457506 -0.0214113 0.154787
v -0.472963 -0.0137476 0.153363
v -0.2808 0.0072803 0.133427
v -0.166486 0.0296446 0.11822
v -0.120577 0.131784 -0.000123089
v -0.098574 0.131366 -0.000124889
v -0.546625 0.133052 -9.9689e-005
v -0.546625 0.125604 -9.82489e-005
v -0.098574 0.123918 -0.000122369
v -0.120577 0.124336 -0.000120929
v -0.166486 0.0296533 0.113235
v -0.2808 0.0072886 0.127802
v -0.472963 -0.0137912 0.147158
v -0.457506 -0.0214549 0.148488
v -0.441141 -0.0206884 0.148224
v -0.157633 0.039082 0.109016
v -0.126694 0.0508216 0.0996649
v -0.149777 0.0512806 0.100846
v -0.104571 0.109797 0.0592376
v -0.147035 -0.0020527 0.121597
v -0.17743 0.0252915 0.115591
v -0.510465 0.0535414 0.119462
v -0.521723 0.0777194 0.10165
v -0.532858 0.0981673 0.0786258
v -0.538012 0.108438 0.0590429
v -0.542289 0.116963 0.039456
v -0.116818 0.0763561 0.0900497
v -0.139682 0.0765371 0.0906278
v -0.106942 0.100739 0.0785009
v -0.126395 0.109781 0.0592232
v -0.129972 0.10083 0.0785113
v -0.102201 0.11449 0.039974
v -0.124382 0.114817 0.0399355
v -0.48211 -0.002966 0.143584
v -0.496288 0.0327356 0.137987
v -0.496288 0.0252879 0.132562
v -0.491555 -0.024089 0.160484
v -0.2808 -0.0258314 0.146399
v -0.488524 -0.0394988 0.15425
v -0.2808 -0.0258314 0.138056
v -0.5712 0.131467 -9.8969e-005
v -0.523067 0.0319335 0.139077
v -0.271932 -0.024647 0.145457
v -0.492364 -0.0315583 0.154141
v 1.774 0.794318 -0.000234689
v 1.5605 0.760999 0.0157414
v 1.54041 0.743167 0.0169074
v 1.58275 0.772887 0.0142682
v 1.60208 0.778239 0.011372
v 0.808424 0.0462497 0.0365216
v 1.58447 0.794443 0.00993387
v 1.57722 0.801169 0.00484959
v 1.57457 0.803628 -0.000234689
v 1.36406 0.0525873 0.0106178
v 1.74968 0.680854 -0.000176729
v 1.64274 0.680854 0.00711939
v 1.08515 0.14403 0.0365216
v 1.15115 0.218195 0.0365216
v 0.752484 0.0590612 0.0243486
v 0.737614 0.0695015 0.0121752
v 0.993914 0.0659344 0.0365216
v 0.958254 0.0912197 0.0243486
v 0.942054 0.100948 0.0121752
v 1.04387 0.0919519 0.0365216
v 1.012 0.122229 0.0243486
v 0.993274 0.140323 0.0121752
v 1.04776 0.168564 0.0243486
v 1.03331 0.182479 0.0121752
v 1.1116 0.240398 0.0243486
v 1.09513 0.249645 0.0121752
v 1.53471 0.776702 0.010957
v 1.515 0.760986 0.0114415
v 1.52294 0.783242 0.00536115
v 1.50253 0.771573 0.00560343
v 1.51765 0.785193 -0.000234689
v 1.49747 0.774066 -0.000234689
v 1.55812 0.787695 0.010336
v 1.54819 0.794917 0.00505047
v 1.5429 0.796851 -0.000234689
v 1.64274 0.680854 -0.000165569
v 1.36406 0.0525873 -9.39289e-005
v 1.5429 0.796851 0.000142591
v 1.54819 0.794917 -0.00514293
v 1.55812 0.787695 -0.0104281
v 1.49747 0.774066 0.000142591
v 1.51765 0.785193 0.000142591
v 1.50253 0.771573 -0.00569553
v 1.52294 0.783242 -0.00545325
v 1.515 0.760986 -0.0115337
v 1.53471 0.776702 -0.0110491
v 1.09021 0.252404 -9.42889e-005
v 1.09513 0.249645 -0.0122674
v 1.1116 0.240398 -0.0244408
v 1.02842 0.185289 -9.42889e-005
v 1.03331 0.182479 -0.0122674
v 1.04776 0.168564 -0.0244408
v 0.988134 0.14264 -9.42889e-005
v 0.993274 0.140323 -0.0122674
v 1.012 0.122229 -0.0244408
v 1.04387 0.0919515 -0.0366142
v 0.937224 0.103851 -9.42889e-005
v 0.942054 0.100948 -0.0122674
v 0.958254 0.0912197 -0.0244408
v 0.993914 0.0659344 -0.0366142
v 0.732344 0.0715121 -9.42889e-005
v 0.737614 0.0695015 -0.0122674
v 0.752484 0.0590612 -0.0244408
v 1.15115 0.218195 -0.0366142
v 1.08515 0.14403 -0.0366142
v 1.64274 0.680854 -0.00721185
v 1.36406 0.0525873 -0.0107104
v 1.62383 0.0454922 -9.42889e-005
v 1.62374 0.0379697 -9.42889e-005
v 1.57457 0.803628 0.000142591
v 1.57722 0.801169 -0.00494205
v 1.58447 0.794443 -0.0100264
v 1.63343 0.0194088 -9.42889e-005
v 0.808424 0.0462497 -0.0366142
v 1.60208 0.778239 -0.0114646
v 1.58275 0.772887 -0.0143604
v 1.54041 0.743167 -0.0169999
v 1.5605 0.760999 -0.0158335
v 1.774 0.794318 0.000142591
v 1.7653 -0.0148119 0.858748
v 1.68656 -0.016695 0.841069
v 1.76542 -0.0144033 0.825322
v 1.68819 -0.0127483 0.852992
v 1.68673 -0.0107531 0.842314
v 1.55309 -0.0172299 0.821699
v 1.56585 -0.0195819 0.813965
v 1.60807 -0.0256769 0.843945
v 1.59921 -0.0242239 0.856097
v 1.55032 -0.0137689 0.823976
v 1.59729 -0.0209569 0.859332
v 1.55309 -0.0096939 0.823232
v 1.59921 -0.0166869 0.857629
v 1.56585 -0.0045084 0.81703
v 1.60807 -0.0106039 0.84701
v 1.33151 -0.0265479 0.0740505
v 1.32422 0.00691381 0.0578847
v 1.31571 -0.018379 0.0720478
v 1.31094 -0.0100702 0.0687231
v 1.31199 -0.00164572 0.0637137
v 1.6614 -0.0275259 0.853038
v 1.65444 -0.0267799 0.868672
v 1.65263 -0.0235859 0.872263
v 1.65444 -0.0192439 0.870204
v 1.6614 -0.0124529 0.856103
v 1.5766 0.000356885 0.0395555
v 1.68448 -0.0106617 0.825283
v 1.68442 -0.0167765 0.825261
v 1.64323 -0.0167576 0.525235
v 1.57759 -0.0142028 0.0467763
v 1.7653 -0.0148119 -0.858748
v 1.68656 -0.016695 -0.841069
v 1.76542 -0.0144033 -0.825322
v 1.68819 -0.0127483 -0.852992
v 1.68673 -0.0107531 -0.842314
v 1.55309 -0.0172299 -0.821699
v 1.56585 -0.0195819 -0.813965
v 1.60807 -0.0256769 -0.843945
v 1.59921 -0.0242239 -0.856097
v 1.55032 -0.0137689 -0.823976
v 1.59729 -0.0209569 -0.859332
v 1.55309 -0.0096939 -0.823232
v 1.59921 -0.0166869 -0.857629
v 1.56585 -0.0045084 -0.81703
v 1.60807 -0.0106039 -0.84701
v 1.33151 -0.0265479 -0.0740505
v 1.32422 0.00691381 -0.0578847
v 1.31571 -0.018379 -0.0720478
v 1.31094 -0.0100702 -0.0687231
v 1.31199 -0.00164572 -0.0637137
v 1.6614 -0.0275259 -0.853038
v 1.65444 -0.0267799 -0.868672
v 1.65263 -0.0235859 -0.872263
v 1.65444 -0.0192439 -0.870204
v 1.6614 -0.0124529 -0.856103
v 1.5766 0.000356885 -0.0395555
v 1.68448 -0.0106617 -0.825283
v 1.68442 -0.0167765 -0.825261
v 1.64323 -0.0167576 -0.525235
v 1.57759 -0.0142028 -0.0467763
v 1.63392 -0.190919 -0.0864797
v 1.63392 -0.162342 -0.0673661
v 1.63392 -0.142627 -0.0402497
v 1.94781 -0.0865229 0
v 1.6069 -0.100186 -0.0981869
v 1.57972 -0.101002 -0.100598
v 1.6069 -0.086345 -0.093017
v 1.63409 -0.0982337 -0.0957754
v 1.6069 -0.114027 -0.103356
v 1.86934 -0.101343 -0.0254278
v 1.63392 -0.1099 -0.0508517
v 1.63392 -0.107487 0.0508673
v 1.63392 -0.0984352 7.83056e-006
v 1.63392 -0.144899 -0.101711
v 1.63392 -0.144899 0.101727
v -1.93862 -0.426674 0.0163973
v -1.93862 -0.423925 0.013945
v -1.93862 -0.42981 0.0182196
v -1.93862 -0.433212 0.0193417
v -1.93862 -0.436751 0.0197204
v -1.93862 -0.440289 0.0193417
v -1.93862 -0.443691 0.0182196
v -1.93862 -0.446827 0.0163973
v -1.93862 -0.449576 0.013945
v -1.93862 -0.451831 0.010957
v -1.93862 -0.453508 0.00754779
v -1.93862 -0.45454 0.00384879
v -1.93862 -0.418961 0.00384879
v -1.93862 -0.419993 0.00754779
v -1.93862 -0.42167 0.010957
v -1.10417 -0.287154 0.200164
v -1.10353 -0.252652 0.1834
v -1.41319 -0.315581 0.172491
v -1.55847 -0.28155 0.108429
v -1.41317 -0.235545 0.110084
v -0.099345 0.0191794 0.118977
v -0.077965 0.121794 0.0417794
v -1.10384 -0.200718 0.153194
v -0.912004 -0.168556 0.165753
v -0.71934 -0.225167 0.201997
v -0.720768 -0.130158 0.186385
v -0.501 -0.106289 0.181471
v -0.2808 -0.0477795 0.154998
v -1.41319 -0.260928 0.143181
v -1.36305 -0.229828 0.125967
v -1.41319 -0.28714 0.158294
v -1.26967 -0.219301 0.141614
v -1.31701 -0.224691 0.135991
v -1.42454 -0.197089 0.0470916
v -0.911684 -0.23891 0.19438
v -0.106942 0.108194 0.0819576
v -1.89629 -0.394872 0.0300299
v -1.89629 -0.400755 0.0382209
v -1.73249 -0.341888 0.0794239
v -1.73249 -0.330608 0.0624023
v -1.89629 -0.390501 0.020685
v -1.73249 -0.322227 0.0445297
v -1.89629 -0.387809 0.0105455
v -1.73249 -0.317066 0.025781
v -1.89629 -0.480599 0.0105459
v -1.73249 -0.494973 0.0219143
v -1.89629 -0.477907 0.0206853
v -1.73249 -0.489812 0.0429844
v -1.89629 -0.473535 0.0300303
v -1.73249 -0.481431 0.062403
v -1.89629 -0.467653 0.0382209
v -1.73249 -0.470152 0.0794236
v -1.89629 -0.460484 0.0449428
v -1.73249 -0.456408 0.0933921
v -1.89629 -0.452307 0.0499376
v -1.73249 -0.440728 0.103772
v -1.89629 -0.443432 0.0530134
v -1.73249 -0.423714 0.110163
v -1.89629 -0.434204 0.0540521
v -1.73249 -0.40602 0.112322
v -1.89629 -0.424976 0.0530139
v -1.73249 -0.388326 0.110163
v -1.89629 -0.416103 0.0499381
v -1.73249 -0.371312 0.103772
v -1.89629 -0.407924 0.0449428
v -1.73249 -0.355632 0.0933921
v -1.55847 -0.300505 0.127627
v -1.55847 -0.322131 0.141891
v -1.55847 -0.345596 0.150675
v -1.55847 -0.369998 0.15364
v -1.55847 -0.394401 0.150675
v -1.55847 -0.417866 0.141891
v -1.55847 -0.439491 0.127625
v -1.55847 -0.458446 0.108429
v -1.55847 -0.474001 0.0850367
v -1.55847 -0.48556 0.0583496
v -1.55847 -0.492678 0.0293921
v -1.55847 -0.495082 8.33179e-006
v -1.55847 -0.247317 0.0390207
v -1.55847 -0.244914 -0.000723697
v -1.55847 -0.254435 0.0625854
v -1.55847 -0.265994 0.0842667
v -1.41319 -0.493857 0.035159
v -1.41319 -0.48523 0.0689645
v -1.41319 -0.471219 0.10012
v -1.41319 -0.452364 0.127428
v -1.41319 -0.42939 0.149839
v -1.41319 -0.403178 0.166492
v -1.41319 -0.374737 0.176747
v -1.41319 -0.345159 0.18021
v -1.91022 -0.400309 0.0266827
v -1.91022 -0.405633 0.0339606
v -1.91022 -0.396355 0.0183794
v -1.91022 -0.393919 0.0093703
v -1.91022 -0.477873 0.0093707
v -1.91022 -0.475438 0.0183798
v -1.91022 -0.471483 0.026683
v -1.91022 -0.466159 0.0339606
v -1.91022 -0.459675 0.0399333
v -1.91022 -0.452275 0.0443715
v -1.91022 -0.444246 0.0471046
v -1.91022 -0.435897 0.0480271
v -1.91022 -0.427547 0.0471046
v -1.91022 -0.419518 0.0443715
v -1.91022 -0.412119 0.0399333
v -1.92259 -0.41102 0.0279752
v -1.92259 -0.416534 0.032895
v -1.92259 -0.422825 0.0365508
v -1.92259 -0.429651 0.0388022
v -1.92259 -0.436751 0.0395622
v -1.92259 -0.44385 0.0388019
v -1.92259 -0.450676 0.0365508
v -1.92259 -0.456967 0.032895
v -1.92259 -0.462481 0.0279752
v -1.92259 -0.467007 0.0219805
v -1.92259 -0.470369 0.0151409
v -1.92259 -0.47244 0.00771987
v -1.92259 -0.401061 0.00771951
v -1.92259 -0.403132 0.0151405
v -1.92259 -0.406494 0.0219802
v -1.93002 -0.410616 0.018986
v -1.93002 -0.414525 0.0241646
v -1.93002 -0.407711 0.0130784
v -1.93002 -0.405923 0.00666795
v -1.93002 -0.467578 0.00666831
v -1.93002 -0.46579 0.0130788
v -1.93002 -0.462885 0.0189864
v -1.93002 -0.458976 0.0241646
v -1.93002 -0.454213 0.0284144
v -1.93002 -0.448779 0.031572
v -1.93002 -0.442883 0.0335167
v -1.93002 -0.436751 0.0341734
v -1.93002 -0.430618 0.0335167
v -1.93002 -0.424722 0.031572
v -1.93002 -0.419288 0.0284144
v -1.93534 -0.418615 0.0197179
v -1.93534 -0.422502 0.0231854
v -1.93534 -0.426936 0.025762
v -1.93534 -0.431747 0.0273485
v -1.93534 -0.436751 0.0278842
v -1.93534 -0.441754 0.0273485
v -1.93534 -0.446565 0.025762
v -1.93534 -0.450999 0.0231851
v -1.93534 -0.454886 0.0197176
v -1.93534 -0.458075 0.0154926
v -1.93534 -0.460445 0.0106718
v -1.93534 -0.461905 0.00544143
v -1.93534 -0.411596 0.00544143
v -1.93534 -0.413056 0.0106718
v -1.93534 -0.415426 0.0154922
v -1.10417 -0.321601 0.209736
v -1.10417 -0.356049 0.205706
v -1.10417 -0.389172 0.193771
v -1.10417 -0.419699 0.174389
v -1.10417 -0.456798 0.148306
v -1.10417 -0.471714 0.116524
v -1.10417 -0.484733 0.0802638
v -1.10417 -0.494781 0.040919
v -0.280041 -0.497909 0.0421916
v -0.096569 -0.496035 0.0417812
v -0.280041 -0.491484 0.0827593
v -0.096569 -0.489538 0.0819544
v -0.280041 -0.48105 0.120147
v -0.096569 -0.478985 0.118978
v -0.280041 -0.467009 0.152918
v -0.096569 -0.464785 0.15143
v -0.280041 -0.41487 0.179812
v -0.096569 -0.410574 0.178063
v -0.280041 -0.380196 0.199796
v -0.096569 -0.375506 0.197852
v -0.280041 -0.342572 0.212102
v -0.096569 -0.337455 0.210039
v -0.280041 -0.303444 0.216257
v -0.096569 -0.297884 0.214154
v -0.280041 -0.24996 0.212102
v -0.096569 -0.243955 0.210039
v -0.096569 -0.0482198 0.151431
v -0.096569 -0.0990557 0.178063
v 0.168229 -0.0916416 0.17617
v 0.168229 -0.0456094 0.149821
v -0.096569 -0.19595 0.197853
v 0.168229 -0.180667 0.195749
v 0.168229 -0.2296 0.207806
v 0.168229 -0.286089 0.211877
v 0.168229 -0.326625 0.207806
v 0.168229 -0.365604 0.195749
v 0.168229 -0.401527 0.184929
v 0.168229 -0.460113 0.14982
v 0.168229 -0.47466 0.117714
v 0.168229 -0.48547 0.0810832
v 0.168229 -0.492126 0.041337
v 0.168229 0.101557 0.0413352
v -0.096569 0.108238 0.0819529
v 0.168229 0.0829966 0.0790099
v 0.168229 0.0111295 0.117712
v 0.343835 -0.0518597 0.149845
v 0.343835 2.95993e-005 0.117731
v 0.343835 0.0681945 0.0790232
v 0.343835 0.0890413 0.041342
v 0.343835 -0.489221 0.0413438
v 0.343835 -0.482412 0.0810965
v 0.343835 -0.471354 0.117733
v 0.343835 -0.456473 0.149845
v 0.343835 -0.394338 0.186437
v 0.343835 -0.35759 0.199569
v 0.343835 -0.317717 0.20784
v 0.343835 -0.27625 0.211912
v 0.343835 -0.223617 0.20784
v 0.343835 -0.17379 0.195781
v 0.343835 -0.0911663 0.176199
v 0.51279 -0.0936752 0.171857
v 0.51279 -0.0555065 0.146153
v 0.51279 -0.171247 0.190956
v 0.51279 -0.217148 0.202718
v 0.51279 -0.272429 0.20669
v 0.51279 -0.313353 0.20598
v 0.51279 -0.352705 0.199778
v 0.51279 -0.388972 0.190941
v 0.51279 -0.453215 0.146152
v 0.51279 -0.467902 0.114832
v 0.51279 -0.478814 0.0790978
v 0.51279 -0.485534 0.040325
v 0.51279 0.0774332 0.0403232
v 0.512491 0.0533096 0.0770245
v 0.51279 -0.0072831 0.11483
v 0.903913 -0.0751118 0.136889
v 0.903913 -0.0315834 0.107551
v 0.903838 0.0237935 0.0728721
v 0.903913 0.0499739 0.0377679
v 0.903913 -0.460919 0.0377692
v 0.903913 -0.451348 0.0740847
v 0.903913 -0.435807 0.107553
v 0.903913 -0.414892 0.136889
v 0.903913 -0.372418 0.160963
v 0.903913 -0.337069 0.178853
v 0.903913 -0.298712 0.189869
v 0.903913 -0.258823 0.193588
v 0.903913 -0.205889 0.189869
v 0.903913 -0.164539 0.178853
v 0.903913 -0.106096 0.160964
v 1.19393 -0.113241 0.14195
v 1.19393 -0.0828619 0.120719
v 1.19393 -0.1479 0.157725
v 1.19393 -0.192418 0.16744
v 1.19393 -0.233256 0.17072
v 1.19393 -0.272367 0.16744
v 1.19393 -0.309973 0.157725
v 1.19393 -0.344632 0.14195
v 1.19393 -0.385195 0.120718
v 1.19393 -0.407641 0.0948483
v 1.19393 -0.422878 0.0653335
v 1.19393 -0.432262 0.0333079
v 1.19393 0.0340935 0.0333066
v 1.19397 0.0083949 0.0645301
v 1.19393 -0.0471412 0.0948474
v 1.37563 -0.0779566 0.10419
v 1.37563 -0.045979 0.0818609
v 1.3757 0.0049269 0.0556673
v 1.37563 0.0290365 0.0287469
v 1.37563 -0.400704 0.0287482
v 1.37563 -0.389885 0.0563885
v 1.37563 -0.372316 0.0818618
v 1.37563 -0.348673 0.10419
v 1.37563 -0.318013 0.122513
v 1.37563 -0.285145 0.13613
v 1.37563 -0.249481 0.144514
v 1.37563 -0.212391 0.147345
v 1.37563 -0.1753 0.145138
v 1.37563 -0.139636 0.13613
v 1.37563 -0.106767 0.122514
v 1.57972 -0.0870256 0.0953178
v 1.57972 -0.0625244 0.0810619
v 1.57972 -0.114979 0.105911
v 1.57972 -0.14531 0.112435
v 1.57972 -0.176853 0.114637
v 1.57972 -0.208397 0.112435
v 1.57972 -0.238728 0.105911
v 1.57972 -0.266681 0.0953178
v 1.57972 -0.291182 0.0810619
v 1.57972 -0.31129 0.0636906
v 1.57972 -0.326231 0.043872
v 1.57972 -0.335432 0.0223677
v 1.57972 0.0165896 0.0223667
v 1.57984 -0.0043862 0.0438712
v 1.57972 -0.0424155 0.0592352
v 1.94781 -0.029859 0
v 1.94781 -0.0160955 0
v 1.94795 0.0077824 0
v 1.94781 0.0230909 8.03592e-006
v 1.63392 -0.3219 0.0245878
v 1.63392 -0.312409 0.0475
v 1.63392 -0.297312 0.0671752
v 1.63392 -0.277637 0.0822724
v 1.63392 -0.254725 0.091763
v 1.63392 -0.229398 0.0954785
v 1.63392 -0.200131 0.101359
v 1.63392 -0.169694 0.103345
v 1.94781 -0.0657624 0
v 1.94781 -0.0466294 0
v 1.94792 0.0025568 0
v -0.280798 -0.20391 0.198304
v -0.2808 -0.100478 0.176254
v -0.911624 -0.495779 0.0409644
v -0.719075 -0.496009 0.0410098
v -0.911624 -0.487647 0.0803523
v -0.719075 -0.489768 0.0804413
v -0.911624 -0.476308 0.116653
v -0.719075 -0.479634 0.116782
v -0.911624 -0.457658 0.149219
v -0.719075 -0.460088 0.14863
v -0.911624 -0.416819 0.174582
v -0.719075 -0.413939 0.174775
v -0.911624 -0.384715 0.193985
v -0.719075 -0.380258 0.194199
v -0.911624 -0.349881 0.205933
v -0.719075 -0.343712 0.206161
v -0.911624 -0.313654 0.209968
v -0.719075 -0.305706 0.2102
v -0.911624 -0.277427 0.209758
v -0.719075 -0.267699 0.209985
v -0.098904 0.0577167 0.102569
v 0.168229 0.0411967 0.101501
v 0.343835 0.0265252 0.101517
v 0.512641 0.0132736 0.099067
v 0.903875 -0.0115878 0.0928961
v 1.19395 -0.023999 0.0820838
v 1.37567 -0.0239296 0.0709143
v 1.57978 -0.0227048 0.0534916
v 1.94788 -0.0036606 0
v -0.499558 -0.304575 0.213229
v -0.499558 -0.25883 0.209132
v -0.499558 -0.343142 0.209131
v -0.499558 -0.380227 0.196998
v -0.499558 -0.414405 0.177293
v -0.499558 -0.460596 0.14859
v -0.499558 -0.480342 0.118464
v -0.499558 -0.490626 0.0816005
v -0.499558 -0.496959 0.0416005
v -0.500069 -0.213437 0.200661
v -1.41839 -0.215511 0.0955735
v -1.42237 -0.20381 0.0738187
v 0.168229 0.0957663 0.0612086
v 1.37567 0.0193286 0.0425672
v 0.343835 0.0814554 0.0612184
v 1.57978 0.008243 0.033119
v 0.512641 0.0681715 0.05971
v 1.94788 0.0169625 8.05082e-006
v 0.903875 0.0397458 0.0559255
v -0.087267 0.117198 0.061866
v 1.19395 0.0236072 0.0493195
v -0.104571 0.117248 0.0618466
v 1.57981 -0.0128494 0.0502195
v 0.343835 0.0480734 0.0922176
v 0.903856 0.0074595 0.0843905
v -0.097736 0.0836867 0.0931727
v 0.168229 0.0634241 0.0922028
v 1.19396 -0.00703408 0.0745725
v -0.116818 0.0839413 0.0939172
v 1.37568 -0.00873844 0.064427
v 0.512566 0.0346191 0.0899935
v -0.499558 -0.499097 -0.000119129
v -0.719075 -0.498116 -0.000119129
v -0.911624 -0.499347 -0.000119129
v 1.63392 -0.325708 -7.54214e-005
v 1.94781 0.029509 -5.94179e-006
v 1.57972 0.0265753 -8.15007e-005
v 1.57972 -0.338538 -8.22672e-005
v 1.37563 -0.404356 -0.000100141
v 1.37563 0.0383966 -9.89149e-005
v 1.19393 0.0442927 -0.000111123
v 1.19393 -0.435431 -0.000112488
v 0.903913 -0.46415 -0.000117595
v 0.903913 0.0584767 -0.000116172
v 0.51279 0.0838621 -0.000117689
v 0.51279 -0.487803 -0.000119129
v 0.343835 -0.49152 -0.000119129
v 0.343835 0.0971773 -0.000117689
v 0.168229 0.110595 -0.000117329
v 0.168229 -0.494374 -0.000119129
v -0.096569 -0.498229 -0.000119129
v -0.280041 -0.500078 -0.000119129
v -1.10417 -0.498174 -0.000119129
v -1.93534 -0.411104 -0.000118409
v -1.93534 -0.462397 -0.000118769
v -1.93002 -0.468182 -0.000118769
v -1.93002 -0.405319 -0.000118409
v -1.92259 -0.400362 -0.000118409
v -1.92259 -0.473139 -0.000118769
v -1.91022 -0.478696 -0.000131131
v -1.91022 -0.393097 -0.000130736
v -1.41319 -0.49677 -0.000119129
v -1.73249 -0.496716 -0.00012527
v -1.89629 -0.481508 -0.000135797
v -1.73249 -0.315324 -0.000124138
v -1.89629 -0.386901 -0.000135389
v -1.42527 -0.1973 -6.0089e-005
v -0.098574 0.131366 -0.000115169
v -0.070275 0.130829 -0.000117329
v -1.93862 -0.418613 -0.000118409
v -1.93862 -0.454888 -0.000118769
v -1.94023 -0.436751 -0.000118769
v -0.720054 -0.177662 0.195472
v -1.10369 -0.226685 0.170068
v -0.911844 -0.203733 0.183036
v -0.911844 -0.203733 -0.183019
v -1.10369 -0.226685 -0.170051
v -0.720054 -0.177662 -0.195455
v 0.512566 0.0346191 -0.0899773
v 1.37568 -0.00873844 -0.0644104
v -0.116818 0.0839413 -0.0939006
v 1.19396 -0.00703408 -0.0745559
v 0.168229 0.0634241 -0.0921866
v -0.097736 0.0836867 -0.0931561
v 0.903856 0.0074595 -0.0843742
v 0.343835 0.0480734 -0.0922014
v 1.57981 -0.0128494 -0.0502035
v -0.104571 0.117248 -0.0618304
v 1.19395 0.0236072 -0.049303
v -0.087267 0.117198 -0.0618498
v 0.903875 0.0397458 -0.0559089
v 0.512641 0.0681715 -0.0596934
v 1.57978 0.008243 -0.0331029
v 0.343835 0.0814554 -0.0612022
v 1.37567 0.0193286 -0.0425507
v 0.168229 0.0957663 -0.0611921
v -1.42237 -0.20381 -0.0738022
v -1.41839 -0.215511 -0.0955573
v -0.500069 -0.213437 -0.200644
v -0.499558 -0.496959 -0.0415843
v -0.499558 -0.490626 -0.0815839
v -0.499558 -0.480342 -0.118448
v -0.499558 -0.460596 -0.148573
v -0.499558 -0.414405 -0.177277
v -0.499558 -0.380227 -0.196981
v -0.499558 -0.343142 -0.209115
v -0.499558 -0.25883 -0.209115
v -0.499558 -0.304575 -0.213212
v 1.57978 -0.0227048 -0.0534753
v 1.37567 -0.0239296 -0.0708981
v 1.19395 -0.023999 -0.0820672
v 0.903875 -0.0115878 -0.0928795
v 0.512641 0.0132736 -0.0990504
v 0.343835 0.0265252 -0.1015
v 0.168229 0.0411967 -0.101484
v -0.098904 0.0577167 -0.102552
v -0.719075 -0.267699 -0.209969
v -0.911624 -0.277427 -0.209741
v -0.719075 -0.305706 -0.210183
v -0.911624 -0.313654 -0.209951
v -0.719075 -0.343712 -0.206144
v -0.911624 -0.349881 -0.205917
v -0.719075 -0.380258 -0.194182
v -0.911624 -0.384715 -0.193968
v -0.719075 -0.413939 -0.174758
v -0.911624 -0.416819 -0.174565
v -0.719075 -0.460088 -0.148613
v -0.911624 -0.457658 -0.149203
v -0.719075 -0.479634 -0.116765
v -0.911624 -0.476308 -0.116636
v -0.719075 -0.489768 -0.0804247
v -0.911624 -0.487647 -0.0803362
v -0.719075 -0.496009 -0.0409932
v -0.911624 -0.495779 -0.0409482
v -0.2808 -0.100478 -0.176238
v -0.280798 -0.20391 -0.198287
v 1.63392 -0.169694 -0.103328
v 1.63392 -0.200131 -0.101342
v 1.63392 -0.229398 -0.0954619
v 1.63392 -0.254725 -0.0917629
v 1.63392 -0.277637 -0.0822724
v 1.63392 -0.297312 -0.0671751
v 1.63392 -0.312409 -0.0475
v 1.63392 -0.3219 -0.0245878
v 1.57972 -0.0424155 -0.0592189
v 1.57984 -0.0043862 -0.0438549
v 1.57972 0.0165896 -0.0223507
v 1.57972 -0.335432 -0.0223515
v 1.57972 -0.326231 -0.043856
v 1.57972 -0.31129 -0.0636746
v 1.57972 -0.291182 -0.0810456
v 1.57972 -0.266681 -0.0953015
v 1.57972 -0.238728 -0.105895
v 1.57972 -0.208397 -0.112418
v 1.57972 -0.176853 -0.114621
v 1.57972 -0.14531 -0.112418
v 1.57972 -0.114979 -0.105895
v 1.57972 -0.0625244 -0.0810456
v 1.57972 -0.0870256 -0.0953015
v 1.37563 -0.106767 -0.122497
v 1.37563 -0.139636 -0.136113
v 1.37563 -0.1753 -0.145121
v 1.37563 -0.212391 -0.147328
v 1.37563 -0.249481 -0.144497
v 1.37563 -0.285145 -0.136113
v 1.37563 -0.318013 -0.122497
v 1.37563 -0.348673 -0.104173
v 1.37563 -0.372316 -0.0818456
v 1.37563 -0.389885 -0.0563719
v 1.37563 -0.400704 -0.0287319
v 1.37563 0.0290365 -0.0287306
v 1.3757 0.0049269 -0.0556507
v 1.37563 -0.045979 -0.0818443
v 1.37563 -0.0779566 -0.104174
v 1.19393 -0.0471412 -0.0948308
v 1.19397 0.0083949 -0.0645136
v 1.19393 0.0340935 -0.0332904
v 1.19393 -0.432262 -0.0332917
v 1.19393 -0.422878 -0.0653169
v 1.19393 -0.407641 -0.0948317
v 1.19393 -0.385195 -0.120701
v 1.19393 -0.344632 -0.141933
v 1.19393 -0.309973 -0.157708
v 1.19393 -0.272367 -0.167423
v 1.19393 -0.233256 -0.170704
v 1.19393 -0.192418 -0.167423
v 1.19393 -0.1479 -0.157709
v 1.19393 -0.0828619 -0.120702
v 1.19393 -0.113241 -0.141933
v 0.903913 -0.106096 -0.160947
v 0.903913 -0.164539 -0.178837
v 0.903913 -0.205889 -0.189852
v 0.903913 -0.258823 -0.193572
v 0.903913 -0.298712 -0.189852
v 0.903913 -0.337069 -0.178836
v 0.903913 -0.372418 -0.160947
v 0.903913 -0.414892 -0.136872
v 0.903913 -0.435807 -0.107536
v 0.903913 -0.451348 -0.0740681
v 0.903913 -0.460919 -0.037753
v 0.903913 0.0499739 -0.0377512
v 0.903838 0.0237935 -0.0728558
v 0.903913 -0.0315834 -0.107535
v 0.903913 -0.0751122 -0.136872
v 0.51279 -0.00728346 -0.114814
v 0.512491 0.0533096 -0.0770083
v 0.51279 0.0774332 -0.040307
v 0.51279 -0.485534 -0.0403085
v 0.51279 -0.478814 -0.0790816
v 0.51279 -0.467902 -0.114815
v 0.51279 -0.453215 -0.146135
v 0.51279 -0.388972 -0.17184
v 0.51279 -0.352705 -0.190939
v 0.51279 -0.313353 -0.202701
v 0.51279 -0.272429 -0.206673
v 0.51279 -0.217148 -0.202701
v 0.51279 -0.171247 -0.19094
v 0.51279 -0.0555065 -0.146136
v 0.51279 -0.0936752 -0.17184
v 0.343835 -0.0911663 -0.176182
v 0.343835 -0.17379 -0.195765
v 0.343835 -0.223617 -0.207823
v 0.343835 -0.27625 -0.211895
v 0.343835 -0.317717 -0.207823
v 0.343835 -0.35759 -0.195764
v 0.343835 -0.394338 -0.176182
v 0.343835 -0.456473 -0.149828
v 0.343835 -0.471354 -0.117716
v 0.343835 -0.482412 -0.0810799
v 0.343835 -0.489221 -0.0413273
v 0.343835 0.0890413 -0.0413258
v 0.343835 0.0681945 -0.0790067
v 0.343835 2.95993e-005 -0.117715
v 0.343835 -0.0518597 -0.149829
v 0.168229 0.0111295 -0.117696
v 0.168229 0.0829966 -0.0789937
v -0.096569 0.108238 -0.0819364
v 0.168229 0.101557 -0.041319
v 0.168229 -0.492126 -0.0413208
v 0.168229 -0.48547 -0.081067
v 0.168229 -0.47466 -0.117697
v 0.168229 -0.460113 -0.149804
v 0.168229 -0.401527 -0.176153
v 0.168229 -0.365604 -0.195733
v 0.168229 -0.326625 -0.207789
v 0.168229 -0.286089 -0.21186
v 0.168229 -0.2296 -0.20779
v 0.168229 -0.180667 -0.195733
v -0.096569 -0.19595 -0.197836
v 0.168229 -0.0456094 -0.149804
v 0.168229 -0.0916416 -0.176154
v -0.096569 -0.0990557 -0.178046
v -0.096569 -0.0482198 -0.151414
v -0.096569 -0.243955 -0.210022
v -0.280041 -0.24996 -0.212086
v -0.096569 -0.297884 -0.214137
v -0.280041 -0.303444 -0.216241
v -0.096569 -0.337455 -0.210022
v -0.280041 -0.342572 -0.212086
v -0.096569 -0.375506 -0.197836
v -0.280041 -0.380196 -0.199779
v -0.096569 -0.410574 -0.178046
v -0.280041 -0.41487 -0.179795
v -0.096569 -0.464785 -0.151413
v -0.280041 -0.467009 -0.152901
v -0.096569 -0.478985 -0.118962
v -0.280041 -0.48105 -0.12013
v -0.096569 -0.489538 -0.0819382
v -0.280041 -0.491484 -0.0827431
v -0.096569 -0.496035 -0.0417647
v -0.280041 -0.497909 -0.0421751
v -1.10417 -0.494781 -0.0409028
v -1.10417 -0.484733 -0.0802472
v -1.10417 -0.471714 -0.116507
v -1.10417 -0.456798 -0.148289
v -1.10417 -0.419699 -0.174373
v -1.10417 -0.389172 -0.193754
v -1.10417 -0.356049 -0.205689
v -1.10417 -0.321601 -0.209719
v -1.93534 -0.415426 -0.015476
v -1.93534 -0.413056 -0.0106553
v -1.93534 -0.411596 -0.00542481
v -1.93534 -0.461905 -0.00542517
v -1.93534 -0.460445 -0.0106556
v -1.93534 -0.458075 -0.015476
v -1.93534 -0.454886 -0.0197014
v -1.93534 -0.450999 -0.0231689
v -1.93534 -0.446565 -0.0257454
v -1.93534 -0.441754 -0.0273323
v -1.93534 -0.436751 -0.027868
v -1.93534 -0.431747 -0.0273323
v -1.93534 -0.426936 -0.0257454
v -1.93534 -0.422502 -0.0231689
v -1.93534 -0.418615 -0.0197014
v -1.93002 -0.419288 -0.0283979
v -1.93002 -0.424722 -0.0315558
v -1.93002 -0.430618 -0.0335002
v -1.93002 -0.436751 -0.0341568
v -1.93002 -0.442883 -0.0335002
v -1.93002 -0.448779 -0.0315558
v -1.93002 -0.454213 -0.0283979
v -1.93002 -0.458976 -0.0241484
v -1.93002 -0.462885 -0.0189702
v -1.93002 -0.46579 -0.0130622
v -1.93002 -0.467578 -0.00665205
v -1.93002 -0.405923 -0.00665169
v -1.93002 -0.407711 -0.0130619
v -1.93002 -0.414525 -0.0241484
v -1.93002 -0.410616 -0.0189698
v -1.92259 -0.406494 -0.0219636
v -1.92259 -0.403132 -0.0151243
v -1.92259 -0.401061 -0.00770289
v -1.92259 -0.47244 -0.00770325
v -1.92259 -0.470369 -0.0151247
v -1.92259 -0.467007 -0.021964
v -1.92259 -0.462481 -0.0279587
v -1.92259 -0.456967 -0.0328788
v -1.92259 -0.450676 -0.0365346
v -1.92259 -0.44385 -0.0387857
v -1.92259 -0.436751 -0.039546
v -1.92259 -0.429651 -0.0387857
v -1.92259 -0.422825 -0.0365346
v -1.92259 -0.416534 -0.0328788
v -1.92259 -0.41102 -0.027959
v -1.91022 -0.412119 -0.0399171
v -1.91022 -0.419518 -0.0443553
v -1.91022 -0.427547 -0.047088
v -1.91022 -0.435897 -0.0480109
v -1.91022 -0.444246 -0.047088
v -1.91022 -0.452275 -0.0443549
v -1.91022 -0.459675 -0.0399171
v -1.91022 -0.466159 -0.0339444
v -1.91022 -0.471483 -0.0266668
v -1.91022 -0.475438 -0.0183636
v -1.91022 -0.477873 -0.00935444
v -1.91022 -0.393919 -0.00935404
v -1.91022 -0.396355 -0.0183632
v -1.91022 -0.405633 -0.0339444
v -1.91022 -0.400309 -0.0266665
v -1.41319 -0.345159 -0.180193
v -1.41319 -0.374737 -0.176731
v -1.41319 -0.403178 -0.166476
v -1.41319 -0.42939 -0.149823
v -1.41319 -0.452364 -0.127411
v -1.41319 -0.471219 -0.100104
v -1.41319 -0.48523 -0.0689483
v -1.41319 -0.493857 -0.0351425
v -1.55847 -0.265994 -0.0842501
v -1.55847 -0.254435 -0.0625689
v -1.55847 -0.244914 0.00074036
v -1.55847 -0.247317 -0.0390042
v -1.55847 -0.492678 -0.0293758
v -1.55847 -0.48556 -0.058333
v -1.55847 -0.474001 -0.0850205
v -1.55847 -0.458446 -0.108412
v -1.55847 -0.439491 -0.127609
v -1.55847 -0.417866 -0.141874
v -1.55847 -0.394401 -0.150658
v -1.55847 -0.369998 -0.153624
v -1.55847 -0.345596 -0.150658
v -1.55847 -0.322131 -0.141874
v -1.55847 -0.300505 -0.127609
v -1.73249 -0.355632 -0.0933759
v -1.89629 -0.407924 -0.0449266
v -1.73249 -0.371312 -0.103755
v -1.89629 -0.416103 -0.0499214
v -1.73249 -0.388326 -0.110146
v -1.89629 -0.424976 -0.0529972
v -1.73249 -0.40602 -0.112305
v -1.89629 -0.434204 -0.0540359
v -1.73249 -0.423714 -0.110146
v -1.89629 -0.443432 -0.0529972
v -1.73249 -0.440728 -0.103755
v -1.89629 -0.452307 -0.0499214
v -1.73249 -0.456408 -0.0933759
v -1.89629 -0.460484 -0.0449266
v -1.73249 -0.470152 -0.0794074
v -1.89629 -0.467653 -0.0382047
v -1.73249 -0.481431 -0.0623869
v -1.89629 -0.473535 -0.0300137
v -1.73249 -0.489812 -0.0429683
v -1.89629 -0.477907 -0.0206691
v -1.73249 -0.494973 -0.0218977
v -1.89629 -0.480599 -0.0105297
v -1.73249 -0.317066 -0.0257644
v -1.89629 -0.387809 -0.0105293
v -1.73249 -0.322227 -0.0445135
v -1.89629 -0.390501 -0.0206688
v -1.73249 -0.330608 -0.0623861
v -1.73249 -0.341888 -0.0794074
v -1.89629 -0.400755 -0.0382047
v -1.89629 -0.394872 -0.0300137
v -0.106942 0.108194 -0.0819414
v -0.126694 0.0582693 -0.104036
v -0.911684 -0.23891 -0.194363
v -1.42454 -0.197089 -0.0470754
v -1.31701 -0.224691 -0.135974
v -1.26967 -0.219301 -0.141597
v -1.41319 -0.28714 -0.158277
v -1.36305 -0.229828 -0.12595
v -1.41319 -0.260928 -0.143164
v -0.2808 -0.0278737 -0.147183
v -0.2808 -0.0477795 -0.154981
v -0.501 -0.0819528 -0.172637
v -0.501 -0.106289 -0.181454
v -0.720768 -0.130158 -0.186368
v -0.627126 -0.109617 -0.184442
v -0.71934 -0.225167 -0.20198
v -0.912004 -0.168556 -0.165736
v -1.10384 -0.200718 -0.153177
v -0.102201 0.121938 -0.0417193
v -0.077965 0.121794 -0.0417629
v -0.147035 0.0053954 -0.126933
v -0.099345 0.0191794 -0.11896
v -1.41317 -0.235545 -0.110067
v -1.55847 -0.28155 -0.108412
v -1.41319 -0.315581 -0.172474
v -1.10353 -0.252652 -0.183383
v -1.10417 -0.287154 -0.200147
v -1.93862 -0.42167 -0.0109404
v -1.93862 -0.419993 -0.00753117
v -1.93862 -0.418961 -0.00383217
v -1.93862 -0.45454 -0.00383253
v -1.93862 -0.453508 -0.00753153
v -1.93862 -0.451831 -0.0109408
v -1.93862 -0.449576 -0.0139288
v -1.93862 -0.446827 -0.0163811
v -1.93862 -0.443691 -0.018203
v -1.93862 -0.440289 -0.0193252
v -1.93862 -0.436751 -0.0197042
v -1.93862 -0.433212 -0.0193252
v -1.93862 -0.42981 -0.018203
v -1.93862 -0.423925 -0.0139288
v -1.93862 -0.426674 -0.0163811
v 1.63409 -0.004485 0.0417789
v 1.63409 -0.1419 0.107045
v 1.63409 -0.112008 0.100835
v 1.63409 -0.0603132 0.0771765
v 1.63409 -0.0404957 0.0584397
v 1.63409 0.0168311 0.0212949
v 1.63409 -0.0844595 0.0907489
v 1.63409 -0.0603132 -0.07716
v 1.63409 -0.0404957 -0.0584234
v 1.63409 -0.004485 -0.0417626
v 1.63409 0.0168311 -0.0212787
v 1.63409 -0.112008 -0.100818
v 1.63409 -0.0844595 -0.0907325
v 1.63409 -0.1419 -0.107029
v 1.63409 0.0083243 -0.0315194
v 1.63409 -0.0124406 -0.0478219
v 1.63409 -0.0217937 -0.0509348
v 1.63409 0.0263862 -7.81971e-005
v 1.63409 -0.0124406 0.0478381
v 1.63409 -0.0217937 0.0509513
v 1.63409 0.0083243 0.0315357
v 1.63392 -0.133847 0
v 1.63392 -0.142286 0.0398665
v 1.63392 -0.162115 0.0687048
v 1.63392 -0.185612 0.0847533
v -0.332371 -0.0790655 0.206076
v -0.395624 -0.102748 0.173218
v -0.395201 -0.104695 0.213696
v -0.0933034 -0.133735 0.318651
v -0.0933034 -0.168119 0.334209
v -0.0933034 -0.207348 0.345769
v -0.0933034 -0.249915 0.352888
v -0.0933034 -0.294183 0.355291
v -0.0933034 -0.33845 0.352888
v -0.0933034 -0.381016 0.345769
v -0.0933034 -0.420245 0.334209
v -0.0933034 -0.454631 0.318651
v -0.0933034 -0.48285 0.299694
v -0.0933034 -0.496946 0.28026
v -0.0933034 -0.505187 0.254598
v -0.0933034 -0.506002 0.230193
v -0.0933034 -0.505187 0.196993
v -0.0933034 -0.503818 0.164327
v -0.0933034 -0.50151 0.122005
v -0.0933034 -0.497842 0
v -0.314915 -0.0819991 0.261219
v -0.30577 -0.0843175 0.287058
v -0.0933034 -0.105516 0.299694
v -0.395201 -0.168555 0.346247
v -0.395201 -0.199724 0.364667
v -0.395201 -0.235284 0.378354
v -0.395201 -0.273868 0.386783
v -0.395201 -0.313995 0.389629
v -0.395201 -0.354123 0.386783
v -0.395201 -0.392707 0.378354
v -0.395201 -0.428267 0.364667
v -0.395201 -0.459436 0.346246
v -0.395201 -0.485015 0.323801
v -0.395201 -0.497793 0.300543
v -0.395201 -0.505264 0.270409
v -0.395201 -0.506002 0.241513
v -0.395201 -0.505264 0.212617
v -0.395201 -0.504022 0.174706
v -0.395201 -0.503675 0.132607
v -0.395201 -0.503479 0
v -0.395201 -0.104695 0.213696
v -0.395201 -0.108311 0.241512
v -0.395201 -0.112263 0.270408
v -0.395201 -0.123967 0.298193
v -0.395201 -0.142974 0.323801
v 0.51279 -0.487803 -0.000119127
v 0.51279 -0.485534 0.040325
v 0.51279 -0.478814 0.0790978
v 0.51279 -0.467902 0.114832
v 0.51279 -0.453215 0.146152
v 0.51279 -0.388972 0.190941
v 0.51279 -0.352705 0.199777
v 0.51279 -0.313353 0.20598
v 0.51279 -0.272429 0.20669
v 0.51279 -0.217148 0.202718
v 0.51279 -0.171247 0.190956
v 0.421638 -0.147544 0.173117
v 0.149688 -0.2323 0.218531
v 0.149688 -0.252215 0.231896
v 0.149688 -0.274936 0.241828
v 0.149688 -0.29959 0.247943
v 0.149688 -0.325229 0.250009
v 0.149688 -0.350868 0.247943
v 0.149688 -0.375522 0.241828
v 0.149688 -0.398243 0.231896
v 0.149688 -0.418158 0.218531
v 0.149688 -0.434502 0.202245
v 0.149688 -0.446647 0.183664
v 0.149688 -0.44744 0.163503
v 0.149688 -0.447912 0.142536
v 0.149688 -0.44744 0.121569
v 0.149688 -0.446647 0.101408
v 0.149688 -0.434502 0.0828272
v 0.149688 -0.196333 0.121569
v 0.149688 -0.193807 0.142536
v 0.149688 -0.196333 0.163503
v 0.149688 -0.203811 0.183664
v 0.149688 -0.215956 0.202245
v 0.149688 -0.325229 0.142536
v -0.602542 -0.22132 0.309089
v -0.602542 -0.208952 0.284037
v -0.604588 -0.201336 0.256855
v -0.613256 -0.198193 0.228595
v -0.619593 -0.474096 0.126125
v -0.619593 -0.44389 0.148083
v -0.619593 -0.456258 0.173135
v -0.619593 -0.457066 0.200318
v -0.612773 -0.457547 0.228587
v -0.604588 -0.457066 0.256856
v -0.602542 -0.456258 0.284039
v -0.602542 -0.44389 0.30909
v -0.602542 -0.427245 0.331048
v -0.602542 -0.406963 0.349069
v -0.602542 -0.383824 0.362459
v -0.602542 -0.358717 0.370705
v -0.602542 -0.332605 0.373489
v -0.602542 -0.306494 0.370705
v -0.602542 -0.281387 0.362459
v -0.602542 -0.258247 0.349069
v -0.602542 -0.237966 0.331048
v -0.629334 -0.247717 0.322558
v -0.629334 -0.265504 0.339086
v -0.629334 -0.285798 0.351367
v -0.629334 -0.307818 0.358929
v -0.629334 -0.330719 0.361483
v -0.629334 -0.353619 0.358929
v -0.629334 -0.375639 0.351367
v -0.629334 -0.395933 0.339085
v -0.629334 -0.413721 0.322558
v -0.629334 -0.428319 0.30242
v -0.629334 -0.439166 0.279444
v -0.63138 -0.439874 0.254514
v -0.646386 -0.427303 0.154754
v -0.641729 -0.213424 0.228495
v -0.63138 -0.215591 0.254512
v -0.629334 -0.222271 0.279443
v -0.629334 -0.233118 0.302419
v -0.651507 -0.242803 0.292732
v -0.651507 -0.232851 0.272771
v -0.655599 -0.226723 0.251111
v -0.661738 -0.224653 0.228495
v -0.661738 -0.432883 0.228587
v -0.655599 -0.432496 0.251112
v -0.651507 -0.431846 0.272772
v -0.651507 -0.421894 0.292733
v -0.651507 -0.4085 0.31023
v -0.651507 -0.392181 0.324589
v -0.651507 -0.373562 0.335258
v -0.651507 -0.353359 0.341829
v -0.651507 -0.332349 0.344047
v -0.651507 -0.311338 0.341829
v -0.651507 -0.291136 0.335259
v -0.651507 -0.272516 0.324589
v -0.651507 -0.256197 0.31023
v -0.666289 -0.261188 0.30009
v -0.666289 -0.276431 0.312666
v -0.666289 -0.293821 0.32201
v -0.666289 -0.31269 0.327764
v -0.666289 -0.332313 0.329707
v -0.666289 -0.351937 0.327764
v -0.666289 -0.370806 0.32201
v -0.666289 -0.388196 0.312665
v -0.666289 -0.403438 0.30009
v -0.666289 -0.415947 0.284766
v -0.668335 -0.425243 0.267284
v -0.670381 -0.42585 0.248314
v -0.674031 -0.426211 0.228586
v -0.67652 -0.231727 0.228586
v -0.670381 -0.23366 0.248313
v -0.668335 -0.239384 0.267283
v -0.666289 -0.248678 0.284765
v -0.669176 -0.251824 0.28264
v -0.671222 -0.242881 0.265819
v -0.673268 -0.237373 0.247567
v -0.679407 -0.235514 0.228495
v -0.676918 -0.422638 0.228586
v -0.673268 -0.422291 0.247568
v -0.671222 -0.421706 0.265819
v -0.669176 -0.412763 0.282641
v -0.669176 -0.400727 0.297384
v -0.669176 -0.386062 0.309484
v -0.669176 -0.36933 0.318475
v -0.669176 -0.351175 0.324012
v -0.669176 -0.332294 0.325881
v -0.669176 -0.313413 0.324012
v -0.669176 -0.295258 0.318475
v -0.669176 -0.278526 0.309484
v -0.669176 -0.26386 0.297384
v -0.669176 -0.26637 0.294843
v -0.669176 -0.280494 0.306496
v -0.669176 -0.296608 0.315154
v -0.669176 -0.314092 0.320486
v -0.669176 -0.332276 0.322287
v -0.669176 -0.350459 0.320486
v -0.669176 -0.367943 0.315154
v -0.669176 -0.384057 0.306496
v -0.669176 -0.398181 0.294843
v -0.669176 -0.409773 0.280644
v -0.671222 -0.418386 0.264444
v -0.673268 -0.418948 0.246867
v -0.676918 -0.419283 0.228586
v -0.679407 -0.239071 0.228495
v -0.673268 -0.240862 0.246866
v -0.671222 -0.246165 0.264444
v -0.669176 -0.254778 0.280643
v -0.662472 -0.25729 0.278945
v -0.664518 -0.248958 0.263274
v -0.666564 -0.243827 0.24627
v -0.672703 -0.242095 0.228586
v -0.679524 -0.243827 0.216552
v -0.670214 -0.41643 0.228586
v -0.666564 -0.416106 0.246271
v -0.664518 -0.415562 0.263275
v -0.662472 -0.40723 0.278946
v -0.662472 -0.396017 0.292682
v -0.662472 -0.382353 0.303955
v -0.662472 -0.366765 0.312331
v -0.662472 -0.349851 0.31749
v -0.662472 -0.33226 0.319231
v -0.662472 -0.31467 0.31749
v -0.662472 -0.297755 0.312332
v -0.662472 -0.282167 0.303955
v -0.662472 -0.268504 0.292682
v -0.0572612 -0.205568 0.287432
v -0.0572612 -0.230803 0.300777
v -0.0572612 -0.259594 0.310692
v -0.0572612 -0.290834 0.316798
v -0.0572612 -0.323323 0.31886
v -0.0572612 -0.355812 0.316798
v -0.0572612 -0.387052 0.310692
v -0.0572612 -0.415843 0.300777
v -0.0572612 -0.441078 0.287432
v -0.0572612 -0.461788 0.271172
v -0.0572612 -0.477177 0.252621
v -0.0572612 -0.478182 0.232492
v -0.0572612 -0.47878 0.211559
v -0.0572612 -0.159992 0.190625
v -0.0572612 -0.156792 0.211558
v -0.0572612 -0.159991 0.232491
v -0.0572612 -0.169468 0.25262
v -0.0572612 -0.184857 0.271172
v -0.0572612 -0.323323 0.211559
v -0.343426 -0.0763164 0.173117
v -0.619593 -0.198193 0.208959
v -0.613256 -0.198093 0.223122
v -0.621649 -0.198633 0.187502
v -0.639377 -0.219195 0.223122
v -0.640656 -0.219295 0.208959
v -0.642713 -0.219734 0.187502
v -0.639377 -0.219194 0.223122
v -0.662774 -0.256808 0.208959
v -0.661494 -0.256708 0.223122
v -0.66483 -0.257248 0.187502
v -0.671591 -0.301941 0.208959
v -0.670312 -0.301841 0.223122
v -0.673648 -0.302381 0.187502
v -0.666571 -0.369885 0.208959
v -0.668627 -0.370324 0.187502
v -0.665292 -0.369785 0.223122
v -0.646386 -0.439874 0.20266
v -0.646386 -0.439104 0.17773
v -0.639565 -0.440333 0.228587
v -0.332371 -0.0790655 -0.206076
v -0.395624 -0.102748 -0.173218
v -0.395201 -0.104695 -0.213696
v -0.0933034 -0.133735 -0.318651
v -0.0933034 -0.168119 -0.334209
v -0.0933034 -0.207348 -0.345769
v -0.0933034 -0.249915 -0.352888
v -0.0933034 -0.294183 -0.355291
v -0.0933034 -0.33845 -0.352888
v -0.0933034 -0.381016 -0.345769
v -0.0933034 -0.420245 -0.334209
v -0.0933034 -0.454631 -0.318651
v -0.0933034 -0.48285 -0.299694
v -0.0933034 -0.496946 -0.28026
v -0.0933034 -0.505187 -0.254598
v -0.0933034 -0.506002 -0.230193
v -0.0933034 -0.505187 -0.196993
v -0.0933034 -0.503818 -0.164327
v -0.0933034 -0.50151 -0.122005
v -0.314915 -0.0819991 -0.261219
v -0.30577 -0.0843175 -0.287058
v -0.0933034 -0.105516 -0.299694
v -0.395201 -0.168555 -0.346247
v -0.395201 -0.199724 -0.364667
v -0.395201 -0.235284 -0.378354
v -0.395201 -0.273868 -0.386783
v -0.395201 -0.313995 -0.389629
v -0.395201 -0.354123 -0.386783
v -0.395201 -0.392707 -0.378354
v -0.395201 -0.428267 -0.364667
v -0.395201 -0.459436 -0.346246
v -0.395201 -0.485015 -0.323801
v -0.395201 -0.497793 -0.300543
v -0.395201 -0.505264 -0.270409
v -0.395201 -0.506002 -0.241513
v -0.395201 -0.505264 -0.212617
v -0.395201 -0.504022 -0.174706
v -0.395201 -0.503675 -0.132607
v -0.395201 -0.104695 -0.213696
v -0.395201 -0.108311 -0.241512
v -0.395201 -0.112263 -0.270408
v -0.395201 -0.123967 -0.298193
v -0.395201 -0.142974 -0.323801
v 0.51279 -0.487803 0.000119127
v 0.51279 -0.485534 -0.0403251
v 0.51279 -0.478814 -0.0790979
v 0.51279 -0.467902 -0.114832
v 0.51279 -0.453215 -0.146152
v 0.51279 -0.388972 -0.190941
v 0.51279 -0.352705 -0.199777
v 0.51279 -0.313353 -0.20598
v 0.51279 -0.272429 -0.20669
v 0.51279 -0.217148 -0.202718
v 0.51279 -0.171247 -0.190956
v 0.421638 -0.147544 -0.173117
v 0.149688 -0.2323 -0.218531
v 0.149688 -0.252215 -0.231896
v 0.149688 -0.274936 -0.241828
v 0.149688 -0.29959 -0.247943
v 0.149688 -0.325229 -0.250009
v 0.149688 -0.350868 -0.247943
v 0.149688 -0.375522 -0.241828
v 0.149688 -0.398243 -0.231896
v 0.149688 -0.418158 -0.218531
v 0.149688 -0.434502 -0.202245
v 0.149688 -0.446647 -0.183664
v 0.149688 -0.44744 -0.163503
v 0.149688 -0.447912 -0.142536
v 0.149688 -0.44744 -0.121569
v 0.149688 -0.446647 -0.101408
v 0.149688 -0.434502 -0.0828273
v 0.149688 -0.196333 -0.121569
v 0.149688 -0.193807 -0.142536
v 0.149688 -0.196333 -0.163503
v 0.149688 -0.203811 -0.183664
v 0.149688 -0.215956 -0.202245
v 0.149688 -0.325229 -0.142536
v -0.602542 -0.22132 -0.309089
v -0.602542 -0.208952 -0.284037
v -0.604588 -0.201336 -0.256855
v -0.613256 -0.198193 -0.228595
v -0.619593 -0.474096 -0.126125
v -0.619593 -0.44389 -0.148083
v -0.619593 -0.456258 -0.173135
v -0.619593 -0.457066 -0.200318
v -0.612773 -0.457547 -0.228587
v -0.604588 -0.457066 -0.256856
v -0.602542 -0.456258 -0.284039
v -0.602542 -0.44389 -0.30909
v -0.602542 -0.427245 -0.331048
v -0.602542 -0.406963 -0.349069
v -0.602542 -0.383824 -0.362459
v -0.602542 -0.358717 -0.370705
v -0.602542 -0.332605 -0.373489
v -0.602542 -0.306494 -0.370705
v -0.602542 -0.281387 -0.362459
v -0.602542 -0.258247 -0.349069
v -0.602542 -0.237966 -0.331048
v -0.629334 -0.247717 -0.322558
v -0.629334 -0.265504 -0.339086
v -0.629334 -0.285798 -0.351367
v -0.629334 -0.307818 -0.358929
v -0.629334 -0.330719 -0.361483
v -0.629334 -0.353619 -0.358929
v -0.629334 -0.375639 -0.351367
v -0.629334 -0.395933 -0.339085
v -0.629334 -0.413721 -0.322558
v -0.629334 -0.428319 -0.30242
v -0.629334 -0.439166 -0.279444
v -0.63138 -0.439874 -0.254514
v -0.646386 -0.427303 -0.154754
v -0.641729 -0.213424 -0.228495
v -0.63138 -0.215591 -0.254512
v -0.629334 -0.222271 -0.279443
v -0.629334 -0.233118 -0.302419
v -0.651507 -0.242803 -0.292732
v -0.651507 -0.232851 -0.272771
v -0.655599 -0.226723 -0.251111
v -0.661738 -0.224653 -0.228495
v -0.661738 -0.432883 -0.228587
v -0.655599 -0.432496 -0.251112
v -0.651507 -0.431846 -0.272772
v -0.651507 -0.421894 -0.292733
v -0.651507 -0.4085 -0.31023
v -0.651507 -0.392181 -0.324589
v -0.651507 -0.373562 -0.335258
v -0.651507 -0.353359 -0.341829
v -0.651507 -0.332349 -0.344047
v -0.651507 -0.311338 -0.341829
v -0.651507 -0.291136 -0.335259
v -0.651507 -0.272516 -0.324589
v -0.651507 -0.256197 -0.31023
v -0.666289 -0.261188 -0.30009
v -0.666289 -0.276431 -0.312666
v -0.666289 -0.293821 -0.32201
v -0.666289 -0.31269 -0.327764
v -0.666289 -0.332313 -0.329707
v -0.666289 -0.351937 -0.327764
v -0.666289 -0.370806 -0.32201
v -0.666289 -0.388196 -0.312665
v -0.666289 -0.403438 -0.30009
v -0.666289 -0.415947 -0.284766
v -0.668335 -0.425243 -0.267284
v -0.670381 -0.42585 -0.248314
v -0.674031 -0.426211 -0.228586
v -0.67652 -0.231727 -0.228586
v -0.670381 -0.23366 -0.248313
v -0.668335 -0.239384 -0.267283
v -0.666289 -0.248678 -0.284765
v -0.669176 -0.251824 -0.28264
v -0.671222 -0.242881 -0.265819
v -0.673268 -0.237373 -0.247567
v -0.679407 -0.235514 -0.228495
v -0.676918 -0.422638 -0.228586
v -0.673268 -0.422291 -0.247568
v -0.671222 -0.421706 -0.265819
v -0.669176 -0.412763 -0.282641
v -0.669176 -0.400727 -0.297384
v -0.669176 -0.386062 -0.309484
v -0.669176 -0.36933 -0.318475
v -0.669176 -0.351175 -0.324012
v -0.669176 -0.332294 -0.325881
v -0.669176 -0.313413 -0.324012
v -0.669176 -0.295258 -0.318475
v -0.669176 -0.278526 -0.309484
v -0.669176 -0.26386 -0.297384
v -0.669176 -0.26637 -0.294843
v -0.669176 -0.280494 -0.306496
v -0.669176 -0.296608 -0.315154
v -0.669176 -0.314092 -0.320486
v -0.669176 -0.332276 -0.322287
v -0.669176 -0.350459 -0.320486
v -0.669176 -0.367943 -0.315154
v -0.669176 -0.384057 -0.306496
v -0.669176 -0.398181 -0.294843
v -0.669176 -0.409773 -0.280644
v -0.671222 -0.418386 -0.264444
v -0.673268 -0.418948 -0.246867
v -0.676918 -0.419283 -0.228586
v -0.679407 -0.239071 -0.228495
v -0.673268 -0.240862 -0.246866
v -0.671222 -0.246165 -0.264444
v -0.669176 -0.254778 -0.280643
v -0.662472 -0.25729 -0.278945
v -0.664518 -0.248958 -0.263274
v -0.666564 -0.243827 -0.24627
v -0.672703 -0.242095 -0.228586
v -0.679524 -0.243827 -0.216552
v -0.670214 -0.41643 -0.228586
v -0.666564 -0.416106 -0.246271
v -0.664518 -0.415562 -0.263275
v -0.662472 -0.40723 -0.278946
v -0.662472 -0.396017 -0.292682
v -0.662472 -0.382353 -0.303955
v -0.662472 -0.366765 -0.312331
v -0.662472 -0.349851 -0.31749
v -0.662472 -0.33226 -0.319231
v -0.662472 -0.31467 -0.31749
v -0.662472 -0.297755 -0.312332
v -0.662472 -0.282167 -0.303955
v -0.662472 -0.268504 -0.292682
v -0.0572612 -0.205568 -0.287432
v -0.0572612 -0.230803 -0.300777
v -0.0572612 -0.259594 -0.310692
v -0.0572612 -0.290834 -0.316798
v -0.0572612 -0.323323 -0.31886
v -0.0572612 -0.355812 -0.316798
v -0.0572612 -0.387052 -0.310692
v -0.0572612 -0.415843 -0.300777
v -0.0572612 -0.441078 -0.287432
v -0.0572612 -0.461788 -0.271172
v -0.0572612 -0.477177 -0.252621
v -0.0572612 -0.478182 -0.232492
v -0.0572612 -0.47878 -0.211559
v -0.0572612 -0.159992 -0.190625
v -0.0572612 -0.156792 -0.211558
v -0.0572612 -0.159991 -0.232491
v -0.0572612 -0.169468 -0.25262
v -0.0572612 -0.184857 -0.271172
v -0.0572612 -0.323323 -0.211559
v -0.343426 -0.0763164 -0.173117
v -0.619593 -0.198193 -0.208959
v -0.613256 -0.198093 -0.223122
v -0.621649 -0.198633 -0.187502
v -0.639377 -0.219195 -0.223122
v -0.640656 -0.219295 -0.208959
v -0.642713 -0.219734 -0.187502
v -0.639377 -0.219194 -0.223122
v -0.662774 -0.256808 -0.208959
v -0.661494 -0.256708 -0.223122
v -0.66483 -0.257248 -0.187502
v -0.671591 -0.301941 -0.208959
v -0.670312 -0.301841 -0.223122
v -0.673648 -0.302381 -0.187502
v -0.666571 -0.369885 -0.208959
v -0.668627 -0.370324 -0.187502
v -0.665292 -0.369785 -0.223122
v -0.646386 -0.439874 -0.20266
v -0.646386 -0.439104 -0.17773
v -0.639565 -0.440333 -0.228587
v -0.747594 -0.211939 0.228495
v -0.641729 -0.213423 0.228495
v -0.639711 -0.440318 0.228495
v -0.747594 -0.440199 0.228495
v -0.747494 -0.211839 0.223022
v -0.641629 -0.213323 0.223022
v -0.639611 -0.440218 0.223022
v -0.747494 -0.440099 0.223022
v -0.756184 -0.434548 0.228595
v -0.754941 -0.214233 0.228595
v -0.754841 -0.214133 0.223122
v -0.756084 -0.434448 0.223122
v -0.760371 -0.428233 0.228695
v -0.760989 -0.221369 0.228695
v -0.760889 -0.221269 0.223222
v -0.760271 -0.428133 0.223222
v -0.613256 -0.198193 0.228595
v -0.602721 -0.455755 0.228595
v -0.602621 -0.455655 0.223122
v -0.613256 -0.198093 0.223122
v -0.747594 -0.211939 -0.228495
v -0.641729 -0.213423 -0.228495
v -0.639711 -0.440318 -0.228495
v -0.747594 -0.440199 -0.228495
v -0.747494 -0.211839 -0.223022
v -0.641629 -0.213323 -0.223022
v -0.639611 -0.440218 -0.223022
v -0.747494 -0.440099 -0.223022
v -0.756184 -0.434548 -0.228595
v -0.754941 -0.214233 -0.228595
v -0.754841 -0.214133 -0.223122
v -0.756084 -0.434448 -0.223122
v -0.760371 -0.428233 -0.228695
v -0.760989 -0.221369 -0.228695
v -0.760889 -0.221269 -0.223222
v -0.760271 -0.428133 -0.223222
v -0.613256 -0.198193 -0.228595
v -0.602721 -0.455755 -0.228595
v -0.602621 -0.455655 -0.223122
v -0.613256 -0.198093 -0.223122
v 1.33262 -0.230037 0.000100004
v 1.64684 -0.230137 0.09
v 1.64684 -0.206843 0.0869333
v 1.64684 -0.185137 0.0779423
v 1.64684 -0.166497 0.0636396
v 1.64684 -0.152195 0.045
v 1.64684 -0.143204 0.0232937
v 1.64684 -0.140137 -7.54371e-009
v 1.64684 -0.143204 -0.0232937
v 1.64684 -0.152195 -0.045
v 1.64684 -0.166497 -0.0636396
v 1.64684 -0.185137 -0.0779423
v 1.64684 -0.206843 -0.0869333
v 1.64684 -0.230137 -0.09
v 1.64684 -0.253431 -0.0869333
v 1.64684 -0.275137 -0.0779423
v 1.64684 -0.293777 -0.0636396
v 1.64684 -0.308079 -0.045
v 1.64684 -0.31707 -0.0232937
v 1.64684 -0.320137 2.51457e-008
v 1.64684 -0.31707 0.0232937
v 1.64684 -0.308079 0.045
v 1.64684 -0.293777 0.0636396
v 1.64684 -0.275137 0.0779423
v 1.64684 -0.253431 0.0869333
v 1.33262 -0.230037 0.0901
v 1.33262 -0.206743 0.0870333
v 1.33262 -0.185037 0.0780423
v 1.33262 -0.166397 0.0637396
v 1.33262 -0.152095 0.0451
v 1.33262 -0.143104 0.0233937
v 1.33262 -0.140037 9.99942e-005
v 1.33262 -0.143104 -0.0231937
v 1.33262 -0.152095 -0.0449
v 1.33262 -0.166397 -0.0635396
v 1.33262 -0.185037 -0.0778423
v 1.33262 -0.206743 -0.0868333
v 1.33262 -0.230037 -0.0899
v 1.33262 -0.253331 -0.0868333
v 1.33262 -0.275037 -0.0778423
v 1.33262 -0.293677 -0.0635396
v 1.33262 -0.307979 -0.0449
v 1.33262 -0.31697 -0.0231937
v 1.33262 -0.320037 0.000100027
v 1.33262 -0.31697 0.0233937
v 1.33262 -0.307979 0.0451
v 1.33262 -0.293677 0.0637396
v 1.33262 -0.275037 0.0780423
v 1.33262 -0.253331 0.0870333
v 0.313297 -0.206441 1.73354
v 0.350946 -0.206624 1.73616
v 0.382337 -0.206211 1.73796
v 0.520769 -0.205814 1.74106
v 0.260468 -0.205165 1.71879
v 0.240507 -0.213852 1.68938
v 0.260537 -0.215371 1.68401
v 0.307368 -0.215345 1.67146
v 0.384105 -0.211479 1.7134
v 0.519046 -0.204677 1.71485
v 0.375 -0.191897 1.69394
v 0.358012 -0.181797 1.66347
v 0.283491 -0.182778 1.67786
v 0.250911 -0.184342 1.68659
v 0.236156 -0.186712 1.69054
v 0.225259 -0.19054 1.69346
v 0.217487 -0.196363 1.69555
v 0.214083 -0.201429 1.69646
v 0.216327 -0.205346 1.69586
v 0.227285 -0.211148 1.69292
v 0.179787 -0.21347 1.65312
v 0.199817 -0.215472 1.64775
v 0.246648 -0.215436 1.6352
v 0.384005 -0.211579 1.67414
v 0.516794 -0.204046 1.67414
v 0.358012 -0.181797 1.66364
v 0.268115 -0.167412 1.61306
v 0.222771 -0.172533 1.6416
v 0.190191 -0.174593 1.65033
v 0.175436 -0.177716 1.65428
v 0.164539 -0.182759 1.6572
v 0.156767 -0.19043 1.65928
v 0.153363 -0.197104 1.6602
v 0.155607 -0.202264 1.6596
v 0.166565 -0.209907 1.65666
v 0.155964 -0.213236 1.61286
v 0.176701 -0.215571 1.61286
v 0.225184 -0.21553 1.61286
v 0.383905 -0.211679 1.61286
v 0.512659 -0.204146 1.61286
v 0.378867 -0.182172 1.61286
v 0.200464 -0.165471 1.61286
v 0.166735 -0.167875 1.61286
v 0.151459 -0.171519 1.61286
v 0.140178 -0.177402 1.61286
v 0.132132 -0.186353 1.61286
v 0.128608 -0.19414 1.61286
v 0.130931 -0.200161 1.61286
v 0.142276 -0.209079 1.61286
v -0.060178 -0.199219 0.971664
v -0.028991 -0.202903 0.971664
v 0.0439249 -0.202838 0.971664
v 0.282632 -0.196765 0.971664
v 0.476271 -0.184884 0.971664
v 0.275056 -0.150228 0.971664
v 0.0931895 -0.12703 0.971664
v 0.00674801 -0.123889 0.971664
v -0.043979 -0.127681 0.971664
v -0.066952 -0.133427 0.971664
v -0.083919 -0.142706 0.971664
v -0.09602 -0.156823 0.971664
v -0.101319 -0.169103 0.971664
v -0.097826 -0.178599 0.971664
v -0.080764 -0.192663 0.971664
v -0.305374 -0.17307 0.261219
v -0.261451 -0.178169 0.261219
v -0.158757 -0.178079 0.261219
v 0.161118 -0.169672 0.263938
v 0.433834 -0.153227 0.263938
v 0.150447 -0.105256 0.263938
v -0.089374 -0.0731433 0.261219
v -0.211117 -0.0687953 0.261219
v -0.282559 -0.0740446 0.261219
v -0.314915 -0.0819991 0.261219
v -0.33881 -0.0948431 0.261219
v -0.355853 -0.114383 0.261219
v -0.363316 -0.131383 0.261219
v -0.358396 -0.144527 0.261219
v -0.334366 -0.163995 0.261219
v -0.117885 -0.0674606 0.173117
v -0.386907 -0.138844 0.173117
v -0.384365 -0.108701 0.173117
v -0.362878 -0.158312 0.173117
v -0.367322 -0.0891604 0.173117
v -0.391827 -0.1257 0.173117
v -0.343426 -0.0763164 0.173117
v -0.31107 -0.0683619 0.173117
v -0.239628 -0.0631125 0.173117
v 0.138251 -0.0995728 0.173117
v 0.421638 -0.147544 0.173117
v 0.148922 -0.16399 0.173117
v -0.187269 -0.172397 0.173117
v -0.289962 -0.172486 0.173117
v -0.333885 -0.167387 0.173117
v 0.431105 -0.190752 1.61286
v 0.431105 -0.208918 1.61286
v 0.338956 -0.161234 0.971664
v 0.338956 -0.193309 0.971664
v 0.313297 -0.206441 -1.73354
v 0.350946 -0.206624 -1.73616
v 0.382337 -0.206211 -1.73796
v 0.520769 -0.205814 -1.74106
v 0.260468 -0.205165 -1.71879
v 0.240507 -0.213852 -1.68938
v 0.260537 -0.215371 -1.68401
v 0.307368 -0.215345 -1.67146
v 0.384105 -0.211479 -1.7134
v 0.519046 -0.204677 -1.71485
v 0.375 -0.191897 -1.69394
v 0.358012 -0.181797 -1.66347
v 0.283491 -0.182778 -1.67786
v 0.250911 -0.184342 -1.68659
v 0.236156 -0.186712 -1.69054
v 0.225259 -0.19054 -1.69346
v 0.217487 -0.196363 -1.69555
v 0.214083 -0.201429 -1.69646
v 0.216327 -0.205346 -1.69586
v 0.227285 -0.211148 -1.69292
v 0.179787 -0.21347 -1.65312
v 0.199817 -0.215472 -1.64775
v 0.246648 -0.215436 -1.6352
v 0.384005 -0.211579 -1.67414
v 0.516794 -0.204046 -1.67414
v 0.358012 -0.181797 -1.66364
v 0.268115 -0.167412 -1.61306
v 0.222771 -0.172533 -1.6416
v 0.190191 -0.174593 -1.65033
v 0.175436 -0.177716 -1.65428
v 0.164539 -0.182759 -1.6572
v 0.156767 -0.19043 -1.65928
v 0.153363 -0.197104 -1.6602
v 0.155607 -0.202264 -1.6596
v 0.166565 -0.209907 -1.65666
v 0.155964 -0.213236 -1.61286
v 0.176701 -0.215571 -1.61286
v 0.225184 -0.21553 -1.61286
v 0.383905 -0.211679 -1.61286
v 0.512659 -0.204146 -1.61286
v 0.378867 -0.182172 -1.61286
v 0.200464 -0.165471 -1.61286
v 0.166735 -0.167875 -1.61286
v 0.151459 -0.171519 -1.61286
v 0.140178 -0.177402 -1.61286
v 0.132132 -0.186353 -1.61286
v 0.128608 -0.19414 -1.61286
v 0.130931 -0.200161 -1.61286
v 0.142276 -0.209079 -1.61286
v -0.060178 -0.199219 -0.971664
v -0.028991 -0.202903 -0.971664
v 0.0439249 -0.202838 -0.971664
v 0.282632 -0.196765 -0.971664
v 0.476271 -0.184884 -0.971664
v 0.275056 -0.150228 -0.971664
v 0.0931895 -0.12703 -0.971664
v 0.00674801 -0.123889 -0.971664
v -0.043979 -0.127681 -0.971664
v -0.066952 -0.133427 -0.971664
v -0.083919 -0.142706 -0.971664
v -0.09602 -0.156823 -0.971664
v -0.101319 -0.169103 -0.971664
v -0.097826 -0.178599 -0.971664
v -0.080764 -0.192663 -0.971664
v -0.305374 -0.17307 -0.261219
v -0.261451 -0.178169 -0.261219
v -0.158757 -0.178079 -0.261219
v 0.161118 -0.169672 -0.263938
v 0.433834 -0.153227 -0.263938
v 0.150447 -0.105256 -0.263938
v -0.089374 -0.0731433 -0.261219
v -0.211117 -0.0687953 -0.261219
v -0.282559 -0.0740446 -0.261219
v -0.314915 -0.0819991 -0.261219
v -0.33881 -0.0948431 -0.261219
v -0.355853 -0.114383 -0.261219
v -0.363316 -0.131383 -0.261219
v -0.358396 -0.144527 -0.261219
v -0.334366 -0.163995 -0.261219
v -0.117885 -0.0674606 -0.173117
v -0.386907 -0.138844 -0.173117
v -0.384365 -0.108701 -0.173117
v -0.362878 -0.158312 -0.173117
v -0.367322 -0.0891604 -0.173117
v -0.391827 -0.1257 -0.173117
v -0.343426 -0.0763164 -0.173117
v -0.31107 -0.0683619 -0.173117
v -0.239628 -0.0631125 -0.173117
v 0.138251 -0.0995728 -0.173117
v 0.421638 -0.147544 -0.173117
v 0.148922 -0.16399 -0.173117
v -0.187269 -0.172397 -0.173117
v -0.289962 -0.172486 -0.173117
v -0.333885 -0.167387 -0.173117
v 0.431105 -0.190752 -1.61286
v 0.431105 -0.208918 -1.61286
v 0.338956 -0.161234 -0.971664
v 0.338956 -0.193309 -0.971664
vn -0.22486 0.974391 9.91292e-006
vn -0.22486 0.974391 9.91292e-006
vn -0.22486 0.974391 2.63504e-005
vn -0.22486 0.974391 2.63504e-005
vn -0.22486 0.974391 9.91292e-006
vn -0.22486 0.974391 -6.86956e-007
vn -0.22486 0.974391 -6.86956e-007
vn -0.22486 0.974391 9.91292e-006
vn -0.22486 0.974391 -6.86956e-007
vn -0.22486 0.974391 5.15064e-006
vn -0.22486 0.974391 5.15064e-006
vn -0.22486 0.974391 -6.86956e-007
vn 0.937337 -0.3476 0.0239515
vn 0.937337 -0.3476 0.0239515
vn 0.966941 -0.250509 0.0476423
vn 0.966941 -0.250509 0.0476423
vn 0.897567 -0.440878 -4.54379e-005
vn 0.897567 -0.440878 -4.54379e-005
vn 0.937337 -0.3476 0.0239515
vn 0.937337 -0.3476 0.0239515
vn 0.897567 -0.440878 -4.54379e-005
vn 0.897588 -0.440834 -5.03996e-005
vn 0.897588 -0.440834 -5.03996e-005
vn 0.897567 -0.440878 -4.54379e-005
vn 0.89758 -0.440853 6.51755e-006
vn 0.89758 -0.440853 6.51755e-006
vn 0.897588 -0.440834 -5.03996e-005
vn 0.897588 -0.440834 -5.03996e-005
vn 0.89758 -0.440853 6.51755e-006
vn 0.897567 -0.440878 3.24574e-005
vn 0.897567 -0.440878 3.24574e-005
vn 0.89758 -0.440853 6.51755e-006
vn 0.897563 -0.440886 5.5194e-005
vn 0.897563 -0.440886 5.5194e-005
vn 0.897567 -0.440878 3.24574e-005
vn 0.897567 -0.440878 3.24574e-005
vn 0.897563 -0.440886 5.5194e-005
vn 0.897576 -0.44086 1.92712e-005
vn 0.897576 -0.44086 1.92712e-005
vn 0.897563 -0.440886 5.5194e-005
vn 0.897576 -0.44086 1.92712e-005
vn 0.897587 -0.440837 -1.74284e-005
vn 0.897587 -0.440837 -1.74284e-005
vn 0.897576 -0.44086 1.92712e-005
vn 0.897574 -0.440863 -1.06215e-006
vn 0.897574 -0.440863 -1.06215e-006
vn 0.897587 -0.440837 -1.74284e-005
vn 0.897587 -0.440837 -1.74284e-005
vn 0.897567 -0.440878 3.24982e-006
vn 0.897574 -0.440863 -1.06215e-006
vn 0.897574 -0.440863 -1.06215e-006
vn 0.897567 -0.440878 3.24982e-006
vn 0.0113005 -0.227101 -0.973806
vn 0.0113005 -0.227101 -0.973806
vn 0.0113005 -0.227101 -0.973806
vn 0.0113005 -0.227101 -0.973806
vn -0.910495 -0.413519 -2.08473e-005
vn -0.910495 -0.413519 -2.08473e-005
vn -0.910504 -0.413501 -7.12875e-006
vn -0.910504 -0.413501 -7.12875e-006
vn -0.910504 -0.413501 -7.12875e-006
vn -0.910509 -0.41349 -2.92652e-006
vn -0.910509 -0.41349 -2.92652e-006
vn -0.910504 -0.413501 -7.12875e-006
vn -0.910511 -0.413486 -2.22464e-006
vn -0.910511 -0.413486 -2.22464e-006
vn -0.910509 -0.41349 -2.92652e-006
vn -0.910509 -0.41349 -2.92652e-006
vn -0.910513 -0.41348 1.50187e-005
vn -0.910513 -0.41348 1.50187e-005
vn -0.910511 -0.413486 -2.22464e-006
vn -0.910511 -0.413486 -2.22464e-006
vn -0.910513 -0.41348 1.50187e-005
vn -0.910509 -0.413489 1.02201e-005
vn -0.910509 -0.413489 1.02201e-005
vn -0.910513 -0.41348 1.50187e-005
vn -0.910507 -0.413495 2.48794e-005
vn -0.910507 -0.413495 2.48794e-005
vn -0.910509 -0.413489 1.02201e-005
vn -0.910509 -0.413489 1.02201e-005
vn -0.910507 -0.413495 2.48794e-005
vn -0.910492 -0.413526 3.38066e-005
vn -0.910492 -0.413526 3.38066e-005
vn -0.910507 -0.413495 2.48794e-005
vn -0.910492 -0.413526 3.38066e-005
vn -0.910442 -0.413637 -6.73732e-005
vn -0.910442 -0.413637 -6.73732e-005
vn -0.910492 -0.413526 3.38066e-005
vn -0.910442 -0.413637 -6.73732e-005
vn -0.908095 -0.415273 -0.0539674
vn -0.908095 -0.415273 -0.0539674
vn -0.910442 -0.413637 -6.73732e-005
vn -0.908095 -0.415273 -0.0539674
vn -0.903149 -0.415619 -0.107627
vn -0.903149 -0.415619 -0.107627
vn -0.908095 -0.415273 -0.0539674
vn 0.847837 0.529384 -0.0304109
vn 0.817205 0.574531 -0.0457123
vn 0.90026 0.435353 1.21084e-006
vn 0.900284 0.435304 -5.34085e-005
vn 0.800582 0.59886 0.0208524
vn 0.837716 0.54593 0.013859
vn -0.923055 -0.384109 0.0207453
vn -0.923055 -0.384109 0.0207453
vn -0.93433 -0.354001 0.041363
vn -0.93433 -0.354001 0.041363
vn -0.91045 -0.413618 6.52718e-005
vn -0.91045 -0.413618 6.52718e-005
vn -0.923055 -0.384109 0.0207453
vn -0.923055 -0.384109 0.0207453
vn -0.910487 -0.413539 9.6119e-006
vn -0.910487 -0.413539 9.6119e-006
vn -0.91045 -0.413618 6.52718e-005
vn -0.91045 -0.413618 6.52718e-005
vn -0.910506 -0.413497 -1.10251e-005
vn -0.910506 -0.413497 -1.10251e-005
vn -0.910487 -0.413539 9.6119e-006
vn -0.910487 -0.413539 9.6119e-006
vn -0.910506 -0.413497 -1.10251e-005
vn -0.910509 -0.413489 -1.20122e-008
vn -0.910509 -0.413489 -1.20122e-008
vn -0.910506 -0.413497 -1.10251e-005
vn -0.91051 -0.413486 -7.78723e-006
vn -0.91051 -0.413486 -7.78723e-006
vn -0.910509 -0.413489 -1.20122e-008
vn -0.910509 -0.413489 -1.20122e-008
vn -0.91051 -0.413486 -7.78723e-006
vn -0.910508 -0.413491 -3.44325e-006
vn -0.910508 -0.413491 -3.44325e-006
vn -0.91051 -0.413486 -7.78723e-006
vn -0.910508 -0.413491 -3.44325e-006
vn -0.910514 -0.413478 1.58732e-005
vn -0.910514 -0.413478 1.58732e-005
vn -0.910508 -0.413491 -3.44325e-006
vn -0.910525 -0.413453 1.96843e-005
vn -0.910525 -0.413453 1.96843e-005
vn -0.910514 -0.413478 1.58732e-005
vn -0.910514 -0.413478 1.58732e-005
vn -0.910531 -0.413442 2.4449e-005
vn -0.910525 -0.413453 1.96843e-005
vn -0.910525 -0.413453 1.96843e-005
vn -0.910531 -0.413442 2.4449e-005
vn 0.011337 -0.227187 0.973785
vn 0.011337 -0.227187 0.973785
vn 0.011337 -0.227187 0.973785
vn 0.011337 -0.227187 0.973785
vn 0.897581 -0.44085 -2.38291e-006
vn 0.897581 -0.44085 -2.38291e-006
vn 0.897587 -0.440838 1.59158e-005
vn 0.897587 -0.440838 1.59158e-005
vn 0.897587 -0.440838 1.59158e-005
vn 0.897581 -0.440849 1.88085e-005
vn 0.897581 -0.440849 1.88085e-005
vn 0.897587 -0.440838 1.59158e-005
vn 0.897566 -0.44088 -2.93098e-005
vn 0.897566 -0.44088 -2.93098e-005
vn 0.897581 -0.440849 1.88085e-005
vn 0.897581 -0.440849 1.88085e-005
vn 0.897565 -0.440881 -4.55417e-005
vn 0.897565 -0.440881 -4.55417e-005
vn 0.897566 -0.44088 -2.93098e-005
vn 0.897566 -0.44088 -2.93098e-005
vn 0.897565 -0.440881 -4.55417e-005
vn 0.89757 -0.440872 -2.0389e-005
vn 0.89757 -0.440872 -2.0389e-005
vn 0.897565 -0.440881 -4.55417e-005
vn 0.897583 -0.440846 2.54732e-005
vn 0.897583 -0.440846 2.54732e-005
vn 0.89757 -0.440872 -2.0389e-005
vn 0.89757 -0.440872 -2.0389e-005
vn 0.897583 -0.440846 2.54732e-005
vn 0.897584 -0.440843 5.71746e-005
vn 0.897584 -0.440843 5.71746e-005
vn 0.897583 -0.440846 2.54732e-005
vn 0.897565 -0.440883 -2.48923e-006
vn 0.897565 -0.440883 -2.48923e-006
vn 0.897584 -0.440843 5.71746e-005
vn 0.897584 -0.440843 5.71746e-005
vn 0.897565 -0.440883 -2.48923e-006
vn 0.932289 -0.361601 0.00901581
vn 0.932289 -0.361601 0.00901581
vn 0.897565 -0.440883 -2.48923e-006
vn 0.932289 -0.361601 0.00901581
vn 0.959959 -0.279562 0.01802
vn 0.959959 -0.279562 0.01802
vn 0.932289 -0.361601 0.00901581
vn -0.224853 0.974393 6.46671e-006
vn -0.224853 0.974393 6.46671e-006
vn -0.224846 0.974394 1.2092e-005
vn -0.224846 0.974394 1.2092e-005
vn -0.22486 0.974391 1.39435e-006
vn -0.22486 0.974391 1.39435e-006
vn -0.224853 0.974393 6.46671e-006
vn -0.224853 0.974393 6.46671e-006
vn -0.22486 0.974391 1.39435e-006
vn -0.22486 0.974391 1.94726e-006
vn -0.22486 0.974391 1.94726e-006
vn -0.22486 0.974391 1.39435e-006
vn 0.0563396 0.19661 -0.978862
vn 0.0559576 0.199323 -0.978335
vn 0.118494 0.177026 -0.977047
vn 0.0774664 0.221838 -0.972001
vn 0.0563396 0.19661 -0.978862
vn 0.118494 0.177026 -0.977047
vn 0.0563396 0.19661 -0.978862
vn 0.0774664 0.221838 -0.972001
vn 0.0547861 0.187372 -0.98076
vn -0.0555192 -0.182216 0.98169
vn -0.070468 -0.192002 0.978861
vn -0.104497 -0.16682 0.980434
vn -0.0551792 -0.184359 0.981309
vn -0.0555192 -0.182216 0.98169
vn -0.104497 -0.16682 0.980434
vn -0.0546152 -0.171856 0.983607
vn -0.070468 -0.192002 0.978861
vn -0.0555192 -0.182216 0.98169
vn -0.0555402 -0.182188 -0.981694
vn -0.0550759 -0.185156 -0.981165
vn -0.104422 -0.167247 -0.98037
vn -0.0694686 -0.197641 -0.97781
vn -0.0555402 -0.182188 -0.981694
vn -0.104422 -0.167247 -0.98037
vn -0.0555402 -0.182188 -0.981694
vn -0.0694686 -0.197641 -0.97781
vn -0.0546122 -0.171865 -0.983606
vn 0.0563904 0.196586 0.978864
vn 0.0774605 0.221832 0.972003
vn 0.118497 0.177041 0.977044
vn 0.0559942 0.199343 0.978329
vn 0.0563904 0.196586 0.978864
vn 0.118497 0.177041 0.977044
vn 0.0547944 0.187322 0.980769
vn 0.0774605 0.221832 0.972003
vn 0.0563904 0.196586 0.978864
vn 0.0353107 0.124738 -0.991561
vn 0.0356797 0.146331 -0.988592
vn 0.0547861 0.187372 -0.98076
vn 0.0774664 0.221838 -0.972001
vn 0.018456 0.00285164 -0.999826
vn 0.0274931 0.111367 -0.993399
vn 0.0356797 0.146331 -0.988592
vn 0.0353107 0.124738 -0.991561
vn 0.0274931 0.111367 -0.993399
vn 0.018456 0.00285164 -0.999826
vn 0.0437147 0.114134 -0.992503
vn 0.0326901 0.118499 -0.992416
vn 0.0274931 0.111367 -0.993399
vn 0.0437147 0.114134 -0.992503
vn -0.0362322 -0.109644 0.99331
vn -0.036793 -0.13234 0.990521
vn -0.0262097 -0.101426 0.994498
vn -0.0223019 0.0248344 0.999443
vn -0.0262097 -0.101426 0.994498
vn -0.0327554 -0.108443 0.993563
vn -0.0517228 -0.104414 0.993188
vn -0.0223019 0.0248344 0.999443
vn -0.0262097 -0.101426 0.994498
vn -0.0517228 -0.104414 0.993188
vn -0.070468 -0.192002 0.978861
vn -0.0546152 -0.171856 0.983607
vn -0.036793 -0.13234 0.990521
vn -0.0362322 -0.109644 0.99331
vn -0.0362473 -0.10964 -0.99331
vn -0.036814 -0.132347 -0.99052
vn -0.0546122 -0.171865 -0.983606
vn -0.0694686 -0.197641 -0.97781
vn -0.0190777 0.0237118 -0.999537
vn -0.026224 -0.101441 -0.994496
vn -0.036814 -0.132347 -0.99052
vn -0.0362473 -0.10964 -0.99331
vn -0.026224 -0.101441 -0.994496
vn -0.0190777 0.0237118 -0.999537
vn -0.051717 -0.10446 -0.993183
vn -0.0336754 -0.107985 -0.993582
vn -0.026224 -0.101441 -0.994496
vn -0.051717 -0.10446 -0.993183
vn 0.0353069 0.124737 0.991561
vn 0.0356799 0.146314 0.988595
vn 0.0274749 0.111353 0.993401
vn 0.0196173 -0.00446225 0.999798
vn 0.0274749 0.111353 0.993401
vn 0.0335971 0.118023 0.992442
vn 0.0437377 0.114095 0.992507
vn 0.0196173 -0.00446225 0.999798
vn 0.0274749 0.111353 0.993401
vn 0.0437377 0.114095 0.992507
vn 0.0774605 0.221832 0.972003
vn 0.0547944 0.187322 0.980769
vn 0.0356799 0.146314 0.988595
vn 0.0353069 0.124737 0.991561
vn -0.0500428 0.96299 -0.26485
vn -0.0534419 0.969531 -0.23907
vn -0.0570941 0.998369 -0.000326488
vn -0.0488189 0.954298 -0.294842
vn -0.0500428 0.96299 -0.26485
vn -0.0570941 0.998369 -0.000326488
vn -0.0500428 0.96299 -0.26485
vn -0.0488189 0.954298 -0.294842
vn -0.0405144 0.90812 -0.416746
vn -0.0405144 0.90812 -0.416746
vn -0.0405144 0.90812 -0.416746
vn -0.0405144 0.90812 -0.416746
vn -0.0290509 0.832268 -0.553611
vn -0.0290509 0.832268 -0.553611
vn -0.0290509 0.832268 -0.553611
vn -0.0290509 0.832268 -0.553611
vn -0.0139601 0.688783 -0.724833
vn -0.0139601 0.688783 -0.724833
vn -0.0139601 0.688783 -0.724833
vn -0.0139601 0.688783 -0.724833
vn 0.00345129 0.534281 -0.8453
vn 0.00345129 0.534281 -0.8453
vn 0.0588361 -0.998268 0.000349756
vn 0.05856 -0.998284 0.000339272
vn 0.0533322 -0.961603 0.269212
vn 0.0513444 -0.951684 0.302756
vn 0.0513444 -0.951684 0.302756
vn 0.0533322 -0.961603 0.269212
vn 0.0402858 -0.902896 0.427967
vn 0.0402858 -0.902896 0.427967
vn 0.0402858 -0.902896 0.427967
vn 0.0402858 -0.902896 0.427967
vn 0.0288348 -0.825088 0.564268
vn 0.0288348 -0.825088 0.564268
vn 0.0288348 -0.825088 0.564268
vn 0.0288348 -0.825088 0.564268
vn 0.0138798 -0.679135 0.733882
vn 0.0138798 -0.679135 0.733882
vn 0.0138798 -0.679135 0.733882
vn 0.0138798 -0.679135 0.733882
vn -0.00331975 -0.520437 0.853894
vn -0.00331975 -0.520437 0.853894
vn 0.00345129 0.534281 -0.8453
vn 0.00345129 0.534281 -0.8453
vn 0.0229453 0.429485 -0.902783
vn 0.0229453 0.429485 -0.902783
vn 0.0229453 0.429485 -0.902783
vn 0.0229453 0.429485 -0.902783
vn 0.0379464 0.374782 -0.926336
vn 0.0379464 0.374782 -0.926336
vn -0.0371175 -0.360331 0.932086
vn -0.0371175 -0.360331 0.932086
vn -0.022484 -0.413458 0.910245
vn -0.022484 -0.413458 0.910245
vn -0.022484 -0.413458 0.910245
vn -0.022484 -0.413458 0.910245
vn -0.00331975 -0.520437 0.853894
vn -0.00331975 -0.520437 0.853894
vn 0.0379464 0.374782 -0.926336
vn 0.0379464 0.374782 -0.926336
vn 0.0477318 0.273483 -0.960692
vn 0.0477318 0.273483 -0.960692
vn 0.118494 0.177026 -0.977047
vn 0.0559576 0.199323 -0.978335
vn 0.0538744 0.201288 -0.978049
vn 0.0538744 0.201288 -0.978049
vn 0.0477318 0.273483 -0.960692
vn 0.0477318 0.273483 -0.960692
vn 0.0538744 0.201288 -0.978049
vn 0.0538744 0.201288 -0.978049
vn -0.0530449 -0.186302 0.981059
vn -0.0530449 -0.186302 0.981059
vn -0.0467565 -0.260058 0.96446
vn -0.0467565 -0.260058 0.96446
vn -0.0530449 -0.186302 0.981059
vn -0.0530449 -0.186302 0.981059
vn -0.0551792 -0.184359 0.981309
vn -0.104497 -0.16682 0.980434
vn -0.0467565 -0.260058 0.96446
vn -0.0467565 -0.260058 0.96446
vn -0.0371175 -0.360331 0.932086
vn -0.0371175 -0.360331 0.932086
vn -0.0371296 -0.360336 -0.932083
vn -0.0371296 -0.360336 -0.932083
vn -0.0467315 -0.260062 -0.96446
vn -0.0467315 -0.260062 -0.96446
vn -0.104422 -0.167247 -0.98037
vn -0.0550759 -0.185156 -0.981165
vn -0.0528774 -0.187171 -0.980903
vn -0.0528774 -0.187171 -0.980903
vn -0.0467315 -0.260062 -0.96446
vn -0.0467315 -0.260062 -0.96446
vn -0.0528774 -0.187171 -0.980903
vn -0.0528774 -0.187171 -0.980903
vn 0.0538823 0.201471 0.978011
vn 0.0538823 0.201471 0.978011
vn 0.0477395 0.273645 0.960645
vn 0.0477395 0.273645 0.960645
vn 0.0538823 0.201471 0.978011
vn 0.0538823 0.201471 0.978011
vn 0.0559942 0.199343 0.978329
vn 0.118497 0.177041 0.977044
vn 0.0477395 0.273645 0.960645
vn 0.0477395 0.273645 0.960645
vn 0.0379709 0.374792 0.926331
vn 0.0379709 0.374792 0.926331
vn -0.00331933 -0.520448 -0.853887
vn -0.00331933 -0.520448 -0.853887
vn -0.0224969 -0.41345 -0.910249
vn -0.0224969 -0.41345 -0.910249
vn -0.0224969 -0.41345 -0.910249
vn -0.0224969 -0.41345 -0.910249
vn -0.0371296 -0.360336 -0.932083
vn -0.0371296 -0.360336 -0.932083
vn 0.0379709 0.374792 0.926331
vn 0.0379709 0.374792 0.926331
vn 0.0229704 0.429496 0.902777
vn 0.0229704 0.429496 0.902777
vn 0.0229704 0.429496 0.902777
vn 0.0229704 0.429496 0.902777
vn 0.00346425 0.534285 0.845297
vn 0.00346425 0.534285 0.845297
vn -0.00331933 -0.520448 -0.853887
vn -0.00331933 -0.520448 -0.853887
vn 0.01388 -0.67914 -0.733878
vn 0.01388 -0.67914 -0.733878
vn 0.01388 -0.67914 -0.733878
vn 0.01388 -0.67914 -0.733878
vn 0.0288325 -0.825085 -0.564272
vn 0.0288325 -0.825085 -0.564272
vn 0.0288325 -0.825085 -0.564272
vn 0.0288325 -0.825085 -0.564272
vn 0.0402818 -0.902898 -0.427964
vn 0.0402818 -0.902898 -0.427964
vn 0.0402818 -0.902898 -0.427964
vn 0.0402818 -0.902898 -0.427964
vn 0.0533329 -0.961726 -0.268773
vn 0.0513459 -0.951791 -0.30242
vn 0.0513459 -0.951791 -0.30242
vn 0.0533329 -0.961726 -0.268773
vn 0.05856 -0.998284 0.000339272
vn 0.0588361 -0.998268 0.000349756
vn 0.00346425 0.534285 0.845297
vn 0.00346425 0.534285 0.845297
vn -0.0139573 0.688791 0.724826
vn -0.0139573 0.688791 0.724826
vn -0.0139573 0.688791 0.724826
vn -0.0139573 0.688791 0.724826
vn -0.0290476 0.832266 0.553615
vn -0.0290476 0.832266 0.553615
vn -0.0290476 0.832266 0.553615
vn -0.0290476 0.832266 0.553615
vn -0.040518 0.908118 0.416749
vn -0.040518 0.908118 0.416749
vn -0.040518 0.908118 0.416749
vn -0.040518 0.908118 0.416749
vn -0.0488297 0.954396 0.294522
vn -0.0500519 0.963108 0.26442
vn -0.0500519 0.963108 0.26442
vn -0.0488297 0.954396 0.294522
vn -0.0570941 0.998369 -0.000326488
vn -0.0534461 0.969645 0.238606
vn -0.0500519 0.963108 0.26442
vn -0.0570941 0.998369 -0.000326488
vn 0.0326901 0.118499 -0.992416
vn 0.0329291 0.122806 -0.991884
vn 0.0484961 0.189447 -0.980693
vn 0.0491572 0.157142 -0.986352
vn 0.0329291 0.122806 -0.991884
vn 0.0326901 0.118499 -0.992416
vn 0.0437147 0.114134 -0.992503
vn -0.0327554 -0.108443 0.993563
vn -0.0344279 -0.112344 0.993073
vn -0.0517228 -0.104414 0.993188
vn -0.0488819 -0.145685 0.988123
vn -0.0478237 -0.178121 0.982846
vn -0.0344279 -0.112344 0.993073
vn -0.0327554 -0.108443 0.993563
vn -0.0534419 0.969531 -0.23907
vn -0.0490323 0.959061 -0.278921
vn -0.0588814 0.998265 -0.000309622
vn -0.0534419 0.969531 -0.23907
vn -0.0588814 0.998265 -0.000309622
vn -0.0570941 0.998369 -0.000326493
vn -0.0490323 0.959061 -0.278921
vn -0.0534419 0.969531 -0.23907
vn -0.0408302 0.915565 -0.400092
vn -0.0408302 0.915565 -0.400092
vn -0.0408302 0.915565 -0.400092
vn -0.0408302 0.915565 -0.400092
vn -0.0295526 0.844634 -0.534528
vn -0.0295526 0.844634 -0.534528
vn -0.0295526 0.844634 -0.534528
vn -0.0295526 0.844634 -0.534528
vn -0.0146738 0.70639 -0.707671
vn -0.0146738 0.70639 -0.707671
vn -0.0146738 0.70639 -0.707671
vn -0.0146738 0.70639 -0.707671
vn 0.00173247 0.57172 -0.820447
vn 0.00173247 0.57172 -0.820447
vn 0.0585988 -0.998282 0.000326103
vn 0.058913 -0.998263 0.000323399
vn 0.0516492 -0.956641 0.286654
vn 0.0535153 -0.964556 0.258397
vn 0.0535153 -0.964556 0.258397
vn 0.0516492 -0.956641 0.286654
vn 0.0406655 -0.910831 0.410771
vn 0.0406655 -0.910831 0.410771
vn 0.0406655 -0.910831 0.410771
vn 0.0406655 -0.910831 0.410771
vn 0.0293846 -0.837778 0.54522
vn 0.0293846 -0.837778 0.54522
vn 0.0293846 -0.837778 0.54522
vn 0.0293846 -0.837778 0.54522
vn 0.0146097 -0.696748 0.717167
vn 0.0146097 -0.696748 0.717167
vn 0.0146097 -0.696748 0.717167
vn 0.0146097 -0.696748 0.717167
vn -0.00154159 -0.559531 0.828808
vn -0.00154159 -0.559531 0.828808
vn 0.00173247 0.57172 -0.820447
vn 0.00173247 0.57172 -0.820447
vn 0.0198241 0.491894 -0.870429
vn 0.0198241 0.491894 -0.870429
vn 0.0198241 0.491894 -0.870429
vn 0.0198241 0.491894 -0.870429
vn 0.0364498 0.404332 -0.913886
vn 0.0364498 0.404332 -0.913886
vn -0.0355472 -0.391611 0.919444
vn -0.0355472 -0.391611 0.919444
vn -0.0192756 -0.479061 0.87757
vn -0.0192756 -0.479061 0.87757
vn -0.0192756 -0.479061 0.87757
vn -0.0192756 -0.479061 0.87757
vn -0.00154159 -0.559531 0.828808
vn -0.00154159 -0.559531 0.828808
vn 0.0364498 0.404332 -0.913886
vn 0.0364498 0.404332 -0.913886
vn 0.0452082 0.296855 -0.953852
vn 0.0452082 0.296855 -0.953852
vn 0.0484961 0.189447 -0.980693
vn 0.0518612 0.224595 -0.973071
vn 0.0566572 0.195593 -0.979047
vn 0.0491572 0.157142 -0.986352
vn 0.0452082 0.296855 -0.953852
vn 0.0452082 0.296855 -0.953852
vn 0.0518612 0.224595 -0.973071
vn 0.0484961 0.189447 -0.980693
vn -0.0478237 -0.178121 0.982846
vn -0.0505282 -0.212607 0.97583
vn -0.0439295 -0.285499 0.957372
vn -0.0439295 -0.285499 0.957372
vn -0.0478237 -0.178121 0.982846
vn -0.0488819 -0.145685 0.988123
vn -0.0554544 -0.182641 0.981614
vn -0.0505282 -0.212607 0.97583
vn -0.0439295 -0.285499 0.957372
vn -0.0439295 -0.285499 0.957372
vn -0.0355472 -0.391611 0.919444
vn -0.0355472 -0.391611 0.919444
vn -0.0355471 -0.391613 -0.919443
vn -0.0355471 -0.391613 -0.919443
vn -0.0450113 -0.284312 -0.957675
vn -0.0450113 -0.284312 -0.957675
vn -0.0450113 -0.284312 -0.957675
vn -0.0450113 -0.284312 -0.957675
vn -0.0464765 -0.173843 -0.983676
vn -0.0464765 -0.173843 -0.983676
vn 0.0467308 0.18464 0.981695
vn 0.0467308 0.18464 0.981695
vn 0.0461029 0.295841 0.954124
vn 0.0461029 0.295841 0.954124
vn 0.0461029 0.295841 0.954124
vn 0.0461029 0.295841 0.954124
vn 0.0364012 0.404355 0.913877
vn 0.0364012 0.404355 0.913877
vn -0.00154125 -0.559531 -0.828808
vn -0.00154125 -0.559531 -0.828808
vn -0.0192761 -0.479049 -0.877576
vn -0.0192761 -0.479049 -0.877576
vn -0.0192761 -0.479049 -0.877576
vn -0.0192761 -0.479049 -0.877576
vn -0.0355471 -0.391613 -0.919443
vn -0.0355471 -0.391613 -0.919443
vn 0.0364012 0.404355 0.913877
vn 0.0364012 0.404355 0.913877
vn 0.0197766 0.491911 0.870421
vn 0.0197766 0.491911 0.870421
vn 0.0197766 0.491911 0.870421
vn 0.0197766 0.491911 0.870421
vn 0.00170803 0.571738 0.820434
vn 0.00170803 0.571738 0.820434
vn -0.00154125 -0.559531 -0.828808
vn -0.00154125 -0.559531 -0.828808
vn 0.0146157 -0.696754 -0.717161
vn 0.0146157 -0.696754 -0.717161
vn 0.0146157 -0.696754 -0.717161
vn 0.0146157 -0.696754 -0.717161
vn 0.0293998 -0.837783 -0.545211
vn 0.0293998 -0.837783 -0.545211
vn 0.0293998 -0.837783 -0.545211
vn 0.0293998 -0.837783 -0.545211
vn 0.0406449 -0.910075 -0.412447
vn 0.0406449 -0.910075 -0.412447
vn 0.0516325 -0.956205 -0.288107
vn 0.0535061 -0.964352 -0.259157
vn 0.0406449 -0.910075 -0.412447
vn 0.0406449 -0.910075 -0.412447
vn 0.0535061 -0.964352 -0.259157
vn 0.0516325 -0.956205 -0.288107
vn 0.058913 -0.998263 0.000323399
vn 0.0585988 -0.998282 0.000326103
vn 0.00170803 0.571738 0.820434
vn 0.00170803 0.571738 0.820434
vn -0.0146662 0.706386 0.707675
vn -0.0146662 0.706386 0.707675
vn -0.0146662 0.706386 0.707675
vn -0.0146662 0.706386 0.707675
vn -0.029545 0.84463 0.534535
vn -0.029545 0.84463 0.534535
vn -0.029545 0.84463 0.534535
vn -0.029545 0.84463 0.534535
vn -0.0408344 0.915564 0.400094
vn -0.0408344 0.915564 0.400094
vn -0.0408344 0.915564 0.400094
vn -0.0408344 0.915564 0.400094
vn -0.0534461 0.969645 0.238606
vn -0.0490409 0.959147 0.278624
vn -0.0490409 0.959147 0.278624
vn -0.0534461 0.969645 0.238606
vn -0.0588814 0.998265 -0.000309626
vn -0.0534461 0.969645 0.238606
vn -0.0570941 0.998369 -0.000326488
vn -0.0588814 0.998265 -0.000309626
vn -0.0336754 -0.107985 -0.993582
vn -0.0358081 -0.111654 -0.993102
vn -0.0464765 -0.173843 -0.983676
vn -0.0464765 -0.173843 -0.983676
vn -0.0358081 -0.111654 -0.993102
vn -0.0336754 -0.107985 -0.993582
vn -0.051717 -0.10446 -0.993183
vn 0.0335971 0.118023 0.992442
vn 0.0343169 0.122114 0.991923
vn 0.0437377 0.114095 0.992507
vn 0.0467308 0.18464 0.981695
vn 0.0467308 0.18464 0.981695
vn 0.0343169 0.122114 0.991923
vn 0.0335971 0.118023 0.992442
vn -0.82578 0.17565 -0.535942
vn -0.923979 0.0394914 -0.380399
vn -0.942 -0.0104418 -0.335451
vn 0.018456 0.00285164 -0.999826
vn 0.0353108 0.124738 -0.991561
vn -0.0305227 -0.10558 -0.993942
vn 0.0774664 0.221838 -0.972001
vn 0.0593716 0.196685 -0.978668
vn 0.0353107 0.124738 -0.991561
vn -0.269887 0.585513 -0.764419
vn -0.283594 0.621487 -0.730294
vn -0.323969 0.626326 -0.709055
vn -0.0428067 -0.24285 -0.969119
vn -0.0486617 -0.219661 -0.974362
vn -0.0335426 -0.301502 -0.952875
vn -0.193711 0.559206 -0.80608
vn -0.230809 0.710399 -0.664876
vn -0.305816 0.680923 -0.665448
vn -0.269887 0.585513 -0.764419
vn -0.419527 0.907743 -0.000286719
vn -0.417232 0.900133 -0.125213
vn -0.295096 0.946357 -0.13163
vn -0.295285 0.955409 -0.000122119
vn -0.295096 0.946357 -0.13163
vn -0.417232 0.900133 -0.125213
vn -0.408222 0.878026 -0.249849
vn -0.29023 0.920244 -0.262521
vn -0.29023 0.920244 -0.262521
vn -0.408222 0.878026 -0.249849
vn -0.392639 0.844502 -0.364214
vn -0.276202 0.882183 -0.381401
vn -0.305816 0.680923 -0.665448
vn -0.230809 0.710399 -0.664876
vn -0.276202 0.882183 -0.381401
vn -0.392639 0.844502 -0.364214
vn -0.103258 0.0161717 -0.994523
vn -0.199504 0.322595 -0.925274
vn -0.199504 0.322595 -0.925274
vn -0.103258 0.0161717 -0.994523
vn -0.103258 0.0161717 -0.994523
vn -0.0486617 -0.219661 -0.974362
vn -0.0428067 -0.24285 -0.969119
vn -0.103258 0.0161717 -0.994523
vn -0.419527 0.907743 -0.000286719
vn -0.53634 0.844002 -0.000446241
vn -0.527567 0.838743 -0.134844
vn -0.417232 0.900133 -0.125213
vn -0.305816 0.680923 -0.665448
vn -0.28202 0.591212 -0.755601
vn -0.283594 0.621487 -0.730294
vn -0.269887 0.585513 -0.764419
vn -0.323969 0.626326 -0.709055
vn -0.314999 0.52872 -0.788182
vn -0.314999 0.52872 -0.788182
vn -0.269887 0.585513 -0.764419
vn -0.277769 0.458704 -0.844059
vn -0.314999 0.52872 -0.788182
vn -0.314999 0.52872 -0.788182
vn -0.277769 0.458704 -0.844059
vn -0.199504 0.322595 -0.925274
vn -0.277769 0.458704 -0.844059
vn -0.277769 0.458704 -0.844059
vn -0.199504 0.322595 -0.925274
vn -0.408222 0.878026 -0.249849
vn -0.519473 0.827641 -0.212505
vn -0.502893 0.794022 -0.341508
vn -0.392639 0.844502 -0.364214
vn -0.305816 0.680923 -0.665448
vn -0.407794 0.713806 -0.569372
vn -0.28202 0.591212 -0.755601
vn -0.417232 0.900133 -0.125213
vn -0.527567 0.838743 -0.134844
vn -0.519473 0.827641 -0.212505
vn -0.408222 0.878026 -0.249849
vn -0.305816 0.680923 -0.665448
vn -0.392639 0.844502 -0.364214
vn -0.502893 0.794022 -0.341508
vn -0.407794 0.713806 -0.569372
vn -0.998758 -0.00633135 -0.0494259
vn -0.998758 -0.00633135 -0.0494259
vn -1 -0.000419271 -8.25761e-005
vn -1 -0.000419271 -8.25761e-005
vn 1 0.000584406 4.45984e-005
vn 1 0.000584406 4.45984e-005
vn 0.999975 0.000394423 0.00711952
vn 0.999975 0.000394423 0.00711952
vn -0.837259 -0.546806 0.000910766
vn -0.837259 -0.546806 0.000910766
vn -0.837364 -0.546646 -2.45513e-005
vn -0.837364 -0.546646 -2.45513e-005
vn 0.996231 0.0864203 0.00742975
vn 0.996231 0.0864203 0.00742975
vn 0.995828 0.0909926 0.00678402
vn 0.995828 0.0909926 0.00678402
vn -0.942 -0.0104418 -0.335451
vn -0.969083 -0.103163 -0.224132
vn -0.978084 -0.0765154 -0.193644
vn -0.978084 -0.0765154 -0.193644
vn 0.13891 -0.79513 -0.590316
vn 0.13891 -0.79513 -0.590316
vn 0.116766 -0.908541 -0.401146
vn 0.116766 -0.908541 -0.401146
vn 0.108491 -0.92686 -0.359388
vn 0.108491 -0.92686 -0.359388
vn 0.0624703 -0.848142 -0.526073
vn 0.0624703 -0.848142 -0.526073
vn -0.849415 -0.527708 0.00428567
vn -0.849415 -0.527708 0.00428567
vn -0.841777 -0.539783 0.00680534
vn -0.841777 -0.539783 0.00680534
vn -0.13286 -0.585203 -0.799928
vn -0.13286 -0.585203 -0.799928
vn -0.194546 -0.49959 -0.844134
vn -0.194546 -0.49959 -0.844134
vn -0.999459 0.0325775 0.0045239
vn -0.999459 0.0325775 0.0045239
vn -0.999459 0.0325775 0.0045239
vn -0.999459 0.0325775 0.0045239
vn -0.133016 0.991089 -0.00705684
vn -0.133016 0.991089 -0.00705684
vn -0.144945 0.989436 -0.00260264
vn -0.144945 0.989436 -0.00260264
vn 0.996118 0.0879755 -0.00306298
vn 0.996118 0.0879755 -0.00306298
vn 0.996231 0.0864203 0.00742975
vn 0.996231 0.0864203 0.00742975
vn -0.160214 0.987068 -0.00532444
vn -0.160214 0.987068 -0.00532444
vn -0.151544 0.98841 -0.00898863
vn -0.151544 0.98841 -0.00898863
vn 0.116766 -0.908541 -0.401146
vn 0.116766 -0.908541 -0.401146
vn 0.108491 -0.92686 -0.359388
vn 0.108491 -0.92686 -0.359388
vn 0.250337 -0.633295 -0.732304
vn 0.250337 -0.633295 -0.732304
vn 0.226907 -0.673273 -0.703717
vn 0.226907 -0.673273 -0.703717
vn -0.978084 -0.0765154 -0.193644
vn -0.978084 -0.0765154 -0.193644
vn -0.993111 -0.0314156 -0.112889
vn -0.993111 -0.0314156 -0.112889
vn -0.993111 -0.0314156 -0.112889
vn -0.993111 -0.0314156 -0.112889
vn -0.996467 -0.0147031 -0.0826875
vn -0.996467 -0.0147031 -0.0826875
vn -0.713558 0.700142 0.025234
vn -0.713558 0.700142 0.025234
vn -0.713558 0.700142 0.025234
vn -0.713558 0.700142 0.025234
vn -0.144945 0.989436 -0.00260264
vn -0.144945 0.989436 -0.00260264
vn -0.160214 0.987068 -0.00532444
vn -0.160214 0.987068 -0.00532444
vn 0.995421 0.0877673 0.0378722
vn 0.995421 0.0877673 0.0378722
vn 0.996118 0.0879755 -0.00306298
vn 0.996118 0.0879755 -0.00306298
vn -0.841777 -0.539783 0.00680534
vn -0.841777 -0.539783 0.00680534
vn -0.837394 -0.546594 0.00248193
vn -0.837394 -0.546594 0.00248193
vn -0.151544 0.98841 -0.00898863
vn -0.151544 0.98841 -0.00898863
vn -0.129687 0.991551 -0.00288706
vn -0.129687 0.991551 -0.00288706
vn -0.129687 0.991551 -0.00288706
vn -0.129687 0.991551 -0.00288706
vn -0.121674 0.992557 0.00506915
vn -0.121674 0.992557 0.00506915
vn 0.99264 0.0812025 0.089841
vn 0.99264 0.0812025 0.089841
vn 0.995421 0.0877673 0.0378722
vn 0.995421 0.0877673 0.0378722
vn -0.185785 0.982389 0.0198889
vn -0.185785 0.982389 0.0198889
vn -0.247335 0.968488 0.0292602
vn -0.247335 0.968488 0.0292602
vn -0.121674 0.992557 0.00506915
vn -0.121674 0.992557 0.00506915
vn -0.185785 0.982389 0.0198889
vn -0.185785 0.982389 0.0198889
vn 0.226907 -0.673273 -0.703717
vn 0.226907 -0.673273 -0.703717
vn 0.19255 -0.705252 -0.682308
vn 0.19255 -0.705252 -0.682308
vn -0.923979 0.0394914 -0.380399
vn -0.973783 -0.0987356 -0.204933
vn -0.969083 -0.103163 -0.224132
vn -0.942 -0.0104418 -0.335451
vn 0.0624703 -0.848142 -0.526073
vn 0.0624703 -0.848142 -0.526073
vn -0.0173388 -0.723165 -0.690457
vn -0.0173388 -0.723165 -0.690457
vn -0.851489 -0.524341 -0.00574723
vn -0.851489 -0.524341 -0.00574723
vn -0.849415 -0.527708 0.00428567
vn -0.849415 -0.527708 0.00428567
vn -0.996467 -0.0147031 -0.0826875
vn -0.996467 -0.0147031 -0.0826875
vn -0.998758 -0.00633135 -0.0494259
vn -0.998758 -0.00633135 -0.0494259
vn -0.0173388 -0.723165 -0.690457
vn -0.0173388 -0.723165 -0.690457
vn -0.13286 -0.585203 -0.799928
vn -0.13286 -0.585203 -0.799928
vn 0.19255 -0.705252 -0.682308
vn 0.19255 -0.705252 -0.682308
vn 0.13891 -0.79513 -0.590316
vn 0.13891 -0.79513 -0.590316
vn 0.820681 -0.22502 0.525213
vn 0.820681 -0.22502 0.525213
vn 0.820681 -0.22502 0.525213
vn -0.0362322 -0.109644 0.99331
vn -0.0223019 0.0248344 0.999443
vn 0.0405643 0.0893427 0.995175
vn -0.0559594 -0.182331 0.981643
vn -0.070468 -0.192002 0.978861
vn -0.0362322 -0.109644 0.99331
vn -0.0646531 -0.223509 0.972555
vn -0.070468 -0.192002 0.978861
vn -0.0559594 -0.182331 0.981643
vn 0.318123 -0.537137 0.781205
vn 0.324506 -0.500214 0.802796
vn 0.340146 -0.46086 0.8197
vn 0.0577532 0.160799 0.985296
vn 0.0431217 0.214776 0.975711
vn 0.0291606 0.290435 0.95645
vn 0.330188 -0.668084 0.666813
vn 0.28008 -0.663216 0.694046
vn 0.318414 -0.46473 0.826219
vn 0.324506 -0.500214 0.802796
vn 0.295207 -0.945351 0.138434
vn 0.417198 -0.899195 0.131888
vn 0.420829 -0.90714 0.000295228
vn 0.29622 -0.95512 0.000128709
vn 0.405892 -0.874229 0.266413
vn 0.417198 -0.899195 0.131888
vn 0.295207 -0.945351 0.138434
vn 0.288929 -0.917071 0.274774
vn 0.381486 -0.837544 0.391137
vn 0.405892 -0.874229 0.266413
vn 0.288929 -0.917071 0.274774
vn 0.259566 -0.878162 0.401818
vn 0.259566 -0.878162 0.401818
vn 0.28008 -0.663216 0.694046
vn 0.330188 -0.668084 0.666813
vn 0.381486 -0.837544 0.391137
vn 0.19237 -0.267459 0.944171
vn 0.19237 -0.267459 0.944171
vn 0.10158 -0.0562493 0.993236
vn 0.10158 -0.0562493 0.993236
vn 0.0431217 0.214776 0.975711
vn 0.0577532 0.160799 0.985296
vn 0.10158 -0.0562493 0.993236
vn 0.10158 -0.0562493 0.993236
vn 0.523261 -0.83868 0.151044
vn 0.537936 -0.842986 0.000456483
vn 0.420829 -0.90714 0.000295228
vn 0.417198 -0.899195 0.131888
vn 0.318123 -0.537137 0.781205
vn 0.302119 -0.62336 0.721211
vn 0.330188 -0.668084 0.666813
vn 0.324506 -0.500214 0.802796
vn 0.334957 -0.456168 0.824448
vn 0.334957 -0.456168 0.824448
vn 0.340146 -0.46086 0.8197
vn 0.324506 -0.500214 0.802796
vn 0.334957 -0.456168 0.824448
vn 0.334957 -0.456168 0.824448
vn 0.287785 -0.395796 0.872081
vn 0.287785 -0.395796 0.872081
vn 0.287785 -0.395796 0.872081
vn 0.287785 -0.395796 0.872081
vn 0.19237 -0.267459 0.944171
vn 0.19237 -0.267459 0.944171
vn 0.49678 -0.783155 0.374003
vn 0.512825 -0.824831 0.238041
vn 0.405892 -0.874229 0.266413
vn 0.381486 -0.837544 0.391137
vn 0.302119 -0.62336 0.721211
vn 0.393979 -0.697053 0.59908
vn 0.330188 -0.668084 0.666813
vn 0.512825 -0.824831 0.238041
vn 0.523261 -0.83868 0.151044
vn 0.417198 -0.899195 0.131888
vn 0.405892 -0.874229 0.266413
vn 0.49678 -0.783155 0.374003
vn 0.381486 -0.837544 0.391137
vn 0.330188 -0.668084 0.666813
vn 0.393979 -0.697053 0.59908
vn -0.111003 0.129555 0.985339
vn -0.111003 0.129555 0.985339
vn -0.111003 0.129555 0.985339
vn -0.111003 0.129555 0.985339
vn 0.148387 -0.225677 -0.962835
vn 0.148387 -0.225677 -0.962835
vn 0.148387 -0.225677 -0.962835
vn 0.148387 -0.225677 -0.962835
vn -0.527567 0.838743 -0.134844
vn -0.528674 0.836532 -0.143936
vn -0.525391 0.829817 -0.188063
vn -0.519473 0.827641 -0.212505
vn 0.521199 -0.828359 0.20536
vn 0.524999 -0.836013 0.159556
vn 0.523261 -0.838679 0.151044
vn 0.512825 -0.824831 0.238041
vn -0.851175 -0.524761 -0.0112251
vn -0.851175 -0.524761 -0.0112251
vn -0.852398 -0.522589 -0.0178542
vn -0.852398 -0.522589 -0.0178542
vn -0.852398 -0.522589 -0.0178542
vn -0.852398 -0.522589 -0.0178542
vn -0.856206 -0.516424 -0.0147501
vn -0.856206 -0.516424 -0.0147501
vn -0.856206 -0.516424 -0.0147501
vn -0.856206 -0.516424 -0.0147501
vn -0.855107 -0.518354 -0.0101085
vn -0.855107 -0.518354 -0.0101085
vn -0.855107 -0.518354 -0.0101085
vn -0.855107 -0.518354 -0.0101085
vn -0.851823 -0.523761 -0.00848695
vn -0.851823 -0.523761 -0.00848695
vn -0.851823 -0.523761 -0.00848695
vn -0.851823 -0.523761 -0.00848695
vn -0.851489 -0.524341 -0.00574723
vn -0.851489 -0.524341 -0.00574723
vn -0.835739 -0.549122 -0.002282
vn -0.835739 -0.549122 -0.002282
vn -0.84452 -0.535514 -0.00317216
vn -0.84452 -0.535514 -0.00317216
vn -0.84452 -0.535514 -0.00317216
vn -0.84452 -0.535514 -0.00317216
vn -0.851175 -0.524761 -0.0112251
vn -0.851175 -0.524761 -0.0112251
vn -0.0462088 -0.148634 -0.987812
vn 0.000329841 -0.192034 -0.981388
vn 0.018456 0.00285164 -0.999826
vn 0.000329841 -0.192034 -0.981388
vn 0.0403522 -0.0125208 -0.999107
vn 0.018456 0.00285164 -0.999826
vn 0.0403522 -0.0125208 -0.999107
vn 0.0767151 0.0938693 -0.992624
vn 0.018456 0.00285164 -0.999826
vn -0.0428067 -0.24285 -0.969119
vn -0.0335426 -0.301502 -0.952875
vn -0.0227945 -0.342002 -0.939423
vn -0.0369156 -0.265934 -0.963284
vn 0.018456 0.00285164 -0.999826
vn -0.0305227 -0.10558 -0.993942
vn -0.0564124 -0.162513 -0.985092
vn -0.0462088 -0.148634 -0.987812
vn -0.0305227 -0.10558 -0.993942
vn -0.0218341 -0.312178 -0.949773
vn -0.0218341 -0.312178 -0.949773
vn -0.0564124 -0.162513 -0.985092
vn -0.487586 0.774641 -0.402731
vn -0.42729 0.754642 -0.497934
vn -0.42729 0.754642 -0.497934
vn -0.487586 0.774641 -0.402731
vn -0.0335426 -0.301502 -0.952875
vn 0.00498373 -0.385389 -0.922741
vn 0.00498373 -0.385389 -0.922741
vn -0.0227945 -0.342002 -0.939423
vn -0.0218341 -0.312178 -0.949773
vn -0.0428067 -0.24285 -0.969119
vn -0.0369156 -0.265934 -0.963284
vn -0.0218341 -0.312178 -0.949773
vn 0.00498373 -0.385389 -0.922741
vn -0.000232892 -0.270889 -0.96261
vn -0.000232892 -0.270889 -0.96261
vn 0.00498373 -0.385389 -0.922741
vn -0.528674 0.836532 -0.143936
vn -0.53834 0.842728 0.00023474
vn -0.53834 0.842728 0.00023474
vn -0.533737 0.835528 -0.130452
vn -0.525391 0.829817 -0.188063
vn -0.528674 0.836532 -0.143936
vn -0.533737 0.835528 -0.130452
vn -0.528893 0.825586 -0.196672
vn -0.517434 0.800139 -0.303381
vn -0.525391 0.829817 -0.188063
vn -0.528893 0.825586 -0.196672
vn -0.517434 0.800139 -0.303381
vn 0.018456 0.00285164 -0.999826
vn 0.0767151 0.0938693 -0.992624
vn 0.0861433 0.109499 -0.990247
vn 0.0437147 0.114134 -0.992503
vn -0.517434 0.800139 -0.303381
vn -0.487586 0.774641 -0.402731
vn -0.487586 0.774641 -0.402731
vn -0.517434 0.800139 -0.303381
vn 0.0323753 0.2302 0.972605
vn 0.0489061 0.186369 0.981262
vn -0.0223019 0.0248344 0.999443
vn -0.0406674 0.0600692 0.997365
vn 0.0323753 0.2302 0.972605
vn -0.0223019 0.0248344 0.999443
vn -0.112375 -0.0887013 0.989699
vn -0.0406674 0.0600692 0.997365
vn -0.0223019 0.0248344 0.999443
vn 0.0291606 0.290435 0.95645
vn 0.0431217 0.214776 0.975711
vn 0.0283901 0.267923 0.963022
vn 0.0180036 0.317191 0.948191
vn 0.0524026 0.22143 0.973767
vn 0.0405643 0.0893427 0.995175
vn 0.0721655 0.128861 0.989033
vn 0.0524026 0.22143 0.973767
vn 0.0405643 0.0893427 0.995175
vn -0.0223019 0.0248344 0.999443
vn 0.0489061 0.186369 0.981262
vn 0.0721655 0.128861 0.989033
vn 0.484105 -0.7713 0.413205
vn 0.449854 -0.731503 0.512381
vn 0.449854 -0.731503 0.512381
vn 0.484105 -0.7713 0.413205
vn 0.0180036 0.317191 0.948191
vn -0.012658 0.370318 0.928819
vn -0.012658 0.370318 0.928819
vn 0.0291606 0.290435 0.95645
vn 0.0524026 0.22143 0.973767
vn 0.0283901 0.267923 0.963022
vn 0.0431217 0.214776 0.975711
vn 0.0524026 0.22143 0.973767
vn -0.012658 0.370318 0.928819
vn -0.0121973 0.303828 0.952649
vn -0.0121973 0.303828 0.952649
vn -0.012658 0.370318 0.928819
vn 0.53454 -0.834111 0.136109
vn 0.539509 -0.84198 0.000464545
vn 0.539509 -0.84198 0.000464545
vn 0.524999 -0.836013 0.159556
vn 0.529271 -0.823325 0.204961
vn 0.53454 -0.834111 0.136109
vn 0.524999 -0.836013 0.159556
vn 0.521199 -0.828359 0.20536
vn 0.515493 -0.797776 0.312763
vn 0.529271 -0.823325 0.204961
vn 0.521199 -0.828359 0.20536
vn 0.515493 -0.797776 0.312763
vn -0.0223019 0.0248344 0.999443
vn -0.0517228 -0.104414 0.993188
vn -0.121328 -0.0999043 0.987572
vn -0.112375 -0.0887013 0.989699
vn 0.515493 -0.797776 0.312763
vn 0.484105 -0.7713 0.413205
vn 0.484105 -0.7713 0.413205
vn 0.515493 -0.797776 0.312763
vn -0.0249818 -0.00731435 -0.999661
vn -0.0987233 0.200034 -0.974802
vn -0.0987233 0.200034 -0.974802
vn -0.0249818 -0.00731435 -0.999661
vn 0.103137 -0.157645 0.982095
vn 0.0378822 0.0238069 0.998999
vn 0.0378822 0.0238069 0.998999
vn 0.103137 -0.157645 0.982095
vn -0.202946 0.427498 -0.880942
vn -0.275646 0.605658 -0.746457
vn -0.275646 0.605658 -0.746457
vn -0.202946 0.427498 -0.880942
vn -0.0987233 0.200034 -0.974802
vn -0.202946 0.427498 -0.880942
vn -0.202946 0.427498 -0.880942
vn -0.0987233 0.200034 -0.974802
vn 0.199972 -0.390888 0.898453
vn 0.291024 -0.581515 0.759701
vn 0.291024 -0.581515 0.759701
vn 0.199972 -0.390888 0.898453
vn 0.103137 -0.157645 0.982095
vn 0.199972 -0.390888 0.898453
vn 0.199972 -0.390888 0.898453
vn 0.103137 -0.157645 0.982095
vn -0.339878 0.699798 -0.628304
vn -0.275646 0.605658 -0.746457
vn -0.275646 0.605658 -0.746457
vn -0.339878 0.699798 -0.628304
vn -0.42729 0.754642 -0.497934
vn -0.339878 0.699798 -0.628304
vn -0.339878 0.699798 -0.628304
vn -0.42729 0.754642 -0.497934
vn 0.383267 -0.661517 0.644594
vn 0.449854 -0.731503 0.512381
vn 0.449854 -0.731503 0.512381
vn 0.383267 -0.661517 0.644594
vn 0.291024 -0.581515 0.759701
vn 0.383267 -0.661517 0.644594
vn 0.383267 -0.661517 0.644594
vn 0.291024 -0.581515 0.759701
vn 0.00173506 -0.172825 -0.984951
vn -0.0249818 -0.00731435 -0.999661
vn -0.0249818 -0.00731435 -0.999661
vn 0.00173506 -0.172825 -0.984951
vn -0.000232892 -0.270889 -0.96261
vn 0.00173506 -0.172825 -0.984951
vn 0.00173506 -0.172825 -0.984951
vn -0.000232892 -0.270889 -0.96261
vn 0.00839376 0.186731 0.982375
vn -0.0121973 0.303828 0.952649
vn -0.0121973 0.303828 0.952649
vn 0.00839376 0.186731 0.982375
vn 0.0378822 0.0238069 0.998999
vn 0.00839376 0.186731 0.982375
vn 0.00839376 0.186731 0.982375
vn 0.0378822 0.0238069 0.998999
vn -0.131661 0.990555 0.0383001
vn -0.131661 0.990555 0.0383001
vn -0.158119 0.983348 0.0895826
vn -0.158119 0.983348 0.0895826
vn 0.77314 0.634235 0.000406948
vn 0.77314 0.634235 0.000406948
vn 0.707559 0.706654 -0.000318127
vn 0.707559 0.706654 -0.000318127
vn 0.77314 0.634235 0.000406948
vn 0.84126 0.54063 0.000752457
vn 0.84126 0.54063 0.000752457
vn 0.77314 0.634235 0.000406948
vn 0.85072 0.525619 0.00048805
vn 0.85072 0.525619 0.00048805
vn 0.84126 0.54063 0.000752457
vn 0.84126 0.54063 0.000752457
vn 0.85072 0.525619 0.00048805
vn 0.850681 0.525682 0.000287708
vn 0.850681 0.525682 0.000287708
vn 0.85072 0.525619 0.00048805
vn 0.85075 0.52557 -0.000101145
vn 0.85075 0.52557 -0.000101145
vn 0.850681 0.525682 0.000287708
vn 0.850681 0.525682 0.000287708
vn 0.850702 0.525649 1.57177e-006
vn 0.850702 0.525649 1.57177e-006
vn 0.85075 0.52557 -0.000101145
vn 0.85075 0.52557 -0.000101145
vn 0.850702 0.525649 1.57177e-006
vn 0.850688 0.525672 -5.76472e-005
vn 0.850688 0.525672 -5.76472e-005
vn 0.850702 0.525649 1.57177e-006
vn 0.850675 0.525691 -0.000135946
vn 0.850675 0.525691 -0.000135946
vn 0.850688 0.525672 -5.76472e-005
vn 0.850688 0.525672 -5.76472e-005
vn 0.850675 0.525691 -0.000135946
vn 0.850735 0.525595 1.99927e-005
vn 0.850735 0.525595 1.99927e-005
vn 0.850675 0.525691 -0.000135946
vn 0.850635 0.525757 6.23521e-005
vn 0.850635 0.525757 6.23521e-005
vn 0.850735 0.525595 1.99927e-005
vn 0.850735 0.525595 1.99927e-005
vn 0.850635 0.525757 6.23521e-005
vn 0.850575 0.525854 -0.000113761
vn 0.850575 0.525854 -0.000113761
vn 0.850635 0.525757 6.23521e-005
vn 0.850621 0.525779 -0.000142683
vn 0.850621 0.525779 -0.000142683
vn 0.850575 0.525854 -0.000113761
vn 0.850575 0.525854 -0.000113761
vn 0.850608 0.5258 -3.72303e-005
vn 0.850608 0.5258 -3.72303e-005
vn 0.850621 0.525779 -0.000142683
vn 0.850621 0.525779 -0.000142683
vn 0.850627 0.52577 -2.51233e-005
vn 0.850627 0.52577 -2.51233e-005
vn 0.850608 0.5258 -3.72303e-005
vn 0.850608 0.5258 -3.72303e-005
vn 0.850627 0.52577 -2.51233e-005
vn 0.850626 0.525772 -1.80775e-006
vn 0.850626 0.525772 -1.80775e-006
vn 0.850627 0.52577 -2.51233e-005
vn -0.158119 0.983348 0.0895826
vn -0.158119 0.983348 0.0895826
vn -0.183693 0.9601 0.210866
vn -0.183693 0.9601 0.210866
vn -0.893619 0.448825 1.14533e-006
vn -0.893619 0.448825 1.14533e-006
vn -0.893611 0.448842 -3.2122e-008
vn -0.893611 0.448842 -3.2122e-008
vn -0.893619 0.448825 1.14533e-006
vn -0.893633 0.448799 2.70672e-005
vn -0.893633 0.448799 2.70672e-005
vn -0.893619 0.448825 1.14533e-006
vn -0.893633 0.448799 2.70672e-005
vn -0.893625 0.448815 4.61673e-005
vn -0.893625 0.448815 4.61673e-005
vn -0.893633 0.448799 2.70672e-005
vn -0.893607 0.448849 -8.66714e-007
vn -0.893607 0.448849 -8.66714e-007
vn -0.893625 0.448815 4.61673e-005
vn -0.893625 0.448815 4.61673e-005
vn -0.893605 0.448854 -1.1639e-005
vn -0.893605 0.448854 -1.1639e-005
vn -0.893607 0.448849 -8.66714e-007
vn -0.893607 0.448849 -8.66714e-007
vn -0.893605 0.448854 -1.1639e-005
vn -0.893609 0.448845 2.24603e-005
vn -0.893609 0.448845 2.24603e-005
vn -0.893605 0.448854 -1.1639e-005
vn -0.893609 0.448847 1.33951e-005
vn -0.893609 0.448847 1.33951e-005
vn -0.893609 0.448845 2.24603e-005
vn -0.893609 0.448845 2.24603e-005
vn -0.893609 0.448847 1.33951e-005
vn -0.893608 0.448848 -5.45397e-006
vn -0.893608 0.448848 -5.45397e-006
vn -0.893609 0.448847 1.33951e-005
vn -0.893613 0.448838 3.12469e-005
vn -0.893613 0.448838 3.12469e-005
vn -0.893608 0.448848 -5.45397e-006
vn -0.893608 0.448848 -5.45397e-006
vn -0.893613 0.448838 3.12469e-005
vn -0.89359 0.448883 5.47672e-005
vn -0.89359 0.448883 5.47672e-005
vn -0.893613 0.448838 3.12469e-005
vn -0.885164 0.464779 -0.0215691
vn -0.885164 0.464779 -0.0215691
vn -0.89359 0.448883 5.47672e-005
vn -0.89359 0.448883 5.47672e-005
vn -0.885164 0.464779 -0.0215691
vn -0.87251 0.48577 -0.0524784
vn -0.87251 0.48577 -0.0524784
vn -0.885164 0.464779 -0.0215691
vn -0.824794 0.564581 -0.0310419
vn -0.824794 0.564581 -0.0310419
vn -0.87251 0.48577 -0.0524784
vn -0.87251 0.48577 -0.0524784
vn -0.824794 0.564581 -0.0310419
vn -0.773961 0.633233 -7.29293e-005
vn -0.773961 0.633233 -7.29293e-005
vn -0.824794 0.564581 -0.0310419
vn -0.773961 0.633233 -7.29293e-005
vn -0.718575 0.695095 0.0222127
vn -0.718575 0.695095 0.0222127
vn -0.773961 0.633233 -7.29293e-005
vn -0.657838 0.751852 0.0443584
vn -0.657838 0.751852 0.0443584
vn -0.718575 0.695095 0.0222127
vn -0.718575 0.695095 0.0222127
vn -0.182406 0.942484 0.280094
vn -0.183693 0.9601 0.210866
vn -0.183693 0.9601 0.210866
vn -0.182406 0.942484 0.280094
vn 0.0648004 0.196628 -0.978334
vn 0.0593716 0.196685 -0.978668
vn 0.0618188 0.219522 -0.973647
vn 0.0618188 0.219522 -0.973647
vn 0.0593716 0.196685 -0.978668
vn 0.0774664 0.221838 -0.972001
vn 0.0278171 0.323828 -0.945707
vn 0.0280384 0.311789 -0.949738
vn 0.0774664 0.221838 -0.972001
vn 0.181113 0.201146 -0.962673
vn 0.0278171 0.323828 -0.945707
vn 0.0774664 0.221838 -0.972001
vn 0.0280384 0.311789 -0.949738
vn 0.0618188 0.219522 -0.973647
vn 0.0774664 0.221838 -0.972001
vn 0.260815 -0.61466 -0.744425
vn 0.260815 -0.61466 -0.744425
vn 0.250337 -0.633295 -0.732304
vn 0.250337 -0.633295 -0.732304
vn -0.0336852 -0.237276 0.970858
vn -0.0200593 -0.263083 0.964565
vn -0.070468 -0.192002 0.978861
vn -0.0200593 -0.263083 0.964565
vn -0.145247 -0.180432 0.972804
vn -0.070468 -0.192002 0.978861
vn -0.0646531 -0.223509 0.972555
vn -0.0648256 -0.295124 0.953257
vn -0.0648256 -0.295124 0.953257
vn -0.0649946 -0.244021 0.967589
vn -0.0649946 -0.244021 0.967589
vn -0.0336852 -0.237276 0.970858
vn -0.070468 -0.192002 0.978861
vn -0.0646531 -0.223509 0.972555
vn 0.118494 0.177026 -0.977047
vn 0.181113 0.201146 -0.962673
vn 0.0774664 0.221838 -0.972001
vn -0.145247 -0.180432 0.972804
vn -0.104497 -0.16682 0.980434
vn -0.070468 -0.192002 0.978861
vn -0.0926877 0.962375 -0.255429
vn -0.0642652 0.918285 -0.390669
vn -0.0642652 0.918285 -0.390669
vn -0.0926877 0.962375 -0.255429
vn -0.0926877 0.962375 -0.255429
vn -0.0926877 0.962375 -0.255429
vn -0.125982 0.990365 -0.0575006
vn -0.125982 0.990365 -0.0575006
vn -0.125982 0.990365 -0.0575006
vn -0.125982 0.990365 -0.0575006
vn -0.132382 0.991199 5.39949e-006
vn 0.472225 0.881478 1.58905e-005
vn 0.599048 0.799413 -0.0456028
vn 0.599048 0.799413 -0.0456028
vn 0.472225 0.881478 1.58905e-005
vn 0.817205 0.574531 -0.0457123
vn 0.847837 0.529384 -0.0304109
vn 0.599048 0.799413 -0.0456028
vn 0.599048 0.799413 -0.0456028
vn 0.90026 0.435353 1.21084e-006
vn 0.900256 0.43536 1.38665e-005
vn 0.900256 0.43536 1.38665e-005
vn 0.847837 0.529384 -0.0304109
vn 0.900256 0.43536 1.38665e-005
vn 0.900314 0.435241 -0.000139999
vn 0.900314 0.435241 -0.000139999
vn 0.900256 0.43536 1.38665e-005
vn 0.900309 0.435252 -0.000136652
vn 0.900309 0.435252 -0.000136652
vn 0.900314 0.435241 -0.000139999
vn 0.900314 0.435241 -0.000139999
vn 0.90027 0.435331 5.73206e-005
vn 0.90027 0.435331 5.73206e-005
vn 0.900309 0.435252 -0.000136652
vn 0.900309 0.435252 -0.000136652
vn 0.90027 0.435331 5.73206e-005
vn 0.900281 0.43531 8.45104e-005
vn 0.900281 0.43531 8.45104e-005
vn 0.90027 0.435331 5.73206e-005
vn 0.900278 0.435316 5.07464e-005
vn 0.900278 0.435316 5.07464e-005
vn 0.900281 0.43531 8.45104e-005
vn 0.900281 0.43531 8.45104e-005
vn 0.900278 0.435316 5.07464e-005
vn 0.900267 0.435338 2.52787e-005
vn 0.900267 0.435338 2.52787e-005
vn 0.900278 0.435316 5.07464e-005
vn 0.900267 0.435338 2.52787e-005
vn 0.900251 0.435371 -2.28311e-005
vn 0.900251 0.435371 -2.28311e-005
vn 0.900267 0.435338 2.52787e-005
vn 0.900242 0.43539 -1.64716e-005
vn 0.900242 0.43539 -1.64716e-005
vn 0.900251 0.435371 -2.28311e-005
vn 0.900251 0.435371 -2.28311e-005
vn 0.900248 0.435377 4.48501e-006
vn 0.900248 0.435377 4.48501e-006
vn 0.900242 0.43539 -1.64716e-005
vn 0.900242 0.43539 -1.64716e-005
vn 0.900248 0.435377 4.48501e-006
vn 0.900257 0.435358 1.64243e-007
vn 0.900257 0.435358 1.64243e-007
vn 0.900248 0.435377 4.48501e-006
vn 0.900241 0.435392 7.1334e-006
vn 0.900241 0.435392 7.1334e-006
vn 0.900257 0.435358 1.64243e-007
vn 0.900257 0.435358 1.64243e-007
vn 0.900241 0.435392 7.1334e-006
vn 0.900242 0.43539 1.3556e-005
vn 0.900242 0.43539 1.3556e-005
vn 0.900241 0.435392 7.1334e-006
vn 0.900242 0.43539 1.3556e-005
vn 0.900264 0.435345 -2.53958e-007
vn 0.900264 0.435345 -2.53958e-007
vn 0.900242 0.43539 1.3556e-005
vn 0.900269 0.435335 -2.3673e-005
vn 0.900269 0.435335 -2.3673e-005
vn 0.900264 0.435345 -2.53958e-007
vn 0.900264 0.435345 -2.53958e-007
vn 0.900268 0.435336 -2.20354e-005
vn 0.900268 0.435336 -2.20354e-005
vn 0.900269 0.435335 -2.3673e-005
vn 0.900269 0.435335 -2.3673e-005
vn 0.900268 0.435336 -2.20354e-005
vn 0.900265 0.435342 -1.76408e-005
vn 0.900265 0.435342 -1.76408e-005
vn 0.900268 0.435336 -2.20354e-005
vn 0.900258 0.435356 7.65991e-006
vn 0.900258 0.435356 7.65991e-006
vn 0.900265 0.435342 -1.76408e-005
vn 0.900265 0.435342 -1.76408e-005
vn 0.900258 0.435356 7.65991e-006
vn 0.900255 0.435362 1.70802e-005
vn 0.900255 0.435362 1.70802e-005
vn 0.900258 0.435356 7.65991e-006
vn 0.900255 0.435362 1.70802e-005
vn 0.900311 0.435247 6.74024e-005
vn 0.900311 0.435247 6.74024e-005
vn 0.900255 0.435362 1.70802e-005
vn 0.900325 0.435219 5.2381e-005
vn 0.900325 0.435219 5.2381e-005
vn 0.900311 0.435247 6.74024e-005
vn 0.900311 0.435247 6.74024e-005
vn 0.900284 0.435304 -5.34085e-005
vn 0.837716 0.54593 0.013859
vn 0.900325 0.435219 5.2381e-005
vn 0.900325 0.435219 5.2381e-005
vn 0.800582 0.59886 0.0208524
vn 0.576113 0.817109 0.0206512
vn 0.576113 0.817109 0.0206512
vn 0.837716 0.54593 0.013859
vn 0.472222 0.88148 -1.32989e-005
vn 0.472222 0.88148 -1.32989e-005
vn 0.576113 0.817109 0.0206512
vn 0.576113 0.817109 0.0206512
vn -0.15478 0.986722 -0.0492224
vn -0.132382 0.991199 -5.39848e-006
vn -0.15478 0.986722 -0.0492224
vn -0.126564 0.986254 0.106225
vn -0.15478 0.986722 -0.0492224
vn -0.15478 0.986722 -0.0492224
vn -0.126564 0.986254 0.106225
vn -0.126564 0.986254 0.106225
vn -0.126564 0.986254 0.106225
vn -0.0707873 0.949387 0.306029
vn -0.0707873 0.949387 0.306029
vn -0.145204 -0.180465 -0.972804
vn -0.0694686 -0.197641 -0.97781
vn -0.104422 -0.167247 -0.98037
vn 0.118497 0.177041 0.977044
vn 0.0774605 0.221832 0.972003
vn 0.181084 0.20111 0.962686
vn -0.0604378 -0.268966 -0.961252
vn -0.0616443 -0.240252 -0.968751
vn -0.0694686 -0.197641 -0.97781
vn -0.0291684 -0.262197 -0.964573
vn -0.0616443 -0.240252 -0.968751
vn -0.0604378 -0.268966 -0.961252
vn -0.064811 -0.295214 -0.95323
vn -0.064811 -0.295214 -0.95323
vn -0.0200576 -0.263085 -0.964564
vn -0.0694686 -0.197641 -0.97781
vn -0.145204 -0.180465 -0.972804
vn -0.0291684 -0.262197 -0.964573
vn -0.0694686 -0.197641 -0.97781
vn -0.0200576 -0.263085 -0.964564
vn 0.261983 -0.617804 0.741406
vn 0.253636 -0.648242 0.717949
vn 0.253636 -0.648242 0.717949
vn 0.261983 -0.617804 0.741406
vn 0.0280149 0.311828 0.949725
vn 0.0774605 0.221832 0.972003
vn 0.0617916 0.219558 0.973641
vn 0.181084 0.20111 0.962686
vn 0.0774605 0.221832 0.972003
vn 0.0278635 0.323771 0.945725
vn 0.0278635 0.323771 0.945725
vn 0.0774605 0.221832 0.972003
vn 0.0280149 0.311828 0.949725
vn 0.0617916 0.219558 0.973641
vn 0.0774605 0.221832 0.972003
vn 0.0593547 0.196705 0.978664
vn 0.0648059 0.196624 0.978335
vn 0.0617916 0.219558 0.973641
vn 0.0593547 0.196705 0.978664
vn -0.137069 0.890119 -0.434626
vn -0.137069 0.890119 -0.434626
vn -0.160322 0.919604 -0.358645
vn -0.160322 0.919604 -0.358645
vn -0.69048 0.718437 -0.0841779
vn -0.734204 0.677619 -0.0421428
vn -0.734204 0.677619 -0.0421428
vn -0.69048 0.718437 -0.0841779
vn -0.773967 0.633226 8.31699e-005
vn -0.773967 0.633226 8.31699e-005
vn -0.734204 0.677619 -0.0421428
vn -0.734204 0.677619 -0.0421428
vn -0.828717 0.559246 0.0217126
vn -0.828717 0.559246 0.0217126
vn -0.773967 0.633226 8.31699e-005
vn -0.773967 0.633226 8.31699e-005
vn -0.828717 0.559246 0.0217126
vn -0.874767 0.483504 0.0317265
vn -0.874767 0.483504 0.0317265
vn -0.828717 0.559246 0.0217126
vn -0.883707 0.467932 0.0100917
vn -0.883707 0.467932 0.0100917
vn -0.874767 0.483504 0.0317265
vn -0.874767 0.483504 0.0317265
vn -0.883707 0.467932 0.0100917
vn -0.893611 0.448841 -4.87797e-005
vn -0.893611 0.448841 -4.87797e-005
vn -0.883707 0.467932 0.0100917
vn -0.893617 0.44883 -1.50142e-007
vn -0.893617 0.44883 -1.50142e-007
vn -0.893611 0.448841 -4.87797e-005
vn -0.893611 0.448841 -4.87797e-005
vn -0.893617 0.44883 -1.50142e-007
vn -0.893607 0.44885 -1.04044e-005
vn -0.893607 0.44885 -1.04044e-005
vn -0.893617 0.44883 -1.50142e-007
vn -0.893606 0.448852 -2.61576e-005
vn -0.893606 0.448852 -2.61576e-005
vn -0.893607 0.44885 -1.04044e-005
vn -0.893607 0.44885 -1.04044e-005
vn -0.893606 0.448852 -2.61576e-005
vn -0.893605 0.448854 -8.14081e-006
vn -0.893605 0.448854 -8.14081e-006
vn -0.893606 0.448852 -2.61576e-005
vn -0.893602 0.44886 2.12374e-005
vn -0.893602 0.44886 2.12374e-005
vn -0.893605 0.448854 -8.14081e-006
vn -0.893605 0.448854 -8.14081e-006
vn -0.893602 0.44886 2.12374e-005
vn -0.893618 0.448829 -8.93943e-006
vn -0.893618 0.448829 -8.93943e-006
vn -0.893602 0.44886 2.12374e-005
vn -0.893618 0.448829 -8.93943e-006
vn -0.893634 0.448796 -5.21781e-005
vn -0.893634 0.448796 -5.21781e-005
vn -0.893618 0.448829 -8.93943e-006
vn -0.893626 0.448813 -9.67215e-006
vn -0.893626 0.448813 -9.67215e-006
vn -0.893634 0.448796 -5.21781e-005
vn -0.893634 0.448796 -5.21781e-005
vn -0.893617 0.448831 8.18531e-006
vn -0.893617 0.448831 8.18531e-006
vn -0.893626 0.448813 -9.67215e-006
vn -0.893626 0.448813 -9.67215e-006
vn -0.893617 0.448831 8.18531e-006
vn -0.893611 0.448842 -3.2122e-008
vn -0.893611 0.448842 -3.2122e-008
vn -0.893617 0.448831 8.18531e-006
vn -0.158446 0.977598 -0.138554
vn -0.160322 0.919604 -0.358645
vn -0.160322 0.919604 -0.358645
vn -0.158446 0.977598 -0.138554
vn 0.850618 0.525784 2.4753e-005
vn 0.850618 0.525784 2.4753e-005
vn 0.850626 0.525772 -1.80775e-006
vn 0.850626 0.525772 -1.80775e-006
vn 0.850618 0.525784 2.4753e-005
vn 0.850609 0.525799 3.59915e-005
vn 0.850609 0.525799 3.59915e-005
vn 0.850618 0.525784 2.4753e-005
vn 0.850609 0.525799 3.59915e-005
vn 0.850612 0.525793 0.000164773
vn 0.850612 0.525793 0.000164773
vn 0.850609 0.525799 3.59915e-005
vn 0.850612 0.525793 0.000164773
vn 0.850638 0.525752 0.00013855
vn 0.850638 0.525752 0.00013855
vn 0.850612 0.525793 0.000164773
vn 0.850694 0.525661 -1.45677e-005
vn 0.850694 0.525661 -1.45677e-005
vn 0.850638 0.525752 0.00013855
vn 0.850638 0.525752 0.00013855
vn 0.850694 0.525661 -1.45677e-005
vn 0.850627 0.52577 8.73865e-005
vn 0.850627 0.52577 8.73865e-005
vn 0.850694 0.525661 -1.45677e-005
vn 0.85061 0.525797 -6.32354e-005
vn 0.85061 0.525797 -6.32354e-005
vn 0.850627 0.52577 8.73865e-005
vn 0.850627 0.52577 8.73865e-005
vn 0.85061 0.525797 -6.32354e-005
vn 0.850694 0.525662 -0.000156166
vn 0.850694 0.525662 -0.000156166
vn 0.85061 0.525797 -6.32354e-005
vn 0.850689 0.52567 0.000116854
vn 0.850689 0.52567 0.000116854
vn 0.850694 0.525662 -0.000156166
vn 0.850694 0.525662 -0.000156166
vn 0.850689 0.52567 0.000116854
vn 0.850686 0.525673 -8.41364e-005
vn 0.850686 0.525673 -8.41364e-005
vn 0.850689 0.52567 0.000116854
vn 0.850686 0.525673 -8.41364e-005
vn 0.850568 0.525865 -0.000424958
vn 0.850568 0.525865 -0.000424958
vn 0.850686 0.525673 -8.41364e-005
vn 0.850577 0.52585 -0.000526001
vn 0.850577 0.52585 -0.000526001
vn 0.850568 0.525865 -0.000424958
vn 0.850568 0.525865 -0.000424958
vn 0.850577 0.52585 -0.000526001
vn 0.840333 0.54207 7.85516e-005
vn 0.840333 0.54207 7.85516e-005
vn 0.850577 0.52585 -0.000526001
vn 0.772029 0.635587 0.000404711
vn 0.772029 0.635587 0.000404711
vn 0.840333 0.54207 7.85516e-005
vn 0.840333 0.54207 7.85516e-005
vn 0.772029 0.635587 0.000404711
vn 0.707228 0.706985 -4.6789e-005
vn 0.707228 0.706985 -4.6789e-005
vn 0.772029 0.635587 0.000404711
vn -0.131008 0.991363 0.00600453
vn -0.158446 0.977598 -0.138554
vn -0.158446 0.977598 -0.138554
vn -0.131008 0.991363 0.00600453
vn 0.0383065 0.0221606 -0.99902
vn 0.0383065 0.0221606 -0.99902
vn 0.00491065 0.174058 -0.984723
vn 0.00491065 0.174058 -0.984723
vn 0.00491065 0.174058 -0.984723
vn 0.00491065 0.174058 -0.984723
vn -0.00929614 0.314208 -0.949309
vn -0.00929614 0.314208 -0.949309
vn -0.0103137 -0.261893 0.965042
vn -0.0103137 -0.261893 0.965042
vn -0.0116406 -0.163728 0.986437
vn -0.0116406 -0.163728 0.986437
vn -0.0116406 -0.163728 0.986437
vn -0.0116406 -0.163728 0.986437
vn -0.0347957 -0.00251044 0.999391
vn -0.0347957 -0.00251044 0.999391
vn 0.286206 -0.592288 -0.75318
vn 0.286206 -0.592288 -0.75318
vn 0.366208 -0.69394 -0.619951
vn 0.366208 -0.69394 -0.619951
vn 0.366208 -0.69394 -0.619951
vn 0.366208 -0.69394 -0.619951
vn 0.444103 -0.740164 -0.504906
vn 0.444103 -0.740164 -0.504906
vn -0.452218 0.753796 0.47675
vn -0.452218 0.753796 0.47675
vn -0.372207 0.70298 0.606037
vn -0.372207 0.70298 0.606037
vn -0.372207 0.70298 0.606037
vn -0.372207 0.70298 0.606037
vn -0.289018 0.60857 0.738993
vn -0.289018 0.60857 0.738993
vn 0.106379 -0.149845 -0.98297
vn 0.106379 -0.149845 -0.98297
vn 0.202304 -0.384485 -0.900691
vn 0.202304 -0.384485 -0.900691
vn 0.202304 -0.384485 -0.900691
vn 0.202304 -0.384485 -0.900691
vn 0.286206 -0.592288 -0.75318
vn 0.286206 -0.592288 -0.75318
vn -0.0991983 0.200119 0.974737
vn -0.0991983 0.200119 0.974737
vn -0.197665 0.426382 0.882682
vn -0.197665 0.426382 0.882682
vn -0.197665 0.426382 0.882682
vn -0.197665 0.426382 0.882682
vn -0.289018 0.60857 0.738993
vn -0.289018 0.60857 0.738993
vn 0.106379 -0.149845 -0.98297
vn 0.106379 -0.149845 -0.98297
vn 0.0383065 0.0221606 -0.99902
vn 0.0383065 0.0221606 -0.99902
vn -0.0347957 -0.00251044 0.999391
vn -0.0347957 -0.00251044 0.999391
vn -0.0991983 0.200119 0.974737
vn -0.0991983 0.200119 0.974737
vn 0.516001 -0.797082 -0.313691
vn 0.516001 -0.797082 -0.313691
vn 0.489191 -0.763443 -0.421719
vn 0.489191 -0.763443 -0.421719
vn -0.0190777 0.0237118 -0.999537
vn -0.112324 -0.0886321 -0.989711
vn -0.12134 -0.0999083 -0.98757
vn -0.051717 -0.10446 -0.993183
vn 0.516001 -0.797082 -0.313691
vn 0.516001 -0.797082 -0.313691
vn 0.520138 -0.825734 -0.218219
vn 0.529368 -0.823215 -0.20515
vn 0.529368 -0.823215 -0.20515
vn 0.520138 -0.825734 -0.218219
vn 0.524099 -0.834026 -0.172399
vn 0.534403 -0.834199 -0.136111
vn 0.534403 -0.834199 -0.136111
vn 0.524099 -0.834026 -0.172399
vn 0.539509 -0.84198 0.000464545
vn 0.539509 -0.84198 0.000464545
vn -0.00862512 0.386108 -0.922413
vn -0.00862512 0.386108 -0.922413
vn -0.00929614 0.314208 -0.949309
vn -0.00929614 0.314208 -0.949309
vn 0.040057 0.235167 -0.971129
vn 0.040057 0.235167 -0.971129
vn 0.0380899 0.197434 -0.979576
vn 0.0277253 0.270315 -0.962373
vn 0.0182412 0.319557 -0.947392
vn 0.0293178 0.292034 -0.955958
vn -0.00862512 0.386108 -0.922413
vn -0.00862512 0.386108 -0.922413
vn 0.489191 -0.763443 -0.421719
vn 0.489191 -0.763443 -0.421719
vn 0.444103 -0.740164 -0.504906
vn 0.444103 -0.740164 -0.504906
vn 0.0413493 0.0941607 -0.994698
vn 0.0733434 0.136053 -0.987983
vn 0.0617545 0.182071 -0.981344
vn -0.0190777 0.0237118 -0.999537
vn 0.040057 0.235167 -0.971129
vn 0.040057 0.235167 -0.971129
vn 0.0733434 0.136053 -0.987983
vn 0.0413493 0.0941607 -0.994698
vn 0.0293178 0.292034 -0.955958
vn 0.0182412 0.319557 -0.947392
vn 0.0277253 0.270315 -0.962373
vn 0.0380899 0.197434 -0.979576
vn -0.112324 -0.0886321 -0.989711
vn -0.0190777 0.0237118 -0.999537
vn -0.0406428 0.0600111 -0.99737
vn -0.0406428 0.0600111 -0.99737
vn -0.0190777 0.0237118 -0.999537
vn 0.0323524 0.230115 -0.972625
vn 0.0323524 0.230115 -0.972625
vn -0.0190777 0.0237118 -0.999537
vn 0.0617545 0.182071 -0.981344
vn -0.517316 0.800178 0.303479
vn -0.517316 0.800178 0.303479
vn -0.495449 0.773694 0.394876
vn -0.495449 0.773694 0.394876
vn 0.0196173 -0.00446225 0.999798
vn 0.0437377 0.114095 0.992507
vn 0.0863275 0.109467 0.990235
vn 0.0767737 0.0937383 0.992632
vn -0.517316 0.800178 0.303479
vn -0.517316 0.800178 0.303479
vn -0.529025 0.825542 0.196502
vn -0.524969 0.82811 0.196573
vn -0.524969 0.82811 0.196573
vn -0.529025 0.825542 0.196502
vn -0.533549 0.83568 0.130249
vn -0.528247 0.835285 0.152491
vn -0.528247 0.835285 0.152491
vn -0.533549 0.83568 0.130249
vn -0.53834 0.842728 0.00023474
vn -0.53834 0.842728 0.00023474
vn -0.000900094 -0.374447 0.927248
vn -0.000900094 -0.374447 0.927248
vn -0.0103137 -0.261893 0.965042
vn -0.0103137 -0.261893 0.965042
vn -0.0287855 -0.244421 0.969242
vn -0.0287855 -0.244421 0.969242
vn -0.036897 -0.266045 0.963254
vn -0.0424599 -0.22987 0.972295
vn -0.0357178 -0.296503 0.954364
vn -0.0260575 -0.334577 0.942008
vn -0.000900094 -0.374447 0.927248
vn -0.000900094 -0.374447 0.927248
vn -0.495449 0.773694 0.394876
vn -0.495449 0.773694 0.394876
vn -0.452218 0.753796 0.47675
vn -0.452218 0.753796 0.47675
vn -0.0318332 -0.0781821 0.996431
vn -0.0581783 -0.121153 0.990927
vn -0.0287855 -0.244421 0.969242
vn -0.0287855 -0.244421 0.969242
vn 0.0196173 -0.00446225 0.999798
vn -0.0414886 -0.177114 0.983316
vn -0.0581783 -0.121153 0.990927
vn -0.0318332 -0.0781821 0.996431
vn -0.0424599 -0.22987 0.972295
vn -0.036897 -0.266045 0.963254
vn -0.0260575 -0.334577 0.942008
vn -0.0357178 -0.296503 0.954364
vn 0.0403177 -0.012636 0.999107
vn 0.0196173 -0.00446224 0.999798
vn 0.0767737 0.0937383 0.992632
vn 0.000329841 -0.192034 0.981388
vn 0.0196173 -0.00446224 0.999798
vn 0.0403177 -0.012636 0.999107
vn -0.0414886 -0.177114 0.983316
vn 0.0196173 -0.00446224 0.999798
vn 0.000329841 -0.192034 0.981388
vn -0.846652 -0.532074 0.00885381
vn -0.852702 -0.522169 0.0154653
vn -0.852702 -0.522169 0.0154653
vn -0.846652 -0.532074 0.00885381
vn -0.839404 -0.543376 0.0119591
vn -0.846652 -0.532074 0.00885381
vn -0.846652 -0.532074 0.00885381
vn -0.839404 -0.543376 0.0119591
vn -0.85078 -0.525468 0.00758636
vn -0.851594 -0.524165 0.00623841
vn -0.851594 -0.524165 0.00623841
vn -0.85078 -0.525468 0.00758636
vn -0.852894 -0.522003 0.00919344
vn -0.85078 -0.525468 0.00758636
vn -0.85078 -0.525468 0.00758636
vn -0.852894 -0.522003 0.00919344
vn -0.855873 -0.517006 0.0136562
vn -0.852894 -0.522003 0.00919344
vn -0.852894 -0.522003 0.00919344
vn -0.855873 -0.517006 0.0136562
vn -0.852819 -0.521833 0.0197457
vn -0.855873 -0.517006 0.0136562
vn -0.855873 -0.517006 0.0136562
vn -0.852819 -0.521833 0.0197457
vn -0.852702 -0.522169 0.0154653
vn -0.852819 -0.521833 0.0197457
vn -0.852819 -0.521833 0.0197457
vn -0.852702 -0.522169 0.0154653
vn 0.520138 -0.825734 -0.218219
vn 0.509402 -0.82475 -0.245555
vn 0.522238 -0.836841 -0.16421
vn 0.524099 -0.834026 -0.172399
vn -0.527045 0.837586 0.143782
vn -0.51902 0.825583 0.221428
vn -0.524969 0.82811 0.196573
vn -0.528247 0.835285 0.152491
vn 0.137899 -0.207249 0.96852
vn 0.137899 -0.207249 0.96852
vn 0.137899 -0.207249 0.96852
vn 0.137899 -0.207249 0.96852
vn -0.119484 0.144499 -0.982265
vn -0.119484 0.144499 -0.982265
vn -0.119484 0.144499 -0.982265
vn -0.119484 0.144499 -0.982265
vn 0.509001 -0.786223 -0.350389
vn 0.411375 -0.698096 -0.586031
vn 0.355494 -0.692274 -0.627998
vn 0.39478 -0.836387 -0.38027
vn 0.509402 -0.82475 -0.245555
vn 0.404283 -0.876149 -0.262523
vn 0.417208 -0.899173 -0.132006
vn 0.522238 -0.836841 -0.16421
vn 0.320274 -0.583807 -0.746052
vn 0.355494 -0.692274 -0.627998
vn 0.411375 -0.698096 -0.586031
vn 0.509001 -0.786223 -0.350389
vn 0.39478 -0.836387 -0.38027
vn 0.404283 -0.876149 -0.262523
vn 0.509402 -0.82475 -0.245555
vn 0.272761 -0.393778 -0.877804
vn 0.181139 -0.264571 -0.947201
vn 0.181139 -0.264571 -0.947201
vn 0.272761 -0.393778 -0.877804
vn 0.32137 -0.45053 -0.832913
vn 0.272761 -0.393778 -0.877804
vn 0.272761 -0.393778 -0.877804
vn 0.32137 -0.45053 -0.832913
vn 0.32137 -0.45053 -0.832913
vn 0.334103 -0.480548 -0.810832
vn 0.335521 -0.456737 -0.823904
vn 0.32137 -0.45053 -0.832913
vn 0.334646 -0.494697 -0.802052
vn 0.334103 -0.480548 -0.810832
vn 0.355494 -0.692274 -0.627998
vn 0.320274 -0.583807 -0.746052
vn 0.522238 -0.836841 -0.16421
vn 0.417208 -0.899173 -0.132006
vn 0.420829 -0.90714 0.000295228
vn 0.537936 -0.842986 0.000456483
vn 0.0380899 0.197434 -0.979576
vn 0.0861779 -0.0919013 -0.992032
vn 0.0861779 -0.0919013 -0.992032
vn 0.0482995 0.12296 -0.991236
vn 0.181139 -0.264571 -0.947201
vn 0.0861779 -0.0919013 -0.992032
vn 0.0861779 -0.0919013 -0.992032
vn 0.181139 -0.264571 -0.947201
vn 0.273646 -0.872888 -0.403962
vn 0.39478 -0.836387 -0.38027
vn 0.355494 -0.692274 -0.627998
vn 0.253047 -0.812375 -0.52537
vn 0.39478 -0.836387 -0.38027
vn 0.273646 -0.872888 -0.403962
vn 0.289012 -0.917024 -0.274843
vn 0.404283 -0.876149 -0.262523
vn 0.404283 -0.876149 -0.262523
vn 0.289012 -0.917024 -0.274843
vn 0.295688 -0.945219 -0.138308
vn 0.417208 -0.899173 -0.132006
vn 0.295688 -0.945219 -0.138308
vn 0.29622 -0.95512 0.000128709
vn 0.420829 -0.90714 0.000295228
vn 0.417208 -0.899173 -0.132006
vn 0.818859 -0.239084 -0.521832
vn 0.819679 -0.232193 -0.523654
vn 0.819679 -0.232193 -0.523654
vn 0.818859 -0.239084 -0.521832
vn 0.0482995 0.12296 -0.991236
vn 0.0293178 0.292034 -0.955958
vn 0.0380899 0.197434 -0.979576
vn 0.334646 -0.494697 -0.802052
vn 0.335521 -0.456737 -0.823904
vn 0.334103 -0.480548 -0.810832
vn -0.0616443 -0.240252 -0.968751
vn -0.0559675 -0.182299 -0.981649
vn -0.0694686 -0.197641 -0.97781
vn -0.0559675 -0.182299 -0.981649
vn -0.0362473 -0.10964 -0.99331
vn -0.0694686 -0.197641 -0.97781
vn -0.0362473 -0.10964 -0.99331
vn 0.0413493 0.0941607 -0.994698
vn -0.0190777 0.0237118 -0.999537
vn 0.820456 -0.22529 -0.525449
vn 0.819679 -0.232193 -0.523654
vn 0.819679 -0.232193 -0.523654
vn 0.19457 -0.712483 0.674174
vn 0.170601 -0.854453 0.49072
vn 0.170601 -0.854453 0.49072
vn 0.19457 -0.712483 0.674174
vn -0.0453536 -0.667109 0.743579
vn -0.170097 -0.507228 0.844859
vn -0.170097 -0.507228 0.844859
vn -0.0453536 -0.667109 0.743579
vn -0.996583 -0.0116149 0.0817759
vn -0.998795 -0.00436988 0.0488802
vn -0.998795 -0.00436988 0.0488802
vn -0.996583 -0.0116149 0.0817759
vn -0.851594 -0.524165 0.00623841
vn -0.844327 -0.535817 -0.00349562
vn -0.844327 -0.535817 -0.00349562
vn -0.851594 -0.524165 0.00623841
vn 0.0389169 -0.777907 0.627174
vn -0.0453536 -0.667109 0.743579
vn -0.0453536 -0.667109 0.743579
vn 0.0389169 -0.777907 0.627174
vn -0.923116 0.0361364 0.38282
vn -0.940604 -0.00856812 0.339399
vn -0.967926 -0.100501 0.230259
vn -0.972073 -0.105425 0.209668
vn 0.230762 -0.691539 0.684487
vn 0.19457 -0.712483 0.674174
vn 0.19457 -0.712483 0.674174
vn 0.230762 -0.691539 0.684487
vn -0.121811 0.992508 -0.00951448
vn -0.186735 0.981965 -0.0295929
vn -0.186735 0.981965 -0.0295929
vn -0.121811 0.992508 -0.00951448
vn -0.186735 0.981965 -0.0295929
vn -0.249005 0.967852 -0.0354724
vn -0.249005 0.967852 -0.0354724
vn -0.186735 0.981965 -0.0295929
vn 0.990571 0.131792 -0.0374075
vn 0.994254 0.104428 -0.0235479
vn 0.994254 0.104428 -0.0235479
vn 0.990571 0.131792 -0.0374075
vn -0.129357 0.991598 -0.0010411
vn -0.121811 0.992508 -0.00951448
vn -0.121811 0.992508 -0.00951448
vn -0.129357 0.991598 -0.0010411
vn -0.151628 0.98842 0.00590107
vn -0.129357 0.991598 -0.0010411
vn -0.129357 0.991598 -0.0010411
vn -0.151628 0.98842 0.00590107
vn -0.838124 -0.545446 -0.00606787
vn -0.837324 -0.546702 -0.0024586
vn -0.837324 -0.546702 -0.0024586
vn -0.838124 -0.545446 -0.00606787
vn 0.994254 0.104428 -0.0235479
vn 0.996725 0.0806954 -0.00524586
vn 0.996725 0.0806954 -0.00524586
vn 0.994254 0.104428 -0.0235479
vn -0.145289 0.989387 -0.00213205
vn -0.161298 0.986832 0.0120896
vn -0.161298 0.986832 0.0120896
vn -0.145289 0.989387 -0.00213205
vn -0.713465 0.70025 -0.0248527
vn -0.713465 0.70025 -0.0248527
vn -0.713465 0.70025 -0.0248527
vn -0.713465 0.70025 -0.0248527
vn -0.993239 -0.0253433 0.113292
vn -0.996583 -0.0116149 0.0817759
vn -0.996583 -0.0116149 0.0817759
vn -0.993239 -0.0253433 0.113292
vn -0.977923 -0.0659733 0.198278
vn -0.993239 -0.0253433 0.113292
vn -0.993239 -0.0253433 0.113292
vn -0.977923 -0.0659733 0.198278
vn 0.253636 -0.648242 0.717949
vn 0.230762 -0.691539 0.684487
vn 0.230762 -0.691539 0.684487
vn 0.253636 -0.648242 0.717949
vn 0.14226 -0.942502 0.302411
vn 0.0963442 -0.889376 0.446909
vn 0.0963442 -0.889376 0.446909
vn 0.14226 -0.942502 0.302411
vn -0.161298 0.986832 0.0120896
vn -0.151628 0.98842 0.00590107
vn -0.151628 0.98842 0.00590107
vn -0.161298 0.986832 0.0120896
vn 0.996725 0.0806954 -0.00524586
vn 0.995919 0.0902472 0.000822594
vn 0.995919 0.0902472 0.000822594
vn 0.996725 0.0806954 -0.00524586
vn -0.132366 0.99115 -0.00999515
vn -0.145289 0.989387 -0.00213205
vn -0.145289 0.989387 -0.00213205
vn -0.132366 0.99115 -0.00999515
vn -0.999497 0.0306262 -0.00826862
vn -0.999497 0.0306262 -0.00826862
vn -0.999497 0.0306262 -0.00826862
vn -0.999497 0.0306262 -0.00826862
vn -0.170097 -0.507228 0.844859
vn -0.236028 -0.406572 0.882604
vn -0.236028 -0.406572 0.882604
vn -0.170097 -0.507228 0.844859
vn -0.844327 -0.535817 -0.00349562
vn -0.838124 -0.545446 -0.00606787
vn -0.838124 -0.545446 -0.00606787
vn -0.844327 -0.535817 -0.00349562
vn 0.0963442 -0.889376 0.446909
vn 0.0389169 -0.777907 0.627174
vn 0.0389169 -0.777907 0.627174
vn 0.0963442 -0.889376 0.446909
vn 0.170601 -0.854453 0.49072
vn 0.14226 -0.942502 0.302411
vn 0.14226 -0.942502 0.302411
vn 0.170601 -0.854453 0.49072
vn -0.940604 -0.00856812 0.339399
vn -0.977923 -0.0659733 0.198278
vn -0.977923 -0.0659733 0.198278
vn -0.967926 -0.100501 0.230259
vn 0.995919 0.0902472 0.000822594
vn 0.995372 0.0960676 0.00247084
vn 0.995372 0.0960676 0.00247084
vn 0.995919 0.0902472 0.000822594
vn -0.837468 -0.546485 -0.000959869
vn -0.837364 -0.546646 -2.45513e-005
vn -0.837364 -0.546646 -2.45513e-005
vn -0.837468 -0.546485 -0.000959869
vn 1 0.000584406 4.45984e-005
vn 0.999975 0.000774359 -0.00703033
vn 0.999975 0.000774359 -0.00703033
vn 1 0.000584406 4.45984e-005
vn -0.998795 -0.00436988 0.0488802
vn -1 -0.000419271 -8.25761e-005
vn -1 -0.000419271 -8.25761e-005
vn -0.998795 -0.00436988 0.0488802
vn -0.366576 0.71081 0.600309
vn -0.424839 0.716203 0.553683
vn -0.517276 0.792478 0.323117
vn -0.404592 0.842196 0.356387
vn -0.417252 0.900112 0.125293
vn -0.408408 0.877853 0.250152
vn -0.51902 0.825583 0.221428
vn -0.527045 0.837586 0.143782
vn -0.339705 0.683138 0.64647
vn -0.275676 0.605177 0.746836
vn -0.424839 0.716203 0.553683
vn -0.408408 0.877853 0.250152
vn -0.404592 0.842196 0.356387
vn -0.517276 0.792478 0.323117
vn -0.51902 0.825583 0.221428
vn -0.199701 0.31633 0.927391
vn -0.199701 0.31633 0.927391
vn -0.2658 0.449773 0.852675
vn -0.2658 0.449773 0.852675
vn -0.2658 0.449773 0.852675
vn -0.2658 0.449773 0.852675
vn -0.267566 0.412622 0.870719
vn -0.267566 0.412622 0.870719
vn -0.28951 0.526379 0.799443
vn -0.282101 0.540317 0.792765
vn -0.267566 0.412622 0.870719
vn -0.267566 0.412622 0.870719
vn -0.291521 0.654662 0.697448
vn -0.282101 0.540317 0.792765
vn -0.277023 0.635028 0.721109
vn -0.275676 0.605177 0.746836
vn -0.419527 0.907743 -0.000286719
vn -0.417252 0.900112 0.125293
vn -0.527045 0.837586 0.143782
vn -0.53634 0.844002 -0.000446241
vn -0.106183 0.0389847 0.993582
vn -0.106183 0.0389847 0.993582
vn -0.0424599 -0.22987 0.972295
vn -0.0479547 -0.193421 0.979943
vn -0.106183 0.0389847 0.993582
vn -0.106183 0.0389847 0.993582
vn -0.199701 0.31633 0.927391
vn -0.199701 0.31633 0.927391
vn -0.339705 0.683138 0.64647
vn -0.404592 0.842196 0.356387
vn -0.284838 0.87832 0.383954
vn -0.306056 0.701401 0.643713
vn -0.29034 0.920188 0.262595
vn -0.284838 0.87832 0.383954
vn -0.404592 0.842196 0.356387
vn -0.408408 0.877853 0.250152
vn -0.295588 0.946221 0.131501
vn -0.29034 0.920188 0.262595
vn -0.408408 0.877853 0.250152
vn -0.417252 0.900112 0.125293
vn -0.419527 0.907743 -0.000286719
vn -0.295285 0.955409 -0.000122119
vn -0.295588 0.946221 0.131501
vn -0.417252 0.900112 0.125293
vn -0.32652 0.555142 0.764985
vn -0.282101 0.540317 0.792765
vn -0.339705 0.683138 0.64647
vn -0.306056 0.701401 0.643713
vn -0.0424599 -0.22987 0.972295
vn -0.0357178 -0.296503 0.954364
vn -0.0479547 -0.193421 0.979943
vn -0.282101 0.540317 0.792765
vn -0.28951 0.526379 0.799443
vn -0.277023 0.635028 0.721109
vn 0.0774605 0.221832 0.972003
vn 0.0353069 0.124737 0.991561
vn 0.0593547 0.196705 0.978664
vn 0.0196173 -0.00446224 0.999798
vn -0.0318332 -0.0781821 0.996431
vn 0.0353069 0.124737 0.991561
vn -0.825772 0.175804 0.535905
vn -0.940604 -0.00856812 0.339399
vn -0.923116 0.0361364 0.38282
vn 0.05856 -0.998284 0.000339276
vn 0.0585988 -0.998282 0.000326099
vn 0.0535153 -0.964556 0.258397
vn 0.0533322 -0.961603 0.269212
vn 0.0533329 -0.961726 -0.268773
vn 0.0535061 -0.964352 -0.259157
vn 0.0585988 -0.998282 0.000326103
vn 0.05856 -0.998284 0.000339272
vn -0.850618 -0.525784 2.44532e-005
vn -0.850618 -0.525784 2.44532e-005
vn -0.850611 -0.525796 -4.86157e-006
vn -0.850611 -0.525796 -4.86157e-006
vn -0.850618 -0.525784 2.44532e-005
vn -0.850609 -0.525799 3.59919e-005
vn -0.850609 -0.525799 3.59919e-005
vn -0.850618 -0.525784 2.44532e-005
vn -0.850609 -0.525799 3.59919e-005
vn -0.850613 -0.525793 0.000164768
vn -0.850613 -0.525793 0.000164768
vn -0.850609 -0.525799 3.59919e-005
vn -0.850613 -0.525793 0.000164768
vn -0.850638 -0.525752 0.000138547
vn -0.850638 -0.525752 0.000138547
vn -0.850613 -0.525793 0.000164768
vn -0.850694 -0.525661 -1.45662e-005
vn -0.850694 -0.525661 -1.45662e-005
vn -0.850638 -0.525752 0.000138547
vn -0.850638 -0.525752 0.000138547
vn -0.850694 -0.525661 -1.45662e-005
vn -0.850627 -0.52577 8.73865e-005
vn -0.850627 -0.52577 8.73865e-005
vn -0.850694 -0.525661 -1.45662e-005
vn -0.85061 -0.525797 -6.32355e-005
vn -0.85061 -0.525797 -6.32355e-005
vn -0.850627 -0.52577 8.73865e-005
vn -0.850627 -0.52577 8.73865e-005
vn -0.85061 -0.525797 -6.32355e-005
vn -0.850694 -0.525662 -0.000156166
vn -0.850694 -0.525662 -0.000156166
vn -0.85061 -0.525797 -6.32355e-005
vn -0.850689 -0.52567 0.000116854
vn -0.850689 -0.52567 0.000116854
vn -0.850694 -0.525662 -0.000156166
vn -0.850694 -0.525662 -0.000156166
vn -0.850689 -0.52567 0.000116854
vn -0.850686 -0.525673 -8.41364e-005
vn -0.850686 -0.525673 -8.41364e-005
vn -0.850689 -0.52567 0.000116854
vn -0.850686 -0.525673 -8.41364e-005
vn -0.850568 -0.525865 -0.000424958
vn -0.850568 -0.525865 -0.000424958
vn -0.850686 -0.525673 -8.41364e-005
vn -0.850577 -0.52585 -0.000525968
vn -0.850577 -0.52585 -0.000525968
vn -0.850568 -0.525865 -0.000424958
vn -0.850568 -0.525865 -0.000424958
vn -0.850577 -0.52585 -0.000525968
vn -0.840333 -0.54207 7.85629e-005
vn -0.840333 -0.54207 7.85629e-005
vn -0.850577 -0.52585 -0.000525968
vn -0.772029 -0.635587 0.000404689
vn -0.772029 -0.635587 0.000404689
vn -0.840333 -0.54207 7.85629e-005
vn -0.840333 -0.54207 7.85629e-005
vn -0.772029 -0.635587 0.000404689
vn -0.707228 -0.706985 -4.6789e-005
vn -0.707228 -0.706985 -4.6789e-005
vn -0.772029 -0.635587 0.000404689
vn 0.131008 -0.991363 0.00600454
vn 0.158015 -0.985128 -0.067483
vn 0.158015 -0.985128 -0.067483
vn 0.131008 -0.991363 0.00600454
vn 0.160949 -0.920542 -0.355947
vn 0.160949 -0.920542 -0.355947
vn 0.158015 -0.985128 -0.067483
vn 0.158015 -0.985128 -0.067483
vn 0.160949 -0.920542 -0.355947
vn 0.129858 -0.822554 -0.553663
vn 0.129858 -0.822554 -0.553663
vn 0.160949 -0.920542 -0.355947
vn 0.690481 -0.718435 -0.0841875
vn 0.734205 -0.677618 -0.0421476
vn 0.734205 -0.677618 -0.0421476
vn 0.690481 -0.718435 -0.0841875
vn 0.773967 -0.633226 8.31722e-005
vn 0.773967 -0.633226 8.31722e-005
vn 0.734205 -0.677618 -0.0421476
vn 0.734205 -0.677618 -0.0421476
vn 0.824783 -0.564598 0.0310049
vn 0.824783 -0.564598 0.0310049
vn 0.773967 -0.633226 8.31722e-005
vn 0.773967 -0.633226 8.31722e-005
vn 0.871277 -0.489079 0.0409673
vn 0.871277 -0.489079 0.0409673
vn 0.824783 -0.564598 0.0310049
vn 0.824783 -0.564598 0.0310049
vn 0.883725 -0.467898 0.0100952
vn 0.883725 -0.467898 0.0100952
vn 0.871277 -0.489079 0.0409673
vn 0.871277 -0.489079 0.0409673
vn 0.883725 -0.467898 0.0100952
vn 0.893606 -0.448851 -9.09898e-006
vn 0.893606 -0.448851 -9.09898e-006
vn 0.883725 -0.467898 0.0100952
vn 0.893606 -0.448851 -9.09898e-006
vn 0.893607 -0.44885 -1.04046e-005
vn 0.893607 -0.44885 -1.04046e-005
vn 0.893606 -0.448851 -9.09898e-006
vn 0.893606 -0.448852 -2.61559e-005
vn 0.893606 -0.448852 -2.61559e-005
vn 0.893607 -0.44885 -1.04046e-005
vn 0.893607 -0.44885 -1.04046e-005
vn 0.893606 -0.448852 -2.61559e-005
vn 0.893605 -0.448854 -8.13981e-006
vn 0.893605 -0.448854 -8.13981e-006
vn 0.893606 -0.448852 -2.61559e-005
vn 0.893602 -0.44886 2.12373e-005
vn 0.893602 -0.44886 2.12373e-005
vn 0.893605 -0.448854 -8.13981e-006
vn 0.893605 -0.448854 -8.13981e-006
vn 0.893602 -0.44886 2.12373e-005
vn 0.893618 -0.448829 -8.93979e-006
vn 0.893618 -0.448829 -8.93979e-006
vn 0.893602 -0.44886 2.12373e-005
vn 0.893618 -0.448829 -8.93979e-006
vn 0.893634 -0.448796 -5.21792e-005
vn 0.893634 -0.448796 -5.21792e-005
vn 0.893618 -0.448829 -8.93979e-006
vn 0.893626 -0.448813 -9.67274e-006
vn 0.893626 -0.448813 -9.67274e-006
vn 0.893634 -0.448796 -5.21792e-005
vn 0.893634 -0.448796 -5.21792e-005
vn 0.893617 -0.448831 8.12623e-006
vn 0.893617 -0.448831 8.12623e-006
vn 0.893626 -0.448813 -9.67274e-006
vn 0.893626 -0.448813 -9.67274e-006
vn 0.893617 -0.448831 8.12623e-006
vn 0.893611 -0.448842 -1.52145e-006
vn 0.893611 -0.448842 -1.52145e-006
vn 0.893617 -0.448831 8.12623e-006
vn 0.886823 -0.46211 6.50449e-006
vn 0.893605 -0.448855 2.38987e-005
vn 0.893605 -0.448855 2.38987e-005
vn 0.886823 -0.46211 6.50449e-006
vn 0.843062 0.537816 1.40098e-005
vn 0.842963 0.53797 -0.00114683
vn 0.842963 0.53797 -0.00114683
vn 0.843062 0.537816 1.40098e-005
vn -0.990225 0.0205902 -0.137949
vn -0.999983 0.00582472 0.000313947
vn -0.999983 0.00582472 0.000313947
vn -0.990225 0.0205902 -0.137949
vn 0.842543 0.538623 -0.00238989
vn 0.848131 0.529754 -0.00588195
vn 0.848131 0.529754 -0.00588195
vn 0.842543 0.538623 -0.00238989
vn -0.117981 0.993016 0.000582245
vn -0.212614 0.976761 -0.0270611
vn -0.212614 0.976761 -0.0270611
vn -0.117981 0.993016 0.000582245
vn -0.961102 0.106473 -0.254845
vn -0.979782 0.0566973 -0.191865
vn -0.979782 0.0566973 -0.191865
vn -0.961102 0.106473 -0.254845
vn 0.842963 0.53797 -0.00114683
vn 0.842832 0.538175 -0.00159285
vn 0.842832 0.538175 -0.00159285
vn 0.842963 0.53797 -0.00114683
vn -0.577754 0.815172 -0.0411644
vn -0.670704 0.740831 -0.0363964
vn -0.670704 0.740831 -0.0363964
vn -0.577754 0.815172 -0.0411644
vn 0.848131 0.529754 -0.00588195
vn 0.84629 0.53258 -0.0123511
vn 0.84629 0.53258 -0.0123511
vn 0.848131 0.529754 -0.00588195
vn -0.918805 0.210327 -0.334006
vn -0.936946 0.161992 -0.309661
vn -0.936946 0.161992 -0.309661
vn -0.918805 0.210327 -0.334006
vn -0.212614 0.976761 -0.0270611
vn -0.360109 0.931824 -0.0450087
vn -0.360109 0.931824 -0.0450087
vn -0.212614 0.976761 -0.0270611
vn -0.0480213 0.998782 0.0113304
vn -0.117981 0.993016 0.000582245
vn -0.117981 0.993016 0.000582245
vn -0.0480213 0.998782 0.0113304
vn 0.690322 0.723502 0.000688908
vn 0.499605 0.8662 0.00966161
vn 0.499605 0.8662 0.00966161
vn 0.690322 0.723502 0.000688908
vn -0.979782 0.0566973 -0.191865
vn -0.990225 0.0205902 -0.137949
vn -0.990225 0.0205902 -0.137949
vn -0.979782 0.0566973 -0.191865
vn -0.830697 0.384824 -0.402309
vn -0.847885 0.36151 -0.387816
vn -0.847885 0.36151 -0.387816
vn -0.830697 0.384824 -0.402309
vn -0.360109 0.931824 -0.0450087
vn -0.577754 0.815172 -0.0411644
vn -0.577754 0.815172 -0.0411644
vn -0.360109 0.931824 -0.0450087
vn -0.936946 0.161992 -0.309661
vn -0.961102 0.106473 -0.254845
vn -0.961102 0.106473 -0.254845
vn -0.936946 0.161992 -0.309661
vn 0.842832 0.538175 -0.00159285
vn 0.842543 0.538623 -0.00238989
vn 0.842543 0.538623 -0.00238989
vn 0.842832 0.538175 -0.00159285
vn 0.854293 0.518419 -0.0377635
vn 0.848728 0.527765 -0.0335493
vn 0.848728 0.527765 -0.0335493
vn 0.854293 0.518419 -0.0377635
vn 0.852519 0.522468 -0.0154475
vn 0.856726 0.514961 -0.0289186
vn 0.856726 0.514961 -0.0289186
vn 0.852519 0.522468 -0.0154475
vn 0.856726 0.514961 -0.0289186
vn 0.854293 0.518419 -0.0377635
vn 0.854293 0.518419 -0.0377635
vn 0.856726 0.514961 -0.0289186
vn 0.84629 0.53258 -0.0123511
vn 0.842084 0.539159 -0.0142515
vn 0.842084 0.539159 -0.0142515
vn 0.84629 0.53258 -0.0123511
vn 0.842084 0.539159 -0.0142515
vn 0.852519 0.522468 -0.0154475
vn 0.852519 0.522468 -0.0154475
vn 0.842084 0.539159 -0.0142515
vn 0.848728 0.527765 -0.0335493
vn 0.842365 0.538551 -0.0196131
vn 0.842365 0.538551 -0.0196131
vn 0.848728 0.527765 -0.0335493
vn 0.842365 0.538551 -0.0196131
vn 0.690322 0.723502 0.000688908
vn 0.690322 0.723502 0.000688908
vn 0.842365 0.538551 -0.0196131
vn -0.891427 0.285561 -0.351872
vn -0.903965 0.249973 -0.34693
vn -0.903965 0.249973 -0.34693
vn -0.891427 0.285561 -0.351872
vn -0.903965 0.249973 -0.34693
vn -0.918805 0.210327 -0.334006
vn -0.918805 0.210327 -0.334006
vn -0.903965 0.249973 -0.34693
vn 0.0465362 0.294097 0.954642
vn 0.0377909 0.383974 0.92257
vn 0.0467125 0.291901 0.955307
vn 0.0552704 0.182862 0.981584
vn 0.0465362 0.294097 0.954642
vn 0.0467125 0.291901 0.955307
vn 0.0601569 0.162501 0.984873
vn -0.847885 0.36151 -0.387816
vn -0.872579 0.322909 -0.366519
vn -0.872579 0.322909 -0.366519
vn -0.847885 0.36151 -0.387816
vn -0.872579 0.322909 -0.366519
vn -0.891427 0.285561 -0.351872
vn -0.891427 0.285561 -0.351872
vn -0.872579 0.322909 -0.366519
vn -0.0484547 -0.279528 -0.958914
vn -0.0377645 -0.371563 -0.927639
vn -0.0467608 -0.282201 -0.958215
vn -0.070519 -0.159852 -0.984619
vn -0.0484547 -0.279528 -0.958914
vn -0.0467608 -0.282201 -0.958215
vn -0.0570985 -0.17603 -0.982727
vn -0.0623405 -0.16516 0.984295
vn -0.0509528 -0.179982 0.982349
vn -0.0405843 -0.286061 0.957352
vn -0.0360666 -0.287259 0.957174
vn -0.0360666 -0.287259 0.957174
vn -0.0405843 -0.286061 0.957352
vn -0.0377783 -0.371555 0.927642
vn -0.87318 0.327305 0.361147
vn -0.87318 0.327305 0.361147
vn -0.891918 0.292155 0.345148
vn -0.891918 0.292155 0.345148
vn -0.854085 0.411804 0.317737
vn -0.854085 0.411804 0.317737
vn -0.87318 0.327305 0.361147
vn -0.87318 0.327305 0.361147
vn 0.0495384 0.182838 -0.981894
vn 0.0525315 0.162466 -0.985315
vn 0.0352853 0.291867 -0.955808
vn 0.0408189 0.294087 -0.954907
vn 0.0408189 0.294087 -0.954907
vn 0.0352853 0.291867 -0.955808
vn 0.0377777 0.383989 -0.922564
vn -0.904583 0.259074 0.338541
vn -0.904583 0.259074 0.338541
vn -0.919312 0.220489 0.325959
vn -0.919312 0.220489 0.325959
vn -0.891918 0.292155 0.345148
vn -0.891918 0.292155 0.345148
vn -0.904583 0.259074 0.338541
vn -0.904583 0.259074 0.338541
vn 0.837923 0.544906 0.0310282
vn 0.837923 0.544906 0.0310282
vn 0.684567 0.72889 0.00934937
vn 0.684567 0.72889 0.00934937
vn 0.847298 0.529703 0.0387456
vn 0.847298 0.529703 0.0387456
vn 0.837923 0.544906 0.0310282
vn 0.837923 0.544906 0.0310282
vn 0.843051 0.537563 0.0170644
vn 0.843051 0.537563 0.0170644
vn 0.851159 0.524885 0.00496769
vn 0.851159 0.524885 0.00496769
vn 0.8459 0.533191 0.012701
vn 0.8459 0.533191 0.012701
vn 0.843051 0.537563 0.0170644
vn 0.843051 0.537563 0.0170644
vn 0.856082 0.51652 0.018159
vn 0.856082 0.51652 0.018159
vn 0.854366 0.518452 0.0355895
vn 0.854366 0.518452 0.0355895
vn 0.851159 0.524885 0.00496769
vn 0.851159 0.524885 0.00496769
vn 0.856082 0.51652 0.018159
vn 0.856082 0.51652 0.018159
vn 0.854366 0.518452 0.0355895
vn 0.854366 0.518452 0.0355895
vn 0.847298 0.529703 0.0387456
vn 0.847298 0.529703 0.0387456
vn 0.842866 0.538121 0.00164127
vn 0.842866 0.538121 0.00164127
vn 0.842586 0.538556 0.00247275
vn 0.842586 0.538556 0.00247275
vn -0.936998 0.174305 0.302742
vn -0.936998 0.174305 0.302742
vn -0.960628 0.11914 0.250997
vn -0.960628 0.11914 0.250997
vn -0.359846 0.932406 0.0336193
vn -0.359846 0.932406 0.0336193
vn -0.577434 0.81545 0.0401337
vn -0.577434 0.81545 0.0401337
vn -0.768406 0.621054 0.154419
vn -0.768406 0.621054 0.154419
vn -0.854085 0.411804 0.317737
vn -0.854085 0.411804 0.317737
vn -0.979256 0.0675186 0.191045
vn -0.979256 0.0675186 0.191045
vn -0.989913 0.0315023 0.138131
vn -0.989913 0.0315023 0.138131
vn 0.684567 0.72889 0.00934937
vn 0.684567 0.72889 0.00934937
vn 0.495558 0.868566 -0.00398212
vn 0.495558 0.868566 -0.00398212
vn -0.04809 0.99878 -0.0112359
vn -0.04809 0.99878 -0.0112359
vn -0.117928 0.993005 -0.00589298
vn -0.117928 0.993005 -0.00589298
vn -0.212894 0.977003 0.0118886
vn -0.212894 0.977003 0.0118886
vn -0.359846 0.932406 0.0336193
vn -0.359846 0.932406 0.0336193
vn -0.919312 0.220489 0.325959
vn -0.919312 0.220489 0.325959
vn -0.936998 0.174305 0.302742
vn -0.936998 0.174305 0.302742
vn 0.846298 0.53271 0.00088027
vn 0.846298 0.53271 0.00088027
vn 0.8459 0.533191 0.012701
vn 0.8459 0.533191 0.012701
vn -0.577434 0.81545 0.0401337
vn -0.577434 0.81545 0.0401337
vn -0.768406 0.621054 0.154419
vn -0.768406 0.621054 0.154419
vn 0.842996 0.537918 0.00118073
vn 0.842996 0.537918 0.00118073
vn 0.842866 0.538121 0.00164127
vn 0.842866 0.538121 0.00164127
vn -0.960628 0.11914 0.250997
vn -0.960628 0.11914 0.250997
vn -0.979256 0.0675186 0.191045
vn -0.979256 0.0675186 0.191045
vn -0.117928 0.993005 -0.00589298
vn -0.117928 0.993005 -0.00589298
vn -0.212894 0.977003 0.0118886
vn -0.212894 0.977003 0.0118886
vn 0.842586 0.538556 0.00247275
vn 0.842586 0.538556 0.00247275
vn 0.846298 0.53271 0.00088027
vn 0.846298 0.53271 0.00088027
vn -0.989913 0.0315023 0.138131
vn -0.989913 0.0315023 0.138131
vn -0.999983 0.00582472 0.000313947
vn -0.999983 0.00582472 0.000313947
vn 0.843062 0.537816 1.40098e-005
vn 0.843062 0.537816 1.40098e-005
vn 0.842996 0.537918 0.00118073
vn 0.842996 0.537918 0.00118073
vn -0.0101348 -0.306208 0.951911
vn -0.00954813 -0.300231 0.953819
vn 0.000342619 -0.192044 0.981386
vn 0.000342619 -0.192044 0.981386
vn 0.000342619 -0.192044 0.981386
vn 0.000342619 -0.192044 0.981386
vn 0.0403228 -0.01264 0.999107
vn 0.0403228 -0.01264 0.999107
vn 0.0403228 -0.01264 0.999107
vn 0.0403228 -0.01264 0.999107
vn 0.067551 0.0985825 0.992833
vn 0.067551 0.0985825 0.992833
vn -0.0369284 -0.266052 0.963251
vn -0.0276135 -0.303079 0.952565
vn -0.0357939 -0.295469 0.954682
vn 0.0552704 0.182862 0.981584
vn 0.0593446 0.116639 0.9914
vn 0.0542979 0.181622 0.981868
vn -0.0101348 -0.306208 0.951911
vn -0.00899326 -0.319541 0.94753
vn -0.00667972 -0.320958 0.94707
vn -0.00954813 -0.300231 0.953819
vn -0.492446 0.767415 0.410575
vn -0.492446 0.767415 0.410575
vn -0.441941 0.731666 0.518992
vn -0.441941 0.731666 0.518992
vn -0.0357939 -0.295469 0.954682
vn -0.0276135 -0.303079 0.952565
vn -0.012305 -0.328017 0.944592
vn -0.012305 -0.328017 0.944592
vn -0.00899326 -0.319541 0.94753
vn -0.0101348 -0.306208 0.951911
vn -0.0276135 -0.303079 0.952565
vn -0.0369284 -0.266052 0.963251
vn -0.012305 -0.328017 0.944592
vn -0.012305 -0.328017 0.944592
vn -0.0146739 -0.240062 0.970647
vn -0.0146739 -0.240062 0.970647
vn -0.533617 0.835648 0.13017
vn -0.533617 0.835648 0.13017
vn -0.537873 0.843026 -0.000329529
vn -0.537873 0.843026 -0.000329529
vn -0.529124 0.825527 0.1963
vn -0.529124 0.825527 0.1963
vn -0.533617 0.835648 0.13017
vn -0.533617 0.835648 0.13017
vn -0.517202 0.800014 0.304105
vn -0.517202 0.800014 0.304105
vn -0.529124 0.825527 0.1963
vn -0.529124 0.825527 0.1963
vn 0.067551 0.0985825 0.992833
vn 0.067551 0.0985825 0.992833
vn 0.0637448 0.121352 0.990561
vn 0.0601569 0.162501 0.984873
vn 0.0601569 0.162501 0.984873
vn 0.0637448 0.121352 0.990561
vn 0.0593446 0.116639 0.9914
vn 0.0552704 0.182862 0.981584
vn -0.517202 0.800014 0.304105
vn -0.517202 0.800014 0.304105
vn -0.492446 0.767415 0.410575
vn -0.492446 0.767415 0.410575
vn -0.0517916 0.959575 0.276649
vn -0.0517916 0.959575 0.276649
vn -0.0589131 0.998263 -0.000746743
vn -0.0589131 0.998263 -0.000746743
vn -0.040922 0.916706 0.397462
vn -0.040922 0.916706 0.397462
vn -0.0517916 0.959575 0.276649
vn -0.0517916 0.959575 0.276649
vn -0.0296408 0.846136 0.532143
vn -0.0296408 0.846136 0.532143
vn -0.040922 0.916706 0.397462
vn -0.040922 0.916706 0.397462
vn -0.0147837 0.708218 0.705839
vn -0.0147837 0.708218 0.705839
vn -0.0296408 0.846136 0.532143
vn -0.0296408 0.846136 0.532143
vn 0.00147559 0.574536 0.818478
vn 0.00147559 0.574536 0.818478
vn -0.0147837 0.708218 0.705839
vn -0.0147837 0.708218 0.705839
vn 0.0323463 0.230121 -0.972624
vn 0.0323463 0.230121 -0.972624
vn 0.040662 0.275079 -0.960561
vn 0.0324722 0.281877 -0.958901
vn -0.0406364 0.0600058 -0.997371
vn -0.0406364 0.0600058 -0.997371
vn 0.0323463 0.230121 -0.972624
vn 0.0323463 0.230121 -0.972624
vn -0.0961755 -0.0977111 -0.990557
vn -0.0961755 -0.0977111 -0.990557
vn -0.0406364 0.0600058 -0.997371
vn -0.0406364 0.0600058 -0.997371
vn 0.0200331 0.312437 -0.949727
vn 0.0187145 0.30675 -0.951606
vn 0.0284298 0.269896 -0.96247
vn -0.0570985 -0.17603 -0.982727
vn -0.0529997 -0.17138 -0.983778
vn -0.0628972 -0.115184 -0.991351
vn 0.0324722 0.281877 -0.958901
vn 0.040662 0.275079 -0.960561
vn 0.039589 0.286175 -0.957359
vn 0.0278379 0.290797 -0.95638
vn 0.486436 -0.757418 -0.435544
vn 0.486436 -0.757418 -0.435544
vn 0.433725 -0.718263 -0.544041
vn 0.433725 -0.718263 -0.544041
vn 0.0187145 0.30675 -0.951606
vn 0.0200331 0.312437 -0.949727
vn -0.00185708 0.354098 -0.935206
vn -0.00185708 0.354098 -0.935206
vn 0.0324722 0.281877 -0.958901
vn 0.0278379 0.290797 -0.95638
vn 0.0284298 0.269896 -0.96247
vn 0.0187145 0.30675 -0.951606
vn -0.00185708 0.354098 -0.935206
vn -0.00185708 0.354098 -0.935206
vn -0.00348375 0.284485 -0.958674
vn -0.00348375 0.284485 -0.958674
vn 0.534548 -0.834147 -0.135859
vn 0.534548 -0.834147 -0.135859
vn 0.539214 -0.842168 0.000361847
vn 0.539214 -0.842168 0.000361847
vn 0.529505 -0.823218 -0.204785
vn 0.529505 -0.823218 -0.204785
vn 0.534548 -0.834147 -0.135859
vn 0.534548 -0.834147 -0.135859
vn 0.515725 -0.796274 -0.316189
vn 0.515725 -0.796274 -0.316189
vn 0.529505 -0.823218 -0.204785
vn 0.529505 -0.823218 -0.204785
vn -0.0570985 -0.17603 -0.982727
vn -0.0628972 -0.115184 -0.991351
vn -0.0784211 -0.123927 -0.989188
vn -0.070519 -0.159852 -0.984619
vn -0.070519 -0.159852 -0.984619
vn -0.0784211 -0.123927 -0.989188
vn -0.0961755 -0.0977111 -0.990557
vn -0.0961755 -0.0977111 -0.990557
vn 0.515725 -0.796274 -0.316189
vn 0.515725 -0.796274 -0.316189
vn 0.486436 -0.757418 -0.435544
vn 0.486436 -0.757418 -0.435544
vn 0.0517674 -0.959242 -0.277804
vn 0.0517674 -0.959242 -0.277804
vn 0.058897 -0.998264 0.000770574
vn 0.058897 -0.998264 0.000770574
vn 0.0408129 -0.914439 -0.402661
vn 0.0408129 -0.914439 -0.402661
vn 0.0517674 -0.959242 -0.277804
vn 0.0517674 -0.959242 -0.277804
vn 0.0295294 -0.842344 -0.53813
vn 0.0295294 -0.842344 -0.53813
vn 0.0408129 -0.914439 -0.402661
vn 0.0408129 -0.914439 -0.402661
vn 0.0148392 -0.70214 -0.711885
vn 0.0148392 -0.70214 -0.711885
vn 0.0295294 -0.842344 -0.53813
vn 0.0295294 -0.842344 -0.53813
vn -0.00123274 -0.563659 -0.826006
vn -0.00123274 -0.563659 -0.826006
vn 0.0148392 -0.70214 -0.711885
vn 0.0148392 -0.70214 -0.711885
vn -0.03879 0.0115716 0.99918
vn -0.03879 0.0115716 0.99918
vn -0.0988981 0.200043 0.974783
vn -0.0988981 0.200043 0.974783
vn 0.104245 -0.143539 -0.984139
vn 0.104245 -0.143539 -0.984139
vn 0.0384809 0.0189274 -0.99908
vn 0.0384809 0.0189274 -0.99908
vn -0.195226 0.42036 0.886106
vn -0.195226 0.42036 0.886106
vn -0.280626 0.588201 0.758465
vn -0.280626 0.588201 0.758465
vn -0.0988981 0.200043 0.974783
vn -0.0988981 0.200043 0.974783
vn -0.195226 0.42036 0.886106
vn -0.195226 0.42036 0.886106
vn 0.205494 -0.392685 -0.896421
vn 0.205494 -0.392685 -0.896421
vn 0.28078 -0.579649 -0.764964
vn 0.28078 -0.579649 -0.764964
vn 0.104245 -0.143539 -0.984139
vn 0.104245 -0.143539 -0.984139
vn 0.205494 -0.392685 -0.896421
vn 0.205494 -0.392685 -0.896421
vn -0.357344 0.669165 0.651554
vn -0.357344 0.669165 0.651554
vn -0.280626 0.588201 0.758465
vn -0.280626 0.588201 0.758465
vn -0.441941 0.731666 0.518992
vn -0.441941 0.731666 0.518992
vn -0.357344 0.669165 0.651554
vn -0.357344 0.669165 0.651554
vn 0.350503 -0.65844 -0.666036
vn 0.350503 -0.65844 -0.666036
vn 0.433725 -0.718263 -0.544041
vn 0.433725 -0.718263 -0.544041
vn 0.28078 -0.579649 -0.764964
vn 0.28078 -0.579649 -0.764964
vn 0.350503 -0.65844 -0.666036
vn 0.350503 -0.65844 -0.666036
vn -0.0169457 -0.140048 0.99
vn -0.0169457 -0.140048 0.99
vn -0.03879 0.0115716 0.99918
vn -0.03879 0.0115716 0.99918
vn -0.0146739 -0.240062 0.970647
vn -0.0146739 -0.240062 0.970647
vn -0.0169457 -0.140048 0.99
vn -0.0169457 -0.140048 0.99
vn 0.00833771 0.160093 -0.987067
vn 0.00833771 0.160093 -0.987067
vn -0.00348375 0.284485 -0.958674
vn -0.00348375 0.284485 -0.958674
vn 0.0384809 0.0189274 -0.99908
vn 0.0384809 0.0189274 -0.99908
vn 0.00833771 0.160093 -0.987067
vn 0.00833771 0.160093 -0.987067
vn 0.0194599 0.495967 0.868123
vn 0.0194599 0.495967 0.868123
vn 0.00147559 0.574536 0.818478
vn 0.00147559 0.574536 0.818478
vn 0.0377909 0.383974 0.92257
vn 0.0363293 0.406124 0.913095
vn 0.0194599 0.495967 0.868123
vn 0.0194599 0.495967 0.868123
vn -0.0189225 -0.483145 -0.875336
vn -0.0189225 -0.483145 -0.875336
vn -0.0354286 -0.393432 -0.918671
vn -0.0377645 -0.371563 -0.927639
vn -0.00123274 -0.563659 -0.826006
vn -0.00123274 -0.563659 -0.826006
vn -0.0189225 -0.483145 -0.875336
vn -0.0189225 -0.483145 -0.875336
vn 0.0465362 0.294097 0.954642
vn 0.0463596 0.296291 0.953972
vn 0.0363293 0.406124 0.913095
vn 0.0377909 0.383974 0.92257
vn 0.0552704 0.182862 0.981584
vn 0.0542979 0.181622 0.981868
vn 0.0463596 0.296291 0.953972
vn 0.0465362 0.294097 0.954642
vn -0.0467608 -0.282201 -0.958215
vn -0.0450668 -0.284871 -0.957506
vn -0.0529997 -0.17138 -0.983778
vn -0.0570985 -0.17603 -0.982727
vn -0.0377645 -0.371563 -0.927639
vn -0.0354286 -0.393432 -0.918671
vn -0.0450668 -0.284871 -0.957506
vn -0.0467608 -0.282201 -0.958215
vn -0.0405843 -0.286061 0.957352
vn -0.0451015 -0.284856 0.957509
vn -0.03545 -0.393421 0.918675
vn -0.0377783 -0.371555 0.927642
vn -0.0509528 -0.179982 0.982349
vn -0.0530231 -0.171343 0.983783
vn -0.0451015 -0.284856 0.957509
vn -0.0405843 -0.286061 0.957352
vn 0.0408189 0.294087 -0.954907
vn 0.0463497 0.296296 -0.953971
vn 0.054298 0.181621 -0.981868
vn 0.0495384 0.182838 -0.981894
vn 0.0377777 0.383989 -0.922564
vn 0.0363115 0.406132 -0.913093
vn 0.0463497 0.296296 -0.953971
vn 0.0408188 0.294087 -0.954907
vn -0.0189398 -0.48315 0.875333
vn -0.0189398 -0.48315 0.875333
vn -0.00124183 -0.563646 0.826016
vn -0.00124183 -0.563646 0.826016
vn -0.0377783 -0.371555 0.927642
vn -0.03545 -0.393421 0.918675
vn -0.0189398 -0.48315 0.875333
vn -0.0189398 -0.48315 0.875333
vn 0.0194445 0.495973 -0.86812
vn 0.0194445 0.495973 -0.86812
vn 0.0363115 0.406132 -0.913093
vn 0.0377777 0.383989 -0.922564
vn 0.00146117 0.57454 -0.818475
vn 0.00146117 0.57454 -0.818475
vn 0.0194445 0.495973 -0.86812
vn 0.0194445 0.495973 -0.86812
vn 0.00833388 0.160059 0.987072
vn 0.00833388 0.160059 0.987072
vn 0.0384545 0.0188803 0.999082
vn 0.0384545 0.0188803 0.999082
vn -0.00348253 0.284531 0.958661
vn -0.00348253 0.284531 0.958661
vn 0.00833388 0.160059 0.987072
vn 0.00833388 0.160059 0.987072
vn -0.0169228 -0.140035 -0.990002
vn -0.0169228 -0.140035 -0.990002
vn -0.0146528 -0.240064 -0.970647
vn -0.0146528 -0.240064 -0.970647
vn -0.0387675 0.0115748 -0.999181
vn -0.0387675 0.0115748 -0.999181
vn -0.0169228 -0.140035 -0.990002
vn -0.0169228 -0.140035 -0.990002
vn 0.350503 -0.65844 0.666036
vn 0.350503 -0.65844 0.666036
vn 0.280781 -0.579649 0.764964
vn 0.280781 -0.579649 0.764964
vn 0.433726 -0.718266 0.544037
vn 0.433726 -0.718266 0.544037
vn 0.350503 -0.65844 0.666036
vn 0.350503 -0.65844 0.666036
vn -0.357336 0.66917 -0.651554
vn -0.357336 0.66917 -0.651554
vn -0.441939 0.731667 -0.518992
vn -0.441939 0.731667 -0.518992
vn -0.280614 0.588223 -0.758453
vn -0.280614 0.588223 -0.758453
vn -0.357336 0.66917 -0.651554
vn -0.357336 0.66917 -0.651554
vn 0.205483 -0.392692 0.896421
vn 0.205483 -0.392692 0.896421
vn 0.104212 -0.143559 0.98414
vn 0.104212 -0.143559 0.98414
vn 0.280781 -0.579649 0.764964
vn 0.280781 -0.579649 0.764964
vn 0.205483 -0.392692 0.896421
vn 0.205483 -0.392692 0.896421
vn -0.195205 0.42037 -0.886106
vn -0.195205 0.42037 -0.886106
vn -0.0988751 0.200054 -0.974783
vn -0.0988751 0.200054 -0.974783
vn -0.280614 0.588223 -0.758453
vn -0.280614 0.588223 -0.758453
vn -0.195205 0.42037 -0.886106
vn -0.195205 0.42037 -0.886106
vn 0.0384545 0.0188803 0.999082
vn 0.0384545 0.0188803 0.999082
vn 0.104212 -0.143559 0.98414
vn 0.104212 -0.143559 0.98414
vn -0.0988751 0.200054 -0.974783
vn -0.0988751 0.200054 -0.974783
vn -0.0387675 0.0115748 -0.999181
vn -0.0387675 0.0115748 -0.999181
vn 0.0148411 -0.702134 0.711891
vn 0.0148411 -0.702134 0.711891
vn -0.00124183 -0.563646 0.826016
vn -0.00124183 -0.563646 0.826016
vn 0.0295342 -0.842347 0.538126
vn 0.0295342 -0.842347 0.538126
vn 0.0148411 -0.702134 0.711891
vn 0.0148411 -0.702134 0.711891
vn 0.0408169 -0.914439 0.40266
vn 0.0408169 -0.914439 0.40266
vn 0.0295342 -0.842347 0.538126
vn 0.0295342 -0.842347 0.538126
vn 0.0517598 -0.959028 0.278543
vn 0.0517598 -0.959028 0.278543
vn 0.0408169 -0.914439 0.40266
vn 0.0408169 -0.914439 0.40266
vn 0.058897 -0.998264 0.000770574
vn 0.058897 -0.998264 0.000770574
vn 0.0517598 -0.959028 0.278543
vn 0.0517598 -0.959028 0.278543
vn 0.486437 -0.75742 0.435538
vn 0.486437 -0.75742 0.435538
vn 0.515724 -0.796275 0.316188
vn 0.515724 -0.796275 0.316188
vn -0.0962468 -0.0977737 0.990544
vn -0.0962468 -0.0977737 0.990544
vn -0.078472 -0.1239 0.989187
vn -0.0623405 -0.16516 0.984295
vn -0.0623405 -0.16516 0.984295
vn -0.078472 -0.1239 0.989187
vn -0.0629337 -0.115126 0.991355
vn -0.0509528 -0.179982 0.982349
vn 0.529505 -0.823218 0.204786
vn 0.529505 -0.823218 0.204786
vn 0.515724 -0.796275 0.316188
vn 0.515724 -0.796275 0.316188
vn 0.534519 -0.834107 0.13622
vn 0.534519 -0.834107 0.13622
vn 0.529505 -0.823218 0.204786
vn 0.529505 -0.823218 0.204786
vn 0.539214 -0.842168 0.000361847
vn 0.539214 -0.842168 0.000361847
vn 0.534519 -0.834107 0.13622
vn 0.534519 -0.834107 0.13622
vn -0.00348253 0.284531 0.958661
vn -0.00348253 0.284531 0.958661
vn -0.00183051 0.354071 0.935217
vn -0.00183051 0.354071 0.935217
vn 0.0187315 0.306701 0.951622
vn 0.0284299 0.269895 0.96247
vn 0.027819 0.290861 0.956361
vn 0.0324596 0.281919 0.958889
vn -0.00183051 0.354071 0.935217
vn -0.00183051 0.354071 0.935217
vn 0.0200586 0.312363 0.949751
vn 0.0187315 0.306701 0.951622
vn 0.433726 -0.718266 0.544037
vn 0.433726 -0.718266 0.544037
vn 0.486437 -0.75742 0.435538
vn 0.486437 -0.75742 0.435538
vn 0.0324596 0.281919 0.958889
vn 0.027819 0.290861 0.956361
vn 0.0395511 0.286302 0.957323
vn 0.0406431 0.275142 0.960544
vn -0.0509528 -0.179982 0.982349
vn -0.0629337 -0.115126 0.991355
vn -0.0530231 -0.171343 0.983783
vn 0.0284299 0.269895 0.96247
vn 0.0187315 0.306701 0.951622
vn 0.0200586 0.312363 0.949751
vn -0.0406928 0.0599331 0.997373
vn -0.0406928 0.0599331 0.997373
vn -0.0962468 -0.0977737 0.990544
vn -0.0962468 -0.0977737 0.990544
vn 0.0323471 0.230122 0.972624
vn 0.0323471 0.230122 0.972624
vn -0.0406928 0.0599331 0.997373
vn -0.0406928 0.0599331 0.997373
vn 0.0324596 0.281919 0.958889
vn 0.0406431 0.275142 0.960544
vn 0.0323471 0.230122 0.972624
vn 0.0323471 0.230122 0.972624
vn -0.0147888 0.708223 -0.705834
vn -0.0147888 0.708223 -0.705834
vn 0.00146117 0.57454 -0.818475
vn 0.00146117 0.57454 -0.818475
vn -0.0296363 0.846137 -0.532141
vn -0.0296363 0.846137 -0.532141
vn -0.0147888 0.708223 -0.705834
vn -0.0147888 0.708223 -0.705834
vn -0.0409174 0.916705 -0.397464
vn -0.0409174 0.916705 -0.397464
vn -0.0296363 0.846137 -0.532141
vn -0.0296363 0.846137 -0.532141
vn -0.0517824 0.959368 -0.277366
vn -0.0517824 0.959368 -0.277366
vn -0.0409174 0.916705 -0.397464
vn -0.0409174 0.916705 -0.397464
vn -0.0589131 0.998263 -0.000746743
vn -0.0589131 0.998263 -0.000746743
vn -0.0517824 0.959368 -0.277366
vn -0.0517824 0.959368 -0.277366
vn -0.492442 0.767419 -0.410571
vn -0.492442 0.767419 -0.410571
vn -0.5172 0.800017 -0.304101
vn -0.5172 0.800017 -0.304101
vn 0.0495384 0.182838 -0.981894
vn 0.0593119 0.116621 -0.991404
vn 0.0637294 0.121325 -0.990565
vn 0.0525315 0.162466 -0.985315
vn 0.0525315 0.162466 -0.985315
vn 0.0637294 0.121325 -0.990565
vn 0.067621 0.0986725 -0.99282
vn 0.067621 0.0986725 -0.99282
vn -0.529124 0.825527 -0.1963
vn -0.529124 0.825527 -0.1963
vn -0.5172 0.800017 -0.304101
vn -0.5172 0.800017 -0.304101
vn -0.533591 0.835614 -0.130497
vn -0.533591 0.835614 -0.130497
vn -0.529124 0.825527 -0.1963
vn -0.529124 0.825527 -0.1963
vn -0.537873 0.843026 -0.000329529
vn -0.537873 0.843026 -0.000329529
vn -0.533591 0.835614 -0.130497
vn -0.533591 0.835614 -0.130497
vn -0.0146528 -0.240064 -0.970647
vn -0.0146528 -0.240064 -0.970647
vn -0.0123348 -0.327844 -0.944651
vn -0.0123348 -0.327844 -0.944651
vn -0.0369284 -0.266052 -0.963251
vn -0.0276436 -0.30294 -0.952609
vn -0.0101376 -0.30616 -0.951926
vn -0.00899344 -0.319553 -0.947526
vn -0.0123348 -0.327844 -0.944651
vn -0.0123348 -0.327844 -0.944651
vn -0.0276436 -0.30294 -0.952609
vn -0.0358389 -0.29526 -0.954745
vn -0.441939 0.731667 -0.518992
vn -0.441939 0.731667 -0.518992
vn -0.492442 0.767419 -0.410571
vn -0.492442 0.767419 -0.410571
vn -0.0101376 -0.30616 -0.951926
vn -0.00955232 -0.30016 -0.953841
vn -0.00668008 -0.320982 -0.947062
vn -0.00899344 -0.319553 -0.947526
vn 0.0593119 0.116621 -0.991404
vn 0.0495384 0.182838 -0.981894
vn 0.054298 0.181621 -0.981868
vn -0.0358389 -0.29526 -0.954745
vn -0.0276436 -0.30294 -0.952609
vn -0.0369284 -0.266052 -0.963251
vn 0.067621 0.0986725 -0.99282
vn 0.067621 0.0986725 -0.99282
vn 0.0403463 -0.0127217 -0.999105
vn 0.0403463 -0.0127217 -0.999105
vn 0.0403463 -0.0127217 -0.999105
vn 0.0403463 -0.0127217 -0.999105
vn 0.000308047 -0.192136 -0.981368
vn 0.000308047 -0.192136 -0.981368
vn 0.000308047 -0.192136 -0.981368
vn 0.000308047 -0.192136 -0.981368
vn -0.00955232 -0.30016 -0.953841
vn -0.0101376 -0.30616 -0.951926
vn -0.0409784 -0.35925 0.932341
vn -0.084129 -0.305366 0.948511
vn -0.0374954 -0.351701 0.935361
vn 0.148822 0.239173 -0.959504
vn 0.177267 0.15506 -0.971871
vn 0.0462069 0.272907 -0.96093
vn 0.0462069 0.272907 -0.96093
vn 0.0345053 0.370328 -0.92826
vn 0.088168 0.34627 -0.933982
vn 0.148822 0.239173 -0.959504
vn -0.00668409 -0.516366 0.856342
vn -0.0309445 -0.411004 0.911108
vn -0.0309445 -0.411004 0.911108
vn -0.00668409 -0.516366 0.856342
vn -0.0309445 -0.411004 0.911108
vn -0.0409784 -0.35925 0.932341
vn -0.0374954 -0.351701 0.935361
vn -0.0309445 -0.411004 0.911108
vn 0.0345053 0.370328 -0.92826
vn 0.0144879 0.419358 -0.907705
vn 0.0144879 0.419358 -0.907705
vn 0.088168 0.34627 -0.933982
vn 0.0144879 0.419358 -0.907705
vn -0.0028725 0.52736 -0.849637
vn -0.0028725 0.52736 -0.849637
vn 0.0144879 0.419358 -0.907705
vn -0.00668409 -0.516366 0.856342
vn 0.0184084 -0.671661 0.740629
vn 0.0184084 -0.671661 0.740629
vn -0.00668409 -0.516366 0.856342
vn 0.0184084 -0.671661 0.740629
vn 0.0333286 -0.819003 0.572821
vn 0.0333286 -0.819003 0.572821
vn 0.0184084 -0.671661 0.740629
vn 0.0333286 -0.819003 0.572821
vn 0.0438327 -0.898509 0.436761
vn 0.0438327 -0.898509 0.436761
vn 0.0333286 -0.819003 0.572821
vn 0.0438327 -0.898509 0.436761
vn 0.0562265 -0.948441 0.311928
vn 0.0562265 -0.948441 0.311928
vn 0.0438327 -0.898509 0.436761
vn 0.0562265 -0.948441 0.311928
vn 0.0616296 -0.998097 0.00199825
vn 0.0616296 -0.998097 0.00199825
vn 0.0562265 -0.948441 0.311928
vn -0.0028725 0.52736 -0.849637
vn -0.0186966 0.684606 -0.728673
vn -0.0186966 0.684606 -0.728673
vn -0.0028725 0.52736 -0.849637
vn -0.0186966 0.684606 -0.728673
vn -0.0337345 0.828985 -0.558253
vn -0.0337345 0.828985 -0.558253
vn -0.0186966 0.684606 -0.728673
vn -0.0337345 0.828985 -0.558253
vn -0.0442137 0.905895 -0.421187
vn -0.0442137 0.905895 -0.421187
vn -0.0337345 0.828985 -0.558253
vn -0.0442137 0.905895 -0.421187
vn -0.0564559 0.95238 -0.299641
vn -0.0564559 0.95238 -0.299641
vn -0.0442137 0.905895 -0.421187
vn -0.0564559 0.95238 -0.299641
vn -0.0616313 0.998098 0.000996216
vn -0.0616313 0.998098 0.000996216
vn -0.0564559 0.95238 -0.299641
vn -0.0826173 -0.2759 0.957629
vn -0.084129 -0.305366 0.948511
vn -0.178702 -0.244019 0.953163
vn -0.108523 -0.244819 0.963476
vn 0.148822 0.239173 -0.959504
vn 0.185807 0.232746 -0.954623
vn 0.181094 0.201101 -0.962686
vn 0.177267 0.15506 -0.971871
vn -0.0721747 -0.231922 0.970053
vn -0.0421412 -0.225162 0.97341
vn -0.0421412 -0.225162 0.97341
vn -0.0721747 -0.231922 0.970053
vn -0.0710665 -0.29413 0.95312
vn -0.0721747 -0.231922 0.970053
vn -0.0721747 -0.231922 0.970053
vn -0.0645981 -0.290182 0.954789
vn -0.100014 -0.305798 0.946829
vn -0.0710665 -0.29413 0.95312
vn -0.0645981 -0.290182 0.954789
vn -0.0669454 -0.285176 0.956134
vn -0.0200502 -0.263061 0.964571
vn -0.0826173 -0.2759 0.957629
vn -0.108523 -0.244819 0.963476
vn -0.0200502 -0.263061 0.964571
vn -0.0421412 -0.225162 0.97341
vn -0.0200502 -0.263061 0.964571
vn -0.0200502 -0.263061 0.964571
vn -0.0421412 -0.225162 0.97341
vn 0.257524 -0.588754 -0.766191
vn 0.257524 -0.588754 -0.766191
vn 0.257524 -0.588754 -0.766191
vn 0.257524 -0.588754 -0.766191
vn 0.0492155 0.315926 -0.947507
vn 0.0360768 0.329974 -0.9433
vn 0.0501821 0.345233 -0.937174
vn 0.0257212 0.361084 -0.932178
vn 0.0511149 0.364505 -0.929798
vn 0.0501821 0.345233 -0.937174
vn 0.0360768 0.329974 -0.9433
vn 0.0492155 0.315926 -0.947507
vn 0.0501821 0.345233 -0.937174
vn 0.045907 0.364544 -0.930054
vn 0.0523496 0.370233 -0.927463
vn 0.0542877 0.374744 -0.925537
vn 0.0496438 0.366189 -0.929215
vn 0.0501158 0.365698 -0.929383
vn 0.0511149 0.364505 -0.929798
vn 0.0523496 0.370233 -0.927463
vn 0.0501158 0.365698 -0.929383
vn 0.0501821 0.345233 -0.937174
vn 0.045907 0.364544 -0.930054
vn 0.0501821 0.345233 -0.937174
vn 0.0501158 0.365698 -0.929383
vn 0.0496438 0.366189 -0.929215
vn 0.185807 0.232746 -0.954623
vn 0.0278353 0.323793 -0.945719
vn 0.0278353 0.323793 -0.945719
vn 0.181094 0.201101 -0.962686
vn 0.0278353 0.323793 -0.945719
vn 0.0257212 0.361084 -0.932178
vn 0.0360768 0.329974 -0.9433
vn 0.0278353 0.323793 -0.945719
vn -0.084129 -0.305366 0.948511
vn -0.0826173 -0.2759 0.957629
vn -0.0374954 -0.351701 0.935361
vn 0.088168 0.34627 -0.933982
vn 0.185807 0.232746 -0.954623
vn 0.148822 0.239173 -0.959504
vn 0.880876 0.278639 0.382647
vn 0.880876 0.278639 0.382647
vn 0.832274 0.420445 0.361313
vn 0.832274 0.420445 0.361313
vn 0.906941 0.231397 0.352014
vn 0.906941 0.231397 0.352014
vn 0.880876 0.278639 0.382647
vn 0.880876 0.278639 0.382647
vn -0.100014 -0.305798 0.946829
vn -0.116499 -0.315932 0.941602
vn -0.0710665 -0.29413 0.95312
vn -0.0405716 -0.386918 0.921221
vn -0.0546145 -0.440365 0.896156
vn -0.0863585 -0.40428 0.910549
vn -0.0405716 -0.386918 0.921221
vn -0.0262436 -0.428529 0.903147
vn -0.0405716 -0.386918 0.921221
vn -0.0405716 -0.386918 0.921221
vn -0.0262436 -0.428529 0.903147
vn -0.00145217 -0.941976 0.335678
vn -0.00376297 -0.905789 0.423711
vn -0.00376297 -0.905789 0.423711
vn -0.00145217 -0.941976 0.335678
vn -0.00766184 -0.971251 0.237934
vn -0.00145217 -0.941976 0.335678
vn -0.00145217 -0.941976 0.335678
vn -0.00766184 -0.971251 0.237934
vn -0.00766184 -0.971251 0.237934
vn -0.00766184 -0.971251 0.237934
vn -0.0178274 -0.999841 -0.000201649
vn -0.0178274 -0.999841 -0.000201649
vn -0.116499 -0.315932 0.941602
vn -0.100014 -0.305798 0.946829
vn -0.0863585 -0.40428 0.910549
vn -0.102075 -0.433613 0.895299
vn -0.0546145 -0.440365 0.896156
vn -0.102075 -0.433613 0.895299
vn -0.0863585 -0.40428 0.910549
vn 0.993401 -0.0376304 -0.10834
vn 0.993401 -0.0376304 -0.10834
vn 0.962883 -0.116554 -0.243458
vn 0.962883 -0.116554 -0.243458
vn 0.962883 -0.116554 -0.243458
vn 0.962883 -0.116554 -0.243458
vn 0.905294 -0.198701 -0.375447
vn 0.905294 -0.198701 -0.375447
vn -0.957205 0.12364 0.261672
vn -0.957205 0.12364 0.261672
vn -0.991088 0.0454858 0.125203
vn -0.991088 0.0454858 0.125203
vn 0.444628 0.895694 0.00623993
vn 0.444628 0.895694 0.00623993
vn 0.205451 0.978644 0.00680027
vn 0.205451 0.978644 0.00680027
vn -0.827059 0.541211 0.15187
vn -0.827059 0.541211 0.15187
vn -0.895919 0.290749 0.335848
vn -0.895919 0.290749 0.335848
vn 0.205451 0.978644 0.00680027
vn 0.205451 0.978644 0.00680027
vn -0.109789 0.993943 0.0049323
vn -0.109789 0.993943 0.0049323
vn -0.562754 0.826623 -0.00142304
vn -0.562754 0.826623 -0.00142304
vn -0.827059 0.541211 0.15187
vn -0.827059 0.541211 0.15187
vn 0.911523 -0.212746 -0.351945
vn 0.911523 -0.212746 -0.351945
vn 0.918634 -0.216234 -0.330689
vn 0.918634 -0.216234 -0.330689
vn 0.905294 -0.198701 -0.375447
vn 0.905294 -0.198701 -0.375447
vn 0.911523 -0.212746 -0.351945
vn 0.911523 -0.212746 -0.351945
vn 0.99464 -0.0219445 -0.101043
vn 0.99464 -0.0219445 -0.101043
vn 0.993401 -0.0376304 -0.10834
vn 0.993401 -0.0376304 -0.10834
vn -0.171825 0.985127 0.000696932
vn -0.171825 0.985127 0.000696932
vn -0.272124 0.962261 -0.00155527
vn -0.272124 0.962261 -0.00155527
vn 0.988336 0.0339349 0.148458
vn 0.988336 0.0339349 0.148458
vn 0.977122 0.0706556 0.200602
vn 0.977122 0.0706556 0.200602
vn 0.977122 0.0706556 0.200602
vn 0.977122 0.0706556 0.200602
vn 0.957295 0.123515 0.2614
vn 0.957295 0.123515 0.2614
vn 0.957295 0.123515 0.2614
vn 0.957295 0.123515 0.2614
vn 0.932135 0.178419 0.315104
vn 0.932135 0.178419 0.315104
vn 0.932135 0.178419 0.315104
vn 0.932135 0.178419 0.315104
vn 0.906941 0.231397 0.352014
vn 0.906941 0.231397 0.352014
vn -0.109789 0.993943 0.0049323
vn -0.109789 0.993943 0.0049323
vn -0.171825 0.985127 0.000696932
vn -0.171825 0.985127 0.000696932
vn -0.272124 0.962261 -0.00155527
vn -0.272124 0.962261 -0.00155527
vn -0.562754 0.826623 -0.00142304
vn -0.562754 0.826623 -0.00142304
vn -0.895919 0.290749 0.335848
vn -0.895919 0.290749 0.335848
vn -0.90845 0.196678 0.368832
vn -0.90845 0.196678 0.368832
vn -0.90845 0.196678 0.368832
vn -0.90845 0.196678 0.368832
vn -0.957205 0.12364 0.261672
vn -0.957205 0.12364 0.261672
vn -0.991088 0.0454858 0.125203
vn -0.991088 0.0454858 0.125203
vn -0.995339 0.0196073 0.0944273
vn -0.995339 0.0196073 0.0944273
vn 0.832274 0.420445 0.361313
vn 0.832274 0.420445 0.361313
vn 0.771449 0.541581 0.334002
vn 0.771449 0.541581 0.334002
vn -0.995339 0.0196073 0.0944273
vn -0.995339 0.0196073 0.0944273
vn -0.999985 0.00547408 -8.10869e-005
vn -0.999985 0.00547408 -8.10869e-005
vn 0.999831 0.0181853 0.00252242
vn 0.999831 0.0181853 0.00252242
vn 0.988336 0.0339349 0.148458
vn 0.988336 0.0339349 0.148458
vn 0.999883 -0.0151601 -0.00221535
vn 0.999883 -0.0151601 -0.00221535
vn 0.99464 -0.0219445 -0.101043
vn 0.99464 -0.0219445 -0.101043
vn 0.0568695 0.378251 -0.923955
vn 0.0542877 0.374744 -0.925537
vn 0.0523496 0.370233 -0.927463
vn 0.0520025 0.376958 -0.92477
vn 0.0495659 0.376305 -0.925169
vn 0.0284668 0.41625 -0.908804
vn 0.0284668 0.41625 -0.908804
vn 0.0284668 0.41625 -0.908804
vn 0.0284668 0.41625 -0.908804
vn 0.0146161 0.457226 -0.889231
vn 0.0146161 0.457226 -0.889231
vn 0.00146844 0.913673 -0.406446
vn 0.00146844 0.913673 -0.406446
vn 0.00402365 0.945341 -0.326059
vn 0.00402365 0.945341 -0.326059
vn 0.00402365 0.945341 -0.326059
vn 0.00402365 0.945341 -0.326059
vn 0.0102576 0.9724 -0.233095
vn 0.0102576 0.9724 -0.233095
vn 0.0154936 0.99988 0.000204213
vn 0.0102576 0.9724 -0.233095
vn 0.0102576 0.9724 -0.233095
vn 0.0154936 0.99988 0.000204213
vn 0.0520025 0.376958 -0.92477
vn 0.0542877 0.374744 -0.925537
vn 0.0568695 0.378251 -0.923955
vn 0.056875 0.378253 -0.923953
vn 0.056875 0.378253 -0.923953
vn 0.0495659 0.376305 -0.925169
vn 0.0520025 0.376958 -0.92477
vn -0.900266 -0.435341 -9.089e-007
vn -0.900266 -0.435341 -9.089e-007
vn -0.900265 -0.435343 1.0333e-006
vn -0.900265 -0.435343 1.0333e-006
vn -0.900241 -0.435393 1.81276e-005
vn -0.900265 -0.435343 1.0333e-006
vn -0.900265 -0.435343 1.0333e-006
vn -0.900241 -0.435393 1.81276e-005
vn -0.900244 -0.435386 2.52952e-005
vn -0.900241 -0.435393 1.81276e-005
vn -0.900241 -0.435393 1.81276e-005
vn -0.900244 -0.435386 2.52952e-005
vn -0.900264 -0.435345 -6.33148e-006
vn -0.900244 -0.435386 2.52952e-005
vn -0.900244 -0.435386 2.52952e-005
vn -0.900264 -0.435345 -6.33148e-006
vn -0.900264 -0.435345 -6.33148e-006
vn -0.900264 -0.435345 -6.33148e-006
vn -0.900264 -0.435344 -1.50935e-005
vn -0.900264 -0.435344 -1.50935e-005
vn -0.900264 -0.435345 -4.51739e-006
vn -0.900264 -0.435344 -1.50935e-005
vn -0.900264 -0.435344 -1.50935e-005
vn -0.900264 -0.435345 -4.51739e-006
vn -0.900264 -0.435345 -4.51739e-006
vn -0.900264 -0.435345 -4.51739e-006
vn -0.900266 -0.43534 -5.04394e-006
vn -0.900266 -0.43534 -5.04394e-006
vn -0.900252 -0.435369 -1.39641e-005
vn -0.900266 -0.43534 -5.04394e-006
vn -0.900266 -0.43534 -5.04394e-006
vn -0.900252 -0.435369 -1.39641e-005
vn -0.900252 -0.435369 -1.39641e-005
vn -0.900252 -0.435369 -1.39641e-005
vn -0.900249 -0.435375 -9.65712e-006
vn -0.900249 -0.435375 -9.65712e-006
vn -0.900249 -0.435375 -9.65712e-006
vn -0.900249 -0.435375 -9.65712e-006
vn -0.890919 -0.449205 0.0669156
vn -0.890919 -0.449205 0.0669156
vn -0.890919 -0.449205 0.0669156
vn -0.890919 -0.449205 0.0669156
vn -0.877344 -0.460914 0.133516
vn -0.877344 -0.460914 0.133516
vn -0.529182 -0.848061 0.0275564
vn -0.529182 -0.848061 0.0275564
vn -0.501025 -0.865323 0.0137801
vn -0.501025 -0.865323 0.0137801
vn -0.501025 -0.865323 0.0137801
vn -0.501025 -0.865323 0.0137801
vn -0.472226 -0.881478 -1.37337e-005
vn 0.100756 -0.947084 0.304762
vn 0.0642652 -0.918285 0.390669
vn 0.0642652 -0.918285 0.390669
vn 0.100756 -0.947084 0.304762
vn 0.135133 -0.984856 0.108614
vn 0.100756 -0.947084 0.304762
vn 0.100756 -0.947084 0.304762
vn 0.135133 -0.984856 0.108614
vn 0.135133 -0.984856 0.108614
vn 0.135133 -0.984856 0.108614
vn 0.132382 -0.991199 -5.39949e-006
vn 0.189888 -0.981615 0.0193496
vn 0.189888 -0.981615 0.0193496
vn 0.166103 -0.976472 -0.137518
vn 0.166103 -0.976472 -0.137518
vn 0.166103 -0.976472 -0.137518
vn 0.166103 -0.976472 -0.137518
vn 0.0792868 -0.947918 -0.308489
vn 0.0792868 -0.947918 -0.308489
vn -0.483709 -0.875183 -0.00893516
vn -0.472226 -0.881478 1.37347e-005
vn -0.483709 -0.875183 -0.00893516
vn -0.65179 -0.750918 -0.106267
vn -0.483709 -0.875183 -0.00893516
vn -0.483709 -0.875183 -0.00893516
vn -0.65179 -0.750918 -0.106267
vn -0.847552 -0.521992 -0.0958094
vn -0.65179 -0.750918 -0.106267
vn -0.65179 -0.750918 -0.106267
vn -0.847552 -0.521992 -0.0958094
vn -0.900258 -0.435356 4.59871e-007
vn -0.847552 -0.521992 -0.0958094
vn -0.847552 -0.521992 -0.0958094
vn -0.900258 -0.435356 4.59871e-007
vn -0.900266 -0.43534 -7.12695e-006
vn -0.900258 -0.435356 4.59871e-007
vn -0.900258 -0.435356 4.59871e-007
vn -0.900266 -0.43534 -7.12695e-006
vn -0.900266 -0.43534 -7.12695e-006
vn -0.900266 -0.43534 -7.12695e-006
vn -0.900263 -0.435347 -1.22445e-005
vn -0.900263 -0.435347 -1.22445e-005
vn -0.900267 -0.435339 4.14666e-005
vn -0.900263 -0.435347 -1.22445e-005
vn -0.900263 -0.435347 -1.22445e-005
vn -0.900267 -0.435339 4.14666e-005
vn -0.900267 -0.435339 4.14666e-005
vn -0.900267 -0.435339 4.14666e-005
vn -0.900265 -0.435342 3.82021e-005
vn -0.900265 -0.435342 3.82021e-005
vn -0.900266 -0.435341 -9.089e-007
vn -0.900246 -0.435382 -1.34872e-005
vn -0.900246 -0.435382 -1.34872e-005
vn -0.900266 -0.435341 -9.089e-007
vn 0.0568711 0.378216 0.923969
vn 0.0470714 0.37488 0.925877
vn 0.0421711 0.373215 0.926786
vn 0.0470714 0.37488 0.925877
vn 0.0568711 0.378216 0.923969
vn 0.0568656 0.378214 0.92397
vn 0.0545007 0.374273 0.925716
vn 0.0154936 0.99988 0.000204213
vn 0.0154936 0.99988 0.000204213
vn 0.0150699 0.973109 0.229853
vn 0.0150699 0.973109 0.229853
vn 0.00649926 0.946138 0.323699
vn 0.0150699 0.973109 0.229853
vn 0.0150699 0.973109 0.229853
vn 0.00649926 0.946138 0.323699
vn -0.000953773 0.912834 0.40833
vn 0.00649926 0.946138 0.323699
vn 0.00649926 0.946138 0.323699
vn -0.000953773 0.912834 0.40833
vn 0.0148373 0.410463 0.911757
vn 0.00218457 0.451912 0.89206
vn 0.00218457 0.451912 0.89206
vn 0.0148373 0.410463 0.911757
vn 0.0470714 0.37488 0.925877
vn 0.0148373 0.410463 0.911757
vn 0.0148373 0.410463 0.911757
vn 0.0421711 0.373215 0.926786
vn 0.0568656 0.378214 0.92397
vn 0.0521705 0.370123 0.927517
vn 0.0545007 0.374273 0.925716
vn 0.999883 -0.0151601 -0.00221535
vn 0.994855 -0.0292199 0.0970003
vn 0.994855 -0.0292199 0.0970003
vn 0.999883 -0.0151601 -0.00221535
vn 0.999831 0.0181853 0.00252242
vn 0.98887 0.0437639 -0.142199
vn 0.98887 0.0437639 -0.142199
vn 0.999831 0.0181853 0.00252242
vn -0.995489 0.0113116 -0.0942027
vn -0.999985 0.00547408 -8.10869e-005
vn -0.999985 0.00547408 -8.10869e-005
vn -0.995489 0.0113116 -0.0942027
vn 0.885397 0.423698 -0.191186
vn 0.846651 0.532135 -0.00373566
vn 0.846651 0.532135 -0.00373566
vn 0.885397 0.423698 -0.191186
vn -0.991387 0.0383892 -0.125215
vn -0.995489 0.0113116 -0.0942027
vn -0.995489 0.0113116 -0.0942027
vn -0.991387 0.0383892 -0.125215
vn -0.90682 0.18859 -0.376976
vn -0.956985 0.114813 -0.266454
vn -0.956985 0.114813 -0.266454
vn -0.90682 0.18859 -0.376976
vn -0.896259 0.218592 -0.385924
vn -0.90682 0.18859 -0.376976
vn -0.90682 0.18859 -0.376976
vn -0.896259 0.218592 -0.385924
vn -0.272101 0.962267 0.00162281
vn -0.562736 0.826635 0.00145867
vn -0.562736 0.826635 0.00145867
vn -0.272101 0.962267 0.00162281
vn -0.109442 0.993989 -0.00274984
vn -0.171469 0.985188 0.00153041
vn -0.171469 0.985188 0.00153041
vn -0.109442 0.993989 -0.00274984
vn 0.934687 0.186155 -0.302832
vn 0.910309 0.236664 -0.339598
vn 0.910309 0.236664 -0.339598
vn 0.934687 0.186155 -0.302832
vn 0.958901 0.132293 -0.251013
vn 0.934687 0.186155 -0.302832
vn 0.934687 0.186155 -0.302832
vn 0.958901 0.132293 -0.251013
vn 0.978092 0.0789765 -0.192611
vn 0.958901 0.132293 -0.251013
vn 0.958901 0.132293 -0.251013
vn 0.978092 0.0789765 -0.192611
vn 0.98887 0.0437639 -0.142199
vn 0.978092 0.0789765 -0.192611
vn 0.978092 0.0789765 -0.192611
vn 0.98887 0.0437639 -0.142199
vn -0.171469 0.985188 0.00153041
vn -0.272101 0.962267 0.00162281
vn -0.272101 0.962267 0.00162281
vn -0.171469 0.985188 0.00153041
vn 0.994855 -0.0292199 0.0970003
vn 0.993628 -0.0422204 0.104501
vn 0.993628 -0.0422204 0.104501
vn 0.994855 -0.0292199 0.0970003
vn 0.909849 -0.202917 0.361939
vn 0.916289 -0.218076 0.335941
vn 0.916289 -0.218076 0.335941
vn 0.909849 -0.202917 0.361939
vn 0.916289 -0.218076 0.335941
vn 0.923746 -0.223526 0.311012
vn 0.923746 -0.223526 0.311012
vn 0.916289 -0.218076 0.335941
vn -0.562736 0.826635 0.00145867
vn -0.728733 0.684797 0.00122664
vn -0.728733 0.684797 0.00122664
vn -0.562736 0.826635 0.00145867
vn 0.205454 0.978643 -0.00678501
vn -0.109442 0.993989 -0.00274984
vn -0.109442 0.993989 -0.00274984
vn 0.205454 0.978643 -0.00678501
vn -0.889921 0.233561 -0.391778
vn -0.896259 0.218592 -0.385924
vn -0.896259 0.218592 -0.385924
vn -0.889921 0.233561 -0.391778
vn 0.44464 0.895688 -0.00619267
vn 0.205454 0.978643 -0.00678501
vn 0.205454 0.978643 -0.00678501
vn 0.44464 0.895688 -0.00619267
vn -0.956985 0.114813 -0.266454
vn -0.991387 0.0383892 -0.125215
vn -0.991387 0.0383892 -0.125215
vn -0.956985 0.114813 -0.266454
vn 0.96471 -0.121066 0.233832
vn 0.909849 -0.202917 0.361939
vn 0.909849 -0.202917 0.361939
vn 0.96471 -0.121066 0.233832
vn 0.993628 -0.0422204 0.104501
vn 0.96471 -0.121066 0.233832
vn 0.96471 -0.121066 0.233832
vn 0.993628 -0.0422204 0.104501
vn -0.0475372 -0.437445 -0.897988
vn -0.086299 -0.39816 -0.913248
vn -0.109078 -0.427385 -0.897465
vn -0.123395 -0.30934 -0.942912
vn -0.109078 -0.427385 -0.897465
vn -0.086299 -0.39816 -0.913248
vn -0.104335 -0.302098 -0.94755
vn -0.0125364 -0.972024 -0.234548
vn -0.0178274 -0.999841 -0.000201649
vn -0.0178274 -0.999841 -0.000201649
vn -0.0125364 -0.972024 -0.234548
vn -0.0125364 -0.972024 -0.234548
vn -0.0125364 -0.972024 -0.234548
vn -0.00404783 -0.942837 -0.333229
vn -0.00404783 -0.942837 -0.333229
vn -0.00404783 -0.942837 -0.333229
vn -0.00404783 -0.942837 -0.333229
vn -0.0014752 -0.904876 -0.425673
vn -0.0014752 -0.904876 -0.425673
vn -0.0141248 -0.423331 -0.905865
vn -0.0141248 -0.423331 -0.905865
vn -0.0274459 -0.381241 -0.924068
vn -0.0274459 -0.381241 -0.924068
vn -0.0274459 -0.381241 -0.924068
vn -0.0274459 -0.381241 -0.924068
vn -0.086299 -0.39816 -0.913248
vn -0.0475372 -0.437445 -0.897988
vn -0.104335 -0.302098 -0.94755
vn -0.0719478 -0.293173 -0.953348
vn -0.123395 -0.30934 -0.942912
vn 0.910309 0.236664 -0.339598
vn 0.88491 0.282554 -0.370267
vn 0.88491 0.282554 -0.370267
vn 0.910309 0.236664 -0.339598
vn 0.88491 0.282554 -0.370267
vn 0.885397 0.423698 -0.191186
vn 0.885397 0.423698 -0.191186
vn 0.88491 0.282554 -0.370267
vn 0.0907317 0.345207 0.93413
vn 0.148779 0.239203 0.959503
vn 0.185811 0.232741 0.954623
vn -0.0991965 -0.270902 -0.957482
vn -0.0351919 -0.348958 -0.936477
vn -0.0975829 -0.241012 -0.965604
vn 0.0278581 0.323764 0.945728
vn 0.0278581 0.323764 0.945728
vn 0.0355386 0.317788 0.947496
vn 0.0249419 0.342941 0.939026
vn 0.185811 0.232741 0.954623
vn 0.181088 0.201113 0.962684
vn 0.0278581 0.323764 0.945728
vn 0.0278581 0.323764 0.945728
vn 0.0458929 0.364339 0.930135
vn 0.0499504 0.365312 0.929544
vn 0.0499257 0.365451 0.929491
vn 0.0496238 0.338096 0.939802
vn 0.0497567 0.346915 0.936576
vn 0.0496238 0.338096 0.939802
vn 0.0499257 0.365451 0.929491
vn 0.0521705 0.370123 0.927517
vn 0.0521705 0.370123 0.927517
vn 0.0499257 0.365451 0.929491
vn 0.0499504 0.365312 0.929544
vn 0.0545007 0.374273 0.925716
vn 0.04921 0.315994 0.947484
vn 0.0458929 0.364339 0.930135
vn 0.0496238 0.338096 0.939802
vn 0.0249419 0.342941 0.939026
vn 0.0355386 0.317788 0.947496
vn 0.0496238 0.338096 0.939802
vn 0.0497567 0.346915 0.936576
vn 0.04921 0.315994 0.947484
vn 0.0496238 0.338096 0.939802
vn 0.0355386 0.317788 0.947496
vn 0.261356 -0.593469 0.761241
vn 0.261356 -0.593469 0.761241
vn 0.261356 -0.593469 0.761241
vn 0.261356 -0.593469 0.761241
vn -0.0311759 -0.267801 -0.96297
vn -0.0311759 -0.267801 -0.96297
vn -0.0200631 -0.263088 -0.964563
vn -0.0200631 -0.263088 -0.964563
vn -0.0200631 -0.263088 -0.964563
vn -0.0200631 -0.263088 -0.964563
vn -0.130768 -0.191676 -0.972707
vn -0.0975829 -0.241012 -0.965604
vn -0.104335 -0.302098 -0.94755
vn -0.0661107 -0.287229 -0.955578
vn -0.0658861 -0.288728 -0.955141
vn -0.0719478 -0.293173 -0.953348
vn -0.0719478 -0.293173 -0.953348
vn -0.0658861 -0.288728 -0.955141
vn -0.0628577 -0.272028 -0.960234
vn -0.0628577 -0.272028 -0.960234
vn -0.0628577 -0.272028 -0.960234
vn -0.0628577 -0.272028 -0.960234
vn -0.0311759 -0.267801 -0.96297
vn -0.0311759 -0.267801 -0.96297
vn 0.148779 0.239203 0.959503
vn 0.177235 0.155101 0.97187
vn 0.181088 0.201113 0.962684
vn 0.185811 0.232741 0.954623
vn -0.222217 -0.136761 -0.965358
vn -0.0991965 -0.270902 -0.957482
vn -0.0975829 -0.241012 -0.965604
vn -0.130768 -0.191676 -0.972707
vn -0.0513845 0.951699 0.302702
vn -0.0513845 0.951699 0.302702
vn -0.0616313 0.998098 0.000996216
vn -0.0616313 0.998098 0.000996216
vn -0.0403676 0.904589 0.42437
vn -0.0403676 0.904589 0.42437
vn -0.0513845 0.951699 0.302702
vn -0.0513845 0.951699 0.302702
vn -0.0288417 0.827518 0.560697
vn -0.0288417 0.827518 0.560697
vn -0.0403676 0.904589 0.42437
vn -0.0403676 0.904589 0.42437
vn -0.0137498 0.682968 0.730319
vn -0.0137498 0.682968 0.730319
vn -0.0288417 0.827518 0.560697
vn -0.0288417 0.827518 0.560697
vn 0.00376564 0.525075 0.851048
vn 0.00376564 0.525075 0.851048
vn -0.0137498 0.682968 0.730319
vn -0.0137498 0.682968 0.730319
vn 0.05129 -0.95018 -0.307453
vn 0.05129 -0.95018 -0.307453
vn 0.0616296 -0.998097 0.00199825
vn 0.0616296 -0.998097 0.00199825
vn 0.0401787 -0.9006 -0.432788
vn 0.0401787 -0.9006 -0.432788
vn 0.05129 -0.95018 -0.307453
vn 0.05129 -0.95018 -0.307453
vn 0.0286893 -0.822054 -0.568687
vn 0.0286893 -0.822054 -0.568687
vn 0.0401787 -0.9006 -0.432788
vn 0.0401787 -0.9006 -0.432788
vn 0.0137651 -0.675487 -0.737243
vn 0.0137651 -0.675487 -0.737243
vn 0.0286893 -0.822054 -0.568687
vn 0.0286893 -0.822054 -0.568687
vn -0.00355641 -0.513023 -0.858367
vn -0.00355641 -0.513023 -0.858367
vn 0.0137651 -0.675487 -0.737243
vn 0.0137651 -0.675487 -0.737243
vn 0.0234712 0.416094 0.909018
vn 0.0234712 0.416094 0.909018
vn 0.00376564 0.525075 0.851048
vn 0.00376564 0.525075 0.851048
vn 0.0383509 0.368839 0.928702
vn 0.0907317 0.345207 0.93413
vn 0.0234712 0.416094 0.909018
vn 0.0234712 0.416094 0.909018
vn -0.0229392 -0.401895 -0.915399
vn -0.0229392 -0.401895 -0.915399
vn -0.0351919 -0.348958 -0.936477
vn -0.0375107 -0.35514 -0.93406
vn -0.00355641 -0.513023 -0.858367
vn -0.00355641 -0.513023 -0.858367
vn -0.0229392 -0.401895 -0.915399
vn -0.0229392 -0.401895 -0.915399
vn 0.0461407 0.272946 0.960922
vn 0.148779 0.239203 0.959503
vn 0.0907317 0.345207 0.93413
vn 0.0383509 0.368839 0.928702
vn 0.148779 0.239203 0.959503
vn 0.0461407 0.272946 0.960922
vn 0.177235 0.155101 0.97187
vn -0.0351919 -0.348958 -0.936477
vn -0.0991965 -0.270902 -0.957482
vn -0.0375107 -0.35514 -0.93406
vn 0.0641601 0.0791446 0.994796
vn -0.000107178 0.0727585 0.99735
vn 0.0107496 0.0328452 0.999403
vn 0.0641601 0.0791446 0.994796
vn 0.00521871 0.180295 0.983599
vn -0.000107178 0.0727585 0.99735
vn 0.0623312 0.162486 0.98474
vn 0.0185129 0.2345 0.97194
vn 0.00521871 0.180295 0.983599
vn 0.0185129 0.2345 0.97194
vn 0.0641601 0.0791446 0.994796
vn -0.0243828 0.270414 0.962435
vn -0.0309361 0.572587 0.81926
vn 0.0375146 0.67899 0.733188
vn -0.0519727 0.750028 0.659361
vn -0.0331764 0.815685 0.577544
vn 0.0433057 0.789876 0.611736
vn -0.070058 0.884596 0.461066
vn 0.0418227 0.0108356 0.999066
vn 0.0411885 -0.000492799 0.999151
vn 0.0627498 -0.0760257 0.995129
vn 0.0680613 -0.0140787 0.997582
vn 0.0641601 0.0791446 0.994796
vn 0.0749261 -0.0232675 0.996918
vn -0.104574 0.335259 0.936304
vn -0.15672 0.447091 0.880652
vn -0.0875151 0.565539 0.820065
vn -0.0100835 0.240367 0.97063
vn -0.15672 0.447091 0.880652
vn -0.20672 0.552237 0.807651
vn -0.106817 0.694446 0.711572
vn -0.0875151 0.565539 0.820065
vn -0.366066 0.870777 0.328242
vn -0.305211 0.940948 0.146501
vn -0.154922 0.987811 0.0151421
vn -0.150823 0.955525 0.253423
vn -0.0547396 0.0578059 0.996826
vn -0.249307 0.281854 0.926501
vn -0.15672 0.447091 0.880652
vn -0.049282 0.186644 0.981191
vn -0.249307 0.281854 0.926501
vn -0.318782 0.355204 0.878754
vn -0.20672 0.552237 0.807651
vn -0.15672 0.447091 0.880652
vn -0.614196 0.683441 0.394552
vn -0.614196 0.683441 0.394552
vn -0.366066 0.870777 0.328242
vn -0.366066 0.870777 0.328242
vn -0.0669947 0.055056 0.996233
vn -0.287715 0.257856 0.922351
vn -0.249307 0.281854 0.926501
vn -0.0547396 0.0578059 0.996826
vn -0.287715 0.257856 0.922351
vn -0.366449 0.342265 0.865199
vn -0.318782 0.355204 0.878754
vn -0.249307 0.281854 0.926501
vn -0.668342 0.623309 0.405961
vn -0.668342 0.623309 0.405961
vn -0.614196 0.683441 0.394552
vn -0.614196 0.683441 0.394552
vn -0.0508388 0.0593957 0.996939
vn -0.281789 0.247943 0.926887
vn -0.287715 0.257856 0.922351
vn -0.0669947 0.055056 0.996233
vn -0.281789 0.247943 0.926887
vn -0.487649 0.403454 0.774224
vn -0.366449 0.342265 0.865199
vn -0.287715 0.257856 0.922351
vn -0.673538 0.573016 0.466904
vn -0.673538 0.573016 0.466904
vn -0.668342 0.623309 0.405961
vn -0.668342 0.623309 0.405961
vn -0.000107176 0.0727585 0.99735
vn -0.132735 0.277121 0.951622
vn -0.204139 0.237962 0.94958
vn 0.0107496 0.0328452 0.999403
vn -0.132735 0.277121 0.951622
vn -0.256747 0.497836 0.828396
vn -0.317452 0.455869 0.831509
vn -0.204139 0.237962 0.94958
vn -0.280696 0.564051 0.776567
vn -0.35993 0.712388 0.602457
vn -0.534718 0.617436 0.576931
vn -0.417139 0.483993 0.76925
vn 0.00521871 0.180295 0.983599
vn -0.0930086 0.317349 0.943737
vn -0.132735 0.277121 0.951622
vn -0.000107175 0.0727585 0.99735
vn -0.0930086 0.317349 0.943737
vn -0.212758 0.565551 0.796797
vn -0.280696 0.564051 0.776567
vn -0.132735 0.277121 0.951622
vn -0.208174 0.647888 0.732738
vn -0.261384 0.794921 0.547521
vn -0.35993 0.712388 0.602457
vn -0.307553 0.628197 0.714689
vn 0.0185129 0.2345 0.97194
vn -0.0243828 0.270414 0.962435
vn -0.0930086 0.317349 0.943737
vn 0.00521871 0.180295 0.983599
vn -0.00767649 0.367783 0.92988
vn -0.0831711 0.680121 0.728367
vn -0.208174 0.647888 0.732738
vn -0.0930086 0.317349 0.943737
vn -0.0519727 0.750028 0.659361
vn -0.070058 0.884596 0.461066
vn -0.261384 0.794921 0.547521
vn -0.213406 0.715207 0.665535
vn 0.0107496 0.0328452 0.999403
vn -0.204139 0.237962 0.94958
vn -0.281789 0.247943 0.926887
vn -0.0508388 0.0593957 0.996939
vn -0.204139 0.237962 0.94958
vn -0.317452 0.455869 0.831509
vn -0.37501 0.325883 0.867852
vn -0.281789 0.247943 0.926887
vn -0.534718 0.617436 0.576931
vn -0.534718 0.617436 0.576931
vn -0.673538 0.573016 0.466904
vn -0.598022 0.51821 0.611415
vn 0.0441958 0.0364847 0.998356
vn 0.0418227 0.0108356 0.999066
vn 0.0627498 -0.0760257 0.995129
vn 0.0273027 0.999627 0
vn 0.0273027 0.999627 0
vn 0.0273027 0.999627 0
vn 0.914108 -0.405471 0
vn 0.914108 -0.405471 0
vn 0.914108 -0.405471 0
vn 0.914108 -0.405471 0
vn 0 -1 0
vn 0 -1 0
vn 0 -1 0
vn 0.00966277 0.0107329 0.999896
vn 0.0441958 0.0364847 0.998356
vn 0.0627498 -0.0760257 0.995129
vn 0.0479074 -0.201624 0.978291
vn 0.0627498 -0.0760257 0.995129
vn 0.0565873 -0.28673 0.956339
vn 0.0627498 -0.0760257 0.995129
vn -0.0547396 0.0578059 0.996826
vn -0.0107647 -0.111315 0.993727
vn 0.0627498 -0.0760257 0.995129
vn -0.0669947 0.055056 0.996233
vn -0.0547396 0.0578059 0.996826
vn 0.0627498 -0.0760257 0.995129
vn -0.0508388 0.0593958 0.996939
vn -0.0669947 0.055056 0.996233
vn 0.0107496 0.0328452 0.999403
vn -0.0508388 0.0593958 0.996939
vn 0.0627498 -0.0760257 0.995129
vn 0.0107496 0.0328452 0.999403
vn 0.0627498 -0.0760257 0.995129
vn 0.0749261 -0.0232675 0.996918
vn 0.0641601 0.0791446 0.994796
vn 0.0107496 0.0328452 0.999403
vn 0.0749261 -0.0232675 0.996918
vn 0.06375 0.0796042 -0.994786
vn 0.0741203 -0.0223279 -0.996999
vn 0.00620385 0.0387657 -0.999229
vn 0.00620385 0.0387657 -0.999229
vn 0.0741203 -0.0223279 -0.996999
vn 0.062664 -0.0757545 -0.995156
vn 0.00620386 0.0387657 -0.999229
vn 0.062664 -0.0757545 -0.995156
vn -0.0579374 0.0656128 -0.996162
vn 0.062664 -0.0757545 -0.995156
vn -0.0671942 0.0558365 -0.996176
vn -0.0579374 0.0656128 -0.996162
vn 0.062664 -0.0757545 -0.995156
vn -0.05495 0.0616762 -0.996582
vn -0.0671942 0.0558365 -0.996176
vn 0.062664 -0.0757545 -0.995156
vn -0.0107835 -0.107239 -0.994175
vn -0.05495 0.0616762 -0.996582
vn 0.047905 -0.200331 -0.978556
vn 0.0565873 -0.28673 -0.956339
vn 0.062664 -0.0757545 -0.995156
vn 0.00891599 0.0460931 -0.998897
vn 0.062664 -0.0757545 -0.995156
vn 0.0439886 0.0377044 -0.99832
vn 0 -1 0
vn 0 -1 0
vn 0 -1 0
vn 0.914108 -0.405471 0
vn 0.914108 -0.405471 0
vn 0.914108 -0.405471 0
vn 0.914108 -0.405471 0
vn 0.0273027 0.999627 0
vn 0.0273027 0.999627 0
vn 0.0273027 0.999627 0
vn 0.0439886 0.0377044 -0.99832
vn 0.062664 -0.0757545 -0.995156
vn 0.0414484 0.0107386 -0.999083
vn -0.559978 0.636347 -0.530553
vn -0.693369 0.589554 -0.414326
vn -0.693369 0.589554 -0.414326
vn -0.559978 0.636347 -0.530553
vn -0.228625 0.249248 -0.941066
vn -0.30431 0.26511 -0.914938
vn -0.404799 0.346962 -0.846023
vn -0.340277 0.455761 -0.822492
vn 0.00620386 0.0387657 -0.999229
vn -0.0579374 0.0656128 -0.996162
vn -0.30431 0.26511 -0.914938
vn -0.228625 0.249248 -0.941066
vn -0.0330547 0.816948 -0.575764
vn -0.261509 0.800786 -0.538845
vn -0.261509 0.800786 -0.538845
vn -0.0698585 0.886092 -0.458216
vn -0.002309 0.390278 -0.920694
vn -0.0869084 0.348533 -0.933259
vn -0.214148 0.566532 -0.795728
vn -0.0318785 0.563434 -0.825546
vn 0.0260493 0.272919 -0.961684
vn 0.0115062 0.21521 -0.9765
vn -0.0869084 0.348533 -0.933259
vn -0.002309 0.390278 -0.920694
vn -0.209209 0.649811 -0.730737
vn -0.30761 0.632147 -0.711173
vn -0.360117 0.713483 -0.601048
vn -0.261509 0.800786 -0.538845
vn -0.0869084 0.348533 -0.933259
vn -0.131669 0.27524 -0.952316
vn -0.28147 0.556476 -0.781735
vn -0.214148 0.566532 -0.795728
vn 0.0115062 0.21521 -0.9765
vn 0.000556945 0.0810252 -0.996712
vn -0.131669 0.27524 -0.952316
vn -0.0869084 0.348533 -0.933259
vn -0.30761 0.632147 -0.711173
vn -0.525843 0.550318 -0.648567
vn -0.559978 0.636347 -0.530553
vn -0.360117 0.713483 -0.601048
vn -0.131669 0.27524 -0.952316
vn -0.228625 0.249248 -0.941066
vn -0.307885 0.324352 -0.894429
vn -0.184781 0.363797 -0.912966
vn 0.000556945 0.0810252 -0.996712
vn 0.00620386 0.0387657 -0.999229
vn -0.228625 0.249248 -0.941066
vn -0.131669 0.27524 -0.952316
vn -0.693369 0.589554 -0.414326
vn -0.667828 0.62364 -0.406299
vn -0.667828 0.62364 -0.406299
vn -0.693369 0.589554 -0.414326
vn -0.30431 0.26511 -0.914938
vn -0.281025 0.243035 -0.928417
vn -0.354047 0.312418 -0.881502
vn -0.404799 0.346962 -0.846023
vn -0.0579374 0.0656128 -0.996162
vn -0.0671942 0.0558365 -0.996176
vn -0.281025 0.243035 -0.928417
vn -0.30431 0.26511 -0.914938
vn -0.667828 0.62364 -0.406299
vn -0.613324 0.681534 -0.39918
vn -0.613324 0.681534 -0.39918
vn -0.667828 0.62364 -0.406299
vn -0.281025 0.243035 -0.928417
vn -0.252518 0.298866 -0.920279
vn -0.32458 0.381191 -0.865645
vn -0.354047 0.312418 -0.881502
vn -0.0671942 0.0558365 -0.996176
vn -0.05495 0.0616762 -0.996582
vn -0.252518 0.298866 -0.920279
vn -0.281025 0.243035 -0.928417
vn -0.613324 0.681534 -0.39918
vn -0.365786 0.873987 -0.319918
vn -0.365786 0.873987 -0.319918
vn -0.613324 0.681534 -0.39918
vn -0.252518 0.298866 -0.920279
vn -0.163304 0.495471 -0.853136
vn -0.217404 0.591499 -0.776443
vn -0.32458 0.381191 -0.865645
vn -0.05495 0.0616762 -0.996582
vn -0.0506616 0.225535 -0.972917
vn -0.163304 0.495471 -0.853136
vn -0.252518 0.298866 -0.920279
vn -0.365786 0.873987 -0.319918
vn -0.15006 0.962964 -0.224015
vn -0.154922 0.987811 0.0151421
vn -0.305982 0.943068 -0.130372
vn -0.163304 0.495471 -0.853136
vn -0.0878751 0.604389 -0.791828
vn -0.106483 0.686751 -0.719051
vn -0.217404 0.591499 -0.776443
vn -0.106388 0.39075 -0.914328
vn -0.0114994 0.293132 -0.956003
vn -0.0878751 0.604389 -0.791828
vn -0.163304 0.495471 -0.853136
vn 0.0656396 -0.0112612 -0.99778
vn 0.0741203 -0.0223279 -0.996999
vn 0.06375 0.0796042 -0.994786
vn 0.0414484 0.0107386 -0.999083
vn 0.062664 -0.0757545 -0.995156
vn 0.0408198 -0.000488388 -0.999166
vn -0.0330547 0.816948 -0.575764
vn -0.0698585 0.886092 -0.458216
vn 0.0433068 0.789885 -0.611724
vn -0.0210616 0.467345 -0.883824
vn -0.0524594 0.747492 -0.662196
vn 0.0375208 0.678972 -0.733205
vn 0.0260493 0.272919 -0.961684
vn -0.017239 0.301814 -0.953211
vn 0.06375 0.0796042 -0.994786
vn 0.0619707 0.162879 -0.984698
vn 0.0115062 0.21521 -0.9765
vn 0.0260493 0.272919 -0.961684
vn 0.06375 0.0796042 -0.994786
vn 0.000556947 0.0810252 -0.996712
vn 0.0115062 0.21521 -0.9765
vn 0.06375 0.0796042 -0.994786
vn 0.00620386 0.0387657 -0.999229
vn 0.000556947 0.0810252 -0.996712
vn -0.143887 -0.988212 0.0522781
vn 0.0414864 -0.9991 -0.00882638
vn 0.0445149 -0.993806 -0.101823
vn -0.0956118 -0.994526 -0.0421383
vn 0.025616 0.995035 0.096177
vn 0.0259614 0.997421 0.0669118
vn -0.139887 0.972073 0.188431
vn -0.0466617 0.959499 0.27782
vn 0.025616 0.995035 0.096177
vn 0.0231388 0.98342 0.179863
vn 0.0383059 0.99922 0.00963727
vn 0.0383059 0.99922 0.00963727
vn 0.0259614 0.997421 0.0669118
vn 0.0259614 0.997421 0.0669118
vn 0.0265828 0.999611 0.00843373
vn -0.204155 0.975796 0.0783815
vn -0.139887 0.972073 0.188431
vn -0.3303 -0.91928 0.214072
vn -0.0956118 -0.994526 -0.0421383
vn -0.0456472 -0.996347 -0.0721691
vn -0.226018 -0.922035 0.314274
vn -0.668272 -0.635943 0.385992
vn -0.476306 -0.847063 0.235835
vn -0.226018 -0.922035 0.314274
vn -0.330799 -0.756755 0.563821
vn -0.530227 0.733166 0.425825
vn -0.710155 0.461704 0.531516
vn -0.334221 0.47756 0.812547
vn -0.232393 0.727722 0.645301
vn -0.139887 0.972073 0.188431
vn -0.376214 0.808682 0.452212
vn -0.232393 0.727722 0.645301
vn -0.0466617 0.959499 0.27782
vn -0.609716 -0.767442 0.198192
vn -0.143887 -0.988212 0.0522781
vn -0.0956118 -0.994526 -0.0421383
vn -0.476306 -0.847063 0.235834
vn -0.823157 -0.504051 0.261429
vn -0.609716 -0.767442 0.198192
vn -0.569815 -0.764046 0.302563
vn -0.668272 -0.635943 0.385992
vn -0.690853 0.687042 0.225157
vn -0.874826 0.395875 0.279218
vn -0.710155 0.461704 0.531516
vn -0.642518 0.641981 0.418367
vn -0.204155 0.975796 0.0783815
vn -0.690853 0.687042 0.225157
vn -0.530227 0.733166 0.425825
vn -0.139887 0.972073 0.188431
vn -0.226018 -0.922035 0.314274
vn -0.0456472 -0.996347 -0.0721691
vn 0.0464563 -0.997892 -0.0453179
vn 0.00875475 -0.919756 0.392394
vn -0.330799 -0.756755 0.563821
vn -0.226018 -0.922035 0.314274
vn 0.00875475 -0.919756 0.392394
vn -0.0197074 -0.74293 0.669079
vn -0.232393 0.727722 0.645301
vn -0.334221 0.47756 0.812547
vn -0.0520425 0.433422 0.899687
vn -0.0400795 0.707217 0.70586
vn -0.0466617 0.959499 0.27782
vn -0.232393 0.727722 0.645301
vn -0.0400795 0.707217 0.70586
vn -0.00913175 0.946559 0.322401
vn -0.0197074 -0.74293 0.669079
vn 0.00875475 -0.919756 0.392394
vn 0.134533 -0.896953 0.42116
vn -0.0400795 0.707217 0.70586
vn -0.0520425 0.433422 0.899687
vn 0.046699 0.692564 0.719844
vn 0.00875475 -0.919756 0.392394
vn 0.0464563 -0.997892 -0.0453179
vn 0.0932106 -0.986392 0.135432
vn -0.00913175 0.946559 0.322401
vn -0.0400795 0.707217 0.705859
vn 0.0406829 0.91531 0.40069
vn 0.0231388 0.98342 0.179863
vn -0.0466617 0.959499 0.27782
vn -0.00913176 0.946559 0.322401
vn 0.990711 -0.000799982 -0.135985
vn 0.990711 -0.000799982 -0.135985
vn 0.990711 -0.000799982 -0.135985
vn 0.990711 -0.000799982 -0.135985
vn 0.990711 -0.000799982 -0.135985
vn 0.000647583 0.00359049 -0.999993
vn 0.000647583 0.00359049 -0.999993
vn 0.000647583 0.00359049 -0.999993
vn 0.0464563 -0.997892 -0.0453179
vn -0.0456472 -0.996347 -0.0721691
vn -0.0956118 -0.994526 -0.0421383
vn 0.0445149 -0.993806 -0.101823
vn 0.0697815 -0.995374 -0.0660353
vn 0.0256342 -0.999642 -0.00769319
vn 0.0697815 -0.995374 -0.0660353
vn 0.0445149 -0.993806 -0.101823
vn 0.0256342 -0.999642 -0.00769319
vn -0.0956118 -0.994526 0.0421383
vn 0.0445149 -0.993806 0.101823
vn 0.0414864 -0.9991 0.00882638
vn -0.143887 -0.988212 -0.0522781
vn -0.0466617 0.959499 -0.27782
vn -0.139887 0.972073 -0.188431
vn 0.0259614 0.997421 -0.0669118
vn 0.025616 0.995035 -0.096177
vn 0.0259614 0.997421 -0.0669118
vn 0.0383059 0.99922 -0.00963727
vn 0.0383059 0.99922 -0.00963727
vn 0.0231388 0.98342 -0.179863
vn 0.025616 0.995035 -0.096177
vn -0.139887 0.972073 -0.188431
vn -0.204155 0.975796 -0.0783815
vn 0.0265828 0.999611 -0.00843373
vn 0.0259614 0.997421 -0.0669118
vn -0.226018 -0.922035 -0.314274
vn -0.0456472 -0.996347 0.0721691
vn -0.0956118 -0.994526 0.0421383
vn -0.3303 -0.91928 -0.214072
vn -0.330799 -0.756755 -0.563821
vn -0.226018 -0.922035 -0.314274
vn -0.476306 -0.847063 -0.235835
vn -0.668272 -0.635943 -0.385992
vn -0.232393 0.727722 -0.645301
vn -0.334221 0.47756 -0.812547
vn -0.710155 0.461704 -0.531516
vn -0.530227 0.733166 -0.425825
vn -0.0466617 0.959499 -0.27782
vn -0.232393 0.727722 -0.645301
vn -0.376214 0.808682 -0.452212
vn -0.139887 0.972073 -0.188431
vn -0.476306 -0.847063 -0.235834
vn -0.0956118 -0.994526 0.0421383
vn -0.143887 -0.988212 -0.0522781
vn -0.609716 -0.767442 -0.198192
vn -0.668272 -0.635943 -0.385992
vn -0.569815 -0.764046 -0.302563
vn -0.609716 -0.767442 -0.198192
vn -0.823157 -0.504051 -0.261429
vn -0.642518 0.641981 -0.418367
vn -0.710155 0.461704 -0.531516
vn -0.874826 0.395875 -0.279218
vn -0.690853 0.687042 -0.225157
vn -0.139887 0.972073 -0.188431
vn -0.530227 0.733166 -0.425825
vn -0.690853 0.687042 -0.225157
vn -0.204155 0.975796 -0.0783815
vn 0.00875475 -0.919756 -0.392394
vn 0.0464563 -0.997892 0.0453179
vn -0.0456472 -0.996347 0.0721691
vn -0.226018 -0.922035 -0.314274
vn -0.0197074 -0.74293 -0.669079
vn 0.00875475 -0.919756 -0.392394
vn -0.226018 -0.922035 -0.314274
vn -0.330799 -0.756755 -0.563821
vn -0.0400795 0.707217 -0.70586
vn -0.0520425 0.433422 -0.899687
vn -0.334221 0.47756 -0.812547
vn -0.232393 0.727722 -0.645301
vn -0.00913175 0.946559 -0.322401
vn -0.0400795 0.707217 -0.70586
vn -0.232393 0.727722 -0.645301
vn -0.0466617 0.959499 -0.27782
vn 0.134533 -0.896953 -0.42116
vn 0.00875475 -0.919756 -0.392394
vn -0.0197074 -0.74293 -0.669079
vn 0.046699 0.692564 -0.719844
vn -0.0520425 0.433422 -0.899687
vn -0.0400795 0.707217 -0.70586
vn 0.0932106 -0.986392 -0.135432
vn 0.0464563 -0.997892 0.0453179
vn 0.00875475 -0.919756 -0.392394
vn 0.0406829 0.91531 -0.40069
vn -0.0400795 0.707217 -0.705859
vn -0.00913175 0.946559 -0.322401
vn -0.00913176 0.946559 -0.322401
vn -0.0466617 0.959499 -0.27782
vn 0.0231388 0.98342 -0.179863
vn 0.990711 -0.000799982 0.135985
vn 0.990711 -0.000799982 0.135985
vn 0.990711 -0.000799982 0.135985
vn 0.990711 -0.000799982 0.135985
vn 0.990711 -0.000799982 0.135985
vn 0.000647583 0.00359049 0.999993
vn 0.000647583 0.00359049 0.999993
vn 0.000647583 0.00359049 0.999993
vn 0.0697815 -0.995374 0.0660353
vn 0.0445149 -0.993806 0.101823
vn -0.0956118 -0.994526 0.0421383
vn -0.0456472 -0.996347 0.0721691
vn 0.0464563 -0.997892 0.0453179
vn 0.0256342 -0.999642 0.00769319
vn 0.0445149 -0.993806 0.101823
vn 0.0697815 -0.995374 0.0660353
vn 0.0256342 -0.999642 0.00769319
vn 1 0 0
vn 1 0 0
vn 1 0 0
vn 1 0 0
vn 1 0 0
vn 1 0 0
vn 1 0 0
vn 1 0 0
vn 1 0 0
vn 1 0 0
vn 1 0 0
vn 1 0 0
vn 0.185726 -0.259295 0.947772
vn 0.165448 -0.392496 0.904751
vn 0.106168 -0.353533 0.929377
vn 0.169189 -0.228555 0.958717
vn 0.19741 -0.138658 0.970465
vn 0.185726 -0.259295 0.947772
vn 0.169189 -0.228555 0.958717
vn 0.214265 -0.132691 0.967721
vn 1 0 0
vn 1 0 0
vn 1 0 0
vn 1 0 0
vn 0.00332732 -0.91622 0.400662
vn -0.0982187 -0.729052 0.677375
vn -0.0545374 -0.839121 0.541203
vn 0.037914 -0.999021 0.022781
vn 0.00332732 -0.91622 0.400662
vn 0.0153971 -0.976586 0.214577
vn -0.00249511 -0.919041 -0.394155
vn 0.037914 -0.999021 0.022781
vn 0.0114098 -0.98088 -0.194279
vn -0.0421891 -0.804817 -0.592022
vn -0.00249511 -0.919041 -0.394155
vn -0.00249511 -0.919041 -0.394155
vn 0.186862 0.16517 -0.968401
vn 0.295977 0.0464008 -0.954067
vn 0.314458 0 -0.949271
vn 0.201421 0.107293 -0.973611
vn 0.297802 0.0890311 0.950467
vn 0.399522 0.0264098 0.916343
vn 0.303288 0 0.952899
vn 0.191674 0.143404 0.970925
vn 0.399522 0.0264098 0.916343
vn 0.480944 0.0525817 0.875173
vn 0.349484 -0.00675248 0.936918
vn 0.254738 -0.00557089 0.966994
vn 0.211357 0.140647 0.967237
vn 0.297802 0.0890311 0.950467
vn -0.163436 -0.61591 0.770677
vn -0.163436 -0.61591 0.770677
vn -0.0982187 -0.729052 0.677375
vn -0.163436 -0.61591 0.770677
vn -0.0982187 -0.729052 0.677375
vn -0.163436 -0.61591 0.770677
vn -0.163436 -0.61591 0.770677
vn 0.0583517 0.398135 -0.915469
vn 0.164351 0.239345 -0.956924
vn 0.13338 0.263987 -0.955259
vn 0.0653815 0.348551 -0.935007
vn 0.0785678 0.35255 -0.932489
vn 0.0686018 0.427032 -0.901631
vn 0.0583517 0.398135 -0.915469
vn 0.0653815 0.348551 -0.935007
vn 0.0729948 0.304556 -0.949693
vn 0.0930291 0.282552 -0.95473
vn 0.0785678 0.35255 -0.932489
vn 0.0653815 0.348551 -0.935007
vn 0.13338 0.263987 -0.955259
vn 0.186862 0.16517 -0.968401
vn 0.0729948 0.304556 -0.949693
vn 0.0653815 0.348551 -0.935007
vn 0.13338 0.263987 -0.955259
vn 0.164351 0.239345 -0.956924
vn 0.267922 0.0463947 -0.962323
vn 0.295977 0.0464008 -0.954067
vn 0.186862 0.16517 -0.968401
vn 0.191674 0.143404 0.970925
vn 0.303288 0 0.952899
vn 0.275326 0 0.961351
vn 0.209123 0.120179 0.970476
vn 0.234921 0 -0.972014
vn 0.234921 0 -0.972014
vn 0.267922 0.0463947 -0.962323
vn 0.200468 0.147622 -0.968515
vn 0.209123 0.120179 0.970476
vn 0.275326 0 0.961351
vn 0.23497 0 0.972003
vn 0.23497 0 0.972003
vn 0.13671 0.094031 -0.986138
vn 0.191521 -0.000483346 -0.981488
vn 0.234921 0 -0.972014
vn 0.234921 0 -0.972014
vn 0.23497 0 0.972003
vn 0.23497 0 0.972003
vn 0.19157 -0.000483487 0.981479
vn 0.136744 0.0940311 0.986134
vn 0.0984911 0.150149 -0.983745
vn 0.163625 -0.000982646 -0.986522
vn 0.191521 -0.000483346 -0.981488
vn 0.13671 0.094031 -0.986138
vn 0.136744 0.0940311 0.986134
vn 0.19157 -0.000483487 0.981479
vn 0.163675 -0.00098295 0.986514
vn 0.0985154 0.150156 0.983742
vn 0.0985154 0.150156 0.983742
vn 0.163675 -0.00098295 0.986514
vn 0.148461 -0.000905913 0.988918
vn 0.113463 0.105652 0.987909
vn 0.11343 0.105643 -0.987914
vn 0.148411 -0.000905606 -0.988925
vn 0.163625 -0.000982646 -0.986522
vn 0.0984911 0.150149 -0.983745
vn 0.128634 0.000471172 -0.991692
vn 0.128634 0.000471172 -0.991692
vn 0.148411 -0.000905606 -0.988925
vn 0.11343 0.105643 -0.987914
vn 0.113463 0.105652 0.987909
vn 0.148461 -0.000905913 0.988918
vn 0.128701 -0.000399796 0.991683
vn 0.128701 -0.000399796 0.991683
vn 0.0998972 0.001355 -0.994997
vn 0.0998972 0.001355 -0.994997
vn 0.128634 0.000471172 -0.991692
vn 0.128634 0.000471172 -0.991692
vn 0.128701 -0.000399796 0.991683
vn 0.128701 -0.000399796 0.991683
vn 0.0999393 0.000486565 0.994993
vn 0.0999393 0.000486565 0.994993
vn 0.0589682 -0.000611011 -0.99826
vn 0.0589682 -0.000611011 -0.99826
vn 0.0998972 0.001355 -0.994997
vn 0.0998972 0.001355 -0.994997
vn 0.0999393 0.000486565 0.994993
vn 0.0999393 0.000486565 0.994993
vn 0.0588213 0.0015687 0.998267
vn 0.0588213 0.0015687 0.998267
vn 0.0340541 -0.00217659 -0.999418
vn 0.0340541 -0.00217659 -0.999418
vn 0.0589682 -0.000611011 -0.99826
vn 0.0589682 -0.000611011 -0.99826
vn 0.0588213 0.0015687 0.998267
vn 0.0588213 0.0015687 0.998267
vn 0.0337595 0.00217661 0.999428
vn 0.0337595 0.00217661 0.999428
vn 0.0953219 0.236833 0.966863
vn 0.0545935 0.464279 0.884005
vn 0.0586944 0.331764 0.941535
vn 0.0985154 0.150156 0.983742
vn 0.0984911 0.150149 -0.983745
vn 0.0568899 0.296831 -0.953234
vn 0.0548376 0.462796 -0.884767
vn 0.0952971 0.236831 -0.966866
vn 0.201421 0.107293 -0.973611
vn 0.117663 0.163599 -0.979485
vn 0.0930291 0.282552 -0.95473
vn 0.0729948 0.304556 -0.949693
vn 0.186862 0.16517 -0.968401
vn 0.00817861 0.857277 -0.514791
vn 0.0367614 0.856765 -0.514395
vn 0.032092 0.911994 -0.408946
vn 0.00360634 0.912458 -0.409155
vn 0.0193573 0.722824 -0.690761
vn 0.0451246 0.722294 -0.690113
vn 0.0367614 0.856765 -0.514395
vn 0.00817861 0.857277 -0.514791
vn 0.0285758 0.624207 -0.780737
vn 0.0498996 0.623693 -0.780075
vn 0.0451246 0.722294 -0.690113
vn 0.0193573 0.722824 -0.690761
vn 0.0356694 0.463243 -0.885513
vn 0.0548376 0.462796 -0.884767
vn 0.0498996 0.623693 -0.780075
vn 0.0285758 0.624207 -0.780737
vn 0.13671 0.094031 -0.986138
vn 0.0563963 0.279156 -0.958588
vn 0.0568899 0.296831 -0.953234
vn 0.0984911 0.150149 -0.983745
vn 0.0249671 0.62331 -0.781576
vn 0.0389873 0.624404 -0.780128
vn 0.0214631 0.735286 -0.677417
vn 0.00122891 0.735454 -0.677573
vn 0.129845 0.317186 -0.939433
vn 0.0583517 0.398135 -0.915469
vn 0.0686018 0.427032 -0.901631
vn 0.0389873 0.624404 -0.780128
vn 0.0249671 0.62331 -0.781576
vn 0.00355338 0.913674 0.406432
vn 0.0357794 0.924455 0.379609
vn 0.0391306 0.868043 0.494944
vn 0.00815222 0.858045 0.51351
vn 0.00815222 0.858045 0.51351
vn 0.0391306 0.868043 0.494944
vn 0.0459755 0.729807 0.682106
vn 0.0193553 0.722829 0.690756
vn 0.0985154 0.150156 0.983742
vn 0.0586944 0.331764 0.941535
vn 0.0527807 0.438925 0.896972
vn 0.136744 0.0940311 0.986134
vn 0.0234111 0.626073 0.779413
vn 0.0370192 0.605749 0.794794
vn 0.0666074 0.437772 0.896615
vn 0.0550991 0.429482 0.901393
vn 0.00122761 0.735454 0.677573
vn 0.0457644 0.594516 0.80278
vn 0.0370192 0.605749 0.794794
vn 0.0234111 0.626073 0.779413
vn 0.170512 0.221023 0.960247
vn 0.0666074 0.437772 0.896615
vn 0.090308 0.290581 0.952579
vn 0.191674 0.143404 0.970925
vn 0.191674 0.143404 0.970925
vn 0.090308 0.290581 0.952579
vn 0.211357 0.140647 0.967237
vn 0.297802 0.0890311 0.950467
vn 0.0285746 0.624201 0.780741
vn 0.0498505 0.618453 0.784239
vn 0.0545935 0.464279 0.884005
vn 0.0356666 0.463245 0.885512
vn 0.0193553 0.722829 0.690756
vn 0.0459755 0.729807 0.682106
vn 0.0498505 0.618453 0.784239
vn 0.0285746 0.624201 0.780741
vn -0.971958 0.138179 0.190272
vn -0.971109 0.175625 0.161565
vn -1 -1.2779e-006 -0.000296392
vn -0.972681 0.0953064 0.211681
vn -0.971958 0.138179 0.190272
vn -1 -1.2779e-006 -0.000296392
vn -0.973164 0.0486243 0.224915
vn -0.972681 0.0953064 0.211681
vn -1 -1.2779e-006 -0.000296392
vn -0.973334 -2.89779e-006 0.229392
vn -0.973164 0.0486243 0.224915
vn -1 -1.2779e-006 -0.000296392
vn -0.973164 -0.0486281 0.224916
vn -0.973334 -2.89779e-006 0.229392
vn -1 -1.27697e-006 -0.000296392
vn -0.97268 -0.0953103 0.211683
vn -0.973164 -0.0486281 0.224916
vn -1 -1.27697e-006 -0.000296392
vn -0.971957 -0.138184 0.190274
vn -0.97268 -0.0953103 0.211683
vn -1 -1.27697e-006 -0.000296392
vn -0.971108 -0.175626 0.161572
vn -0.971957 -0.138184 0.190274
vn -1 -1.27697e-006 -0.000296392
vn -0.97026 -0.206217 0.126766
vn -0.971108 -0.175626 0.161572
vn -1 -1.27697e-006 -0.000296392
vn -0.969541 -0.228869 0.0872298
vn -0.97026 -0.206217 0.126766
vn -1 -1.27697e-006 -0.00029639
vn -0.969055 -0.242868 0.0441307
vn -0.969541 -0.228869 0.0872298
vn -1 -1.27697e-006 -0.00029639
vn -0.968876 -0.247547 -0.000689239
vn -0.969055 -0.242868 0.0441307
vn -1 -1.2779e-006 -0.00029639
vn -0.969068 0.242817 0.0441254
vn -0.968887 0.247502 -0.00069164
vn -1 -1.2779e-006 -0.00029639
vn -0.969541 0.22887 0.0872337
vn -0.969068 0.242817 0.0441254
vn -1 -1.2779e-006 -0.000296392
vn -0.970258 0.206227 0.126767
vn -0.969541 0.22887 0.0872337
vn -1 -1.2779e-006 -0.000296392
vn -0.971109 0.175625 0.161565
vn -0.970258 0.206227 0.126767
vn -1 -1.27884e-006 -0.00029639
vn 0.0220237 0.374072 0.927138
vn 0.0425333 0.391306 0.919277
vn 0.0341008 0.364584 0.930546
vn 0.00400935 0.203203 0.979128
vn 0.0120607 0.251832 0.967696
vn 0.016407 0.348666 0.937103
vn 0.016407 0.348666 0.937103
vn 0.0220237 0.374072 0.927138
vn 0.0341008 0.364584 0.930546
vn -0.408884 0.789311 0.458041
vn -0.410625 0.691936 0.593811
vn -0.376391 0.716791 0.586975
vn -0.38137 0.802174 0.459428
vn -0.407059 0.857564 0.314463
vn -0.408884 0.789311 0.458041
vn -0.38137 0.802174 0.459428
vn -0.386596 0.862003 0.327864
vn -0.405439 0.900762 0.155716
vn -0.407059 0.857564 0.314463
vn -0.386596 0.862003 0.327864
vn -0.390037 0.907399 0.156516
vn -0.403973 0.914771 0.000252135
vn -0.405439 0.900762 0.155716
vn -0.390037 0.907399 0.156516
vn -0.388462 0.921463 0.00163277
vn -0.151043 -0.974521 0.165814
vn -0.145831 -0.989309 -0.000587406
vn -0.0416156 -0.999134 -4.43592e-005
vn -0.0456618 -0.985859 0.161234
vn -0.166133 -0.929214 0.330094
vn -0.151043 -0.974521 0.165814
vn -0.0456618 -0.985859 0.161234
vn -0.058367 -0.945036 0.321713
vn -0.190315 -0.851813 0.488053
vn -0.166133 -0.929214 0.330094
vn -0.058367 -0.945036 0.321713
vn -0.080218 -0.873698 0.479809
vn -0.222082 -0.740249 0.634596
vn -0.190315 -0.851813 0.488053
vn -0.080218 -0.873698 0.479809
vn -0.110939 -0.767757 0.631063
vn -0.259071 -0.593903 0.761683
vn -0.222082 -0.740249 0.634596
vn -0.110939 -0.767757 0.631063
vn -0.149585 -0.623708 0.767211
vn -0.297982 -0.415611 0.859345
vn -0.259071 -0.593903 0.761683
vn -0.149585 -0.623708 0.767211
vn -0.193904 -0.441621 0.875998
vn -0.334798 -0.213479 0.917789
vn -0.297982 -0.415611 0.859345
vn -0.193904 -0.441621 0.875998
vn -0.240053 -0.228725 0.943429
vn -0.365816 -0.00061304 0.930687
vn -0.334798 -0.213479 0.917789
vn -0.240053 -0.228725 0.943429
vn -0.283269 -0.000697163 0.95904
vn -0.388609 0.207664 0.897696
vn -0.365816 -0.00061304 0.930687
vn -0.283269 -0.000697163 0.95904
vn -0.319445 0.222068 0.921217
vn -0.402699 0.39771 0.824415
vn -0.388609 0.207664 0.897696
vn -0.319445 0.222068 0.921217
vn -0.34656 0.421439 0.838025
vn -0.409319 0.560475 0.719948
vn -0.402699 0.39771 0.824415
vn -0.34656 0.421439 0.838025
vn -0.364908 0.586851 0.722806
vn -0.410625 0.691936 0.593811
vn -0.409319 0.560475 0.719948
vn -0.364908 0.586851 0.722806
vn -0.376391 0.716791 0.586975
vn -0.376391 0.716791 0.586975
vn -0.364908 0.586851 0.722806
vn -0.289379 0.615219 0.733325
vn -0.299988 0.725084 0.619887
vn -0.364908 0.586851 0.722806
vn -0.34656 0.421439 0.838025
vn -0.26244 0.443282 0.857104
vn -0.289379 0.615219 0.733325
vn -0.34656 0.421439 0.838025
vn -0.319445 0.222068 0.921217
vn -0.243523 0.2614 0.934006
vn -0.26244 0.443282 0.857104
vn -0.319445 0.222068 0.921217
vn -0.283269 -0.000697163 0.95904
vn -0.20875 0.0181556 0.977801
vn -0.243523 0.2614 0.934006
vn -0.283269 -0.000697164 0.95904
vn -0.240053 -0.228725 0.943429
vn -0.162808 -0.23251 0.958871
vn -0.20875 0.0181556 0.977801
vn -0.240053 -0.228725 0.943429
vn -0.193904 -0.441621 0.875998
vn -0.120886 -0.447118 0.886269
vn -0.162808 -0.23251 0.958871
vn -0.193904 -0.441621 0.875998
vn -0.149585 -0.623708 0.767211
vn -0.0835526 -0.62896 0.772935
vn -0.120886 -0.447118 0.886269
vn -0.149585 -0.623708 0.767211
vn -0.110939 -0.767757 0.631064
vn -0.0529863 -0.771789 0.633667
vn -0.0835526 -0.62896 0.772935
vn -0.110939 -0.767757 0.631064
vn -0.080218 -0.873698 0.479809
vn -0.0298336 -0.87638 0.480695
vn -0.0529863 -0.771789 0.633667
vn -0.080218 -0.873698 0.479809
vn -0.058367 -0.945036 0.321713
vn -0.0138096 -0.946689 0.321854
vn -0.0298336 -0.87638 0.480695
vn -0.058367 -0.945036 0.321713
vn -0.0456618 -0.985859 0.161234
vn -0.00430749 -0.986858 0.161534
vn -0.0138096 -0.946689 0.321854
vn -0.0456618 -0.985859 0.161234
vn -0.0416156 -0.999134 -4.43592e-005
vn -0.00105198 -0.999999 -0.00052504
vn -0.00430749 -0.986858 0.161534
vn -0.388462 0.921463 0.00163277
vn -0.390037 0.907399 0.156516
vn -0.366502 0.917856 0.15237
vn -0.363904 0.930467 0.0424919
vn -0.390037 0.907399 0.156516
vn -0.386596 0.862003 0.327864
vn -0.357763 0.864083 0.35407
vn -0.366502 0.917856 0.15237
vn -0.386596 0.862003 0.327864
vn -0.38137 0.802174 0.459428
vn -0.322509 0.789363 0.522393
vn -0.357763 0.864083 0.35407
vn -0.38137 0.802174 0.459428
vn -0.376391 0.716791 0.586975
vn -0.299988 0.725084 0.619887
vn -0.322509 0.789363 0.522393
vn -0.00430749 -0.986858 0.161534
vn -0.00105198 -0.999999 -0.00052504
vn -0.00804634 -0.999968 -0.000375092
vn -0.010303 -0.986357 0.164299
vn -0.0138096 -0.946689 0.321854
vn -0.00430749 -0.986858 0.161534
vn -0.010303 -0.986357 0.164299
vn -0.0161985 -0.948063 0.317669
vn -0.0298336 -0.87638 0.480695
vn -0.0138096 -0.946689 0.321854
vn -0.0161985 -0.948063 0.317669
vn -0.0275277 -0.88748 0.460023
vn -0.0529863 -0.771789 0.633667
vn -0.0298336 -0.87638 0.480695
vn -0.0275277 -0.88748 0.460023
vn -0.0492502 -0.764581 0.642644
vn -0.0835526 -0.62896 0.772935
vn -0.0529863 -0.771789 0.633667
vn -0.0492502 -0.764581 0.642644
vn -0.0665568 -0.603886 0.794287
vn -0.120886 -0.447118 0.886269
vn -0.0835526 -0.62896 0.772935
vn -0.0665568 -0.603886 0.794287
vn -0.0833443 -0.441871 0.893199
vn -0.162808 -0.23251 0.958871
vn -0.120886 -0.447118 0.886269
vn -0.0833443 -0.441871 0.893199
vn -0.109939 -0.229807 0.967007
vn -0.20875 0.0181556 0.977801
vn -0.162808 -0.23251 0.958871
vn -0.109939 -0.229807 0.967007
vn -0.143619 0.0550093 0.988103
vn -0.243523 0.2614 0.934006
vn -0.20875 0.0181556 0.977801
vn -0.143619 0.0550093 0.988103
vn -0.165177 0.323063 0.931851
vn -0.26244 0.443282 0.857104
vn -0.243523 0.2614 0.934006
vn -0.165177 0.323063 0.931851
vn -0.170871 0.455949 0.87345
vn -0.289379 0.615219 0.733325
vn -0.26244 0.443282 0.857104
vn -0.170871 0.455949 0.87345
vn -0.209154 0.592608 0.777863
vn -0.299988 0.725084 0.619887
vn -0.289379 0.615219 0.733325
vn -0.209154 0.592608 0.777863
vn -0.256671 0.733947 0.628842
vn -0.410625 0.691936 0.593811
vn -0.408884 0.789311 0.458041
vn -0.471937 0.756812 0.452228
vn -0.481125 0.653419 0.584434
vn -0.408884 0.789311 0.458041
vn -0.407059 0.857564 0.314463
vn -0.463898 0.83073 0.307712
vn -0.471937 0.756812 0.452228
vn -0.407059 0.857564 0.314463
vn -0.405439 0.900762 0.155716
vn -0.458809 0.874894 0.155097
vn -0.463898 0.83073 0.307712
vn -0.405439 0.900762 0.155716
vn -0.403973 0.914771 0.000252135
vn -0.457454 0.889232 -0.00171007
vn -0.458809 0.874894 0.155097
vn -0.145831 -0.989309 -0.000587406
vn -0.151043 -0.974521 0.165814
vn -0.312673 -0.935295 0.16571
vn -0.306713 -0.9518 -0.00184193
vn -0.151043 -0.974521 0.165814
vn -0.166133 -0.929214 0.330094
vn -0.328492 -0.885752 0.327928
vn -0.312673 -0.935295 0.16571
vn -0.166133 -0.929214 0.330094
vn -0.190315 -0.851813 0.488053
vn -0.3521 -0.803565 0.479905
vn -0.328492 -0.885752 0.327928
vn -0.190315 -0.851813 0.488053
vn -0.222082 -0.740249 0.634596
vn -0.380899 -0.689443 0.616104
vn -0.3521 -0.803565 0.479905
vn -0.222082 -0.740249 0.634596
vn -0.259071 -0.593903 0.761683
vn -0.411636 -0.54585 0.729797
vn -0.380899 -0.689443 0.616104
vn -0.259071 -0.593903 0.761683
vn -0.297982 -0.415611 0.859345
vn -0.440818 -0.377673 0.814274
vn -0.411636 -0.54585 0.729797
vn -0.297982 -0.415611 0.859345
vn -0.334798 -0.213479 0.917789
vn -0.465217 -0.19263 0.863983
vn -0.440818 -0.377673 0.814274
vn -0.334798 -0.213479 0.917789
vn -0.365816 -0.00061304 0.930687
vn -0.482551 -0.000388818 0.875868
vn -0.465217 -0.19263 0.863983
vn -0.365816 -0.00061304 0.930687
vn -0.388609 0.207664 0.897696
vn -0.491833 0.18878 0.849978
vn -0.482551 -0.000388818 0.875868
vn -0.388609 0.207664 0.897696
vn -0.402699 0.39771 0.824415
vn -0.493495 0.365417 0.789261
vn -0.491833 0.18878 0.849978
vn -0.402699 0.39771 0.824415
vn -0.409319 0.560475 0.719948
vn -0.489156 0.521988 0.698753
vn -0.493495 0.365417 0.789261
vn -0.409319 0.560475 0.719948
vn -0.410625 0.691936 0.593811
vn -0.481125 0.653419 0.584434
vn -0.489156 0.521988 0.698753
vn -0.489155 0.521988 0.698753
vn -0.481125 0.653419 0.584434
vn -0.555574 0.614103 0.560549
vn -0.565116 0.487311 0.665712
vn -0.493495 0.365417 0.789261
vn -0.489155 0.521988 0.698753
vn -0.565116 0.487311 0.665712
vn -0.572702 0.338726 0.74651
vn -0.491833 0.18878 0.849978
vn -0.493495 0.365417 0.789261
vn -0.572702 0.338726 0.74651
vn -0.576629 0.17387 0.798291
vn -0.482551 -0.000388818 0.875868
vn -0.491833 0.18878 0.849978
vn -0.576629 0.17387 0.798291
vn -0.57568 -0.000149171 0.817675
vn -0.465217 -0.19263 0.863983
vn -0.482551 -0.000388816 0.875868
vn -0.57568 -0.000149171 0.817675
vn -0.569421 -0.17521 0.803157
vn -0.440818 -0.377673 0.814274
vn -0.465217 -0.19263 0.863983
vn -0.569421 -0.17521 0.803157
vn -0.558278 -0.343037 0.755415
vn -0.411636 -0.54585 0.729797
vn -0.440818 -0.377673 0.814274
vn -0.558278 -0.343037 0.755415
vn -0.543498 -0.496026 0.677177
vn -0.380899 -0.689443 0.616104
vn -0.411636 -0.54585 0.729797
vn -0.543498 -0.496026 0.677177
vn -0.526948 -0.627872 0.572803
vn -0.3521 -0.803565 0.479905
vn -0.380899 -0.689443 0.616104
vn -0.526948 -0.627872 0.572803
vn -0.510847 -0.734038 0.447463
vn -0.328492 -0.885752 0.327928
vn -0.3521 -0.803565 0.479905
vn -0.510847 -0.734038 0.447463
vn -0.497295 -0.811581 0.306649
vn -0.312673 -0.935295 0.16571
vn -0.328492 -0.885752 0.327928
vn -0.497295 -0.811581 0.306649
vn -0.488059 -0.858896 0.155228
vn -0.306713 -0.9518 -0.00184193
vn -0.312673 -0.935295 0.16571
vn -0.488059 -0.858896 0.155228
vn -0.484585 -0.874743 -0.00169567
vn -0.458809 0.874894 0.155097
vn -0.457454 0.889232 -0.00171007
vn -0.531122 0.847294 -0.00163206
vn -0.532667 0.832816 0.150607
vn -0.463898 0.83073 0.307712
vn -0.458809 0.874894 0.155097
vn -0.532667 0.832816 0.150607
vn -0.537775 0.788621 0.298121
vn -0.471937 0.756812 0.452228
vn -0.463898 0.83073 0.307712
vn -0.537775 0.788621 0.298121
vn -0.545879 0.715337 0.436244
vn -0.481125 0.653419 0.584434
vn -0.471937 0.756812 0.452228
vn -0.545879 0.715337 0.436244
vn -0.555574 0.614103 0.560549
vn -0.555574 0.614103 0.560549
vn -0.545879 0.715337 0.436244
vn -0.659063 0.64059 0.394056
vn -0.664738 0.54962 0.506006
vn -0.545879 0.715337 0.436244
vn -0.537775 0.788621 0.298121
vn -0.654349 0.706563 0.269437
vn -0.659063 0.64059 0.394056
vn -0.537774 0.788621 0.298121
vn -0.532667 0.832816 0.150607
vn -0.651326 0.746498 0.13607
vn -0.654349 0.706563 0.269437
vn -0.532667 0.832816 0.150607
vn -0.531122 0.847294 -0.00163206
vn -0.650241 0.759726 -0.00136522
vn -0.651326 0.746498 0.13607
vn -0.484585 -0.874743 -0.00169567
vn -0.488059 -0.858896 0.155228
vn -0.651256 -0.746559 0.13607
vn -0.650167 -0.75979 -0.00136245
vn -0.488059 -0.858896 0.155228
vn -0.497295 -0.811581 0.306649
vn -0.654365 -0.706551 0.26943
vn -0.651256 -0.746559 0.13607
vn -0.497295 -0.811581 0.306649
vn -0.510847 -0.734038 0.447463
vn -0.659061 -0.640583 0.39407
vn -0.654365 -0.706551 0.26943
vn -0.510847 -0.734039 0.447463
vn -0.526948 -0.627872 0.572803
vn -0.664733 -0.549614 0.506018
vn -0.659061 -0.640583 0.39407
vn -0.526948 -0.627872 0.572803
vn -0.543498 -0.496026 0.677177
vn -0.670568 -0.435734 0.600395
vn -0.664733 -0.549614 0.506018
vn -0.543498 -0.496026 0.677177
vn -0.558278 -0.343037 0.755415
vn -0.675628 -0.302484 0.672331
vn -0.670568 -0.435734 0.600395
vn -0.558278 -0.343037 0.755415
vn -0.569421 -0.17521 0.803157
vn -0.679078 -0.155025 0.71751
vn -0.675628 -0.302484 0.672331
vn -0.569421 -0.17521 0.803157
vn -0.57568 -0.000149171 0.817675
vn -0.680306 -1.13298e-005 0.732928
vn -0.679078 -0.155025 0.71751
vn -0.57568 -0.000149173 0.817675
vn -0.576629 0.17387 0.798291
vn -0.679082 0.155018 0.717508
vn -0.680306 -1.13298e-005 0.732928
vn -0.576629 0.17387 0.798291
vn -0.572702 0.338726 0.74651
vn -0.675627 0.302486 0.672332
vn -0.679082 0.155018 0.717508
vn -0.572702 0.338726 0.74651
vn -0.565116 0.487311 0.665712
vn -0.670556 0.435739 0.600405
vn -0.675627 0.302486 0.672332
vn -0.565116 0.487311 0.665712
vn -0.555574 0.614103 0.560549
vn -0.664738 0.54962 0.506006
vn -0.670556 0.435739 0.600405
vn -0.670556 0.435739 0.600405
vn -0.664738 0.54962 0.506006
vn -0.847056 0.391098 0.359915
vn -0.850701 0.308816 0.425371
vn -0.675627 0.302486 0.672332
vn -0.670556 0.435739 0.600405
vn -0.850701 0.308816 0.425371
vn -0.853839 0.213639 0.474676
vn -0.679082 0.155018 0.717508
vn -0.675627 0.302486 0.672333
vn -0.853839 0.213639 0.474676
vn -0.855956 0.109226 0.505381
vn -0.680306 -1.13298e-005 0.732928
vn -0.679082 0.155018 0.717508
vn -0.855956 0.109226 0.505381
vn -0.856706 -5.32154e-006 0.515805
vn -0.679078 -0.155025 0.71751
vn -0.680306 -1.13298e-005 0.732928
vn -0.856706 -5.32154e-006 0.515805
vn -0.85596 -0.10923 0.505373
vn -0.675628 -0.302484 0.672331
vn -0.679078 -0.155025 0.71751
vn -0.85596 -0.10923 0.505373
vn -0.85384 -0.213645 0.474672
vn -0.670568 -0.435734 0.600395
vn -0.675628 -0.302484 0.672331
vn -0.85384 -0.213645 0.474672
vn -0.850707 -0.308815 0.425361
vn -0.664733 -0.549614 0.506018
vn -0.670568 -0.435734 0.600395
vn -0.850707 -0.308815 0.425361
vn -0.847058 -0.391087 0.359922
vn -0.659061 -0.640583 0.39407
vn -0.664733 -0.549614 0.506018
vn -0.847058 -0.391087 0.359922
vn -0.843463 -0.457593 0.281388
vn -0.654365 -0.706551 0.26943
vn -0.659061 -0.640583 0.39407
vn -0.843463 -0.457593 0.281388
vn -0.840467 -0.506316 0.193024
vn -0.651256 -0.746559 0.13607
vn -0.654365 -0.706551 0.26943
vn -0.840467 -0.506316 0.193024
vn -0.838463 -0.536151 0.0975795
vn -0.650167 -0.75979 -0.00136245
vn -0.651256 -0.746559 0.13607
vn -0.838463 -0.536151 0.0975795
vn -0.837748 -0.546055 -0.00122508
vn -0.651326 0.746498 0.13607
vn -0.650241 0.759726 -0.00136522
vn -0.837808 0.545963 -0.00123169
vn -0.838511 0.536076 0.0975778
vn -0.654349 0.706563 0.269437
vn -0.651326 0.746498 0.13607
vn -0.838511 0.536076 0.0975778
vn -0.840454 0.506335 0.193034
vn -0.659063 0.64059 0.394056
vn -0.654349 0.706563 0.269437
vn -0.840454 0.506335 0.193034
vn -0.843465 0.457596 0.281377
vn -0.664738 0.54962 0.506006
vn -0.659063 0.64059 0.394056
vn -0.843465 0.457596 0.281377
vn -0.847056 0.391098 0.359915
vn -0.847056 0.391098 0.359915
vn -0.843465 0.457596 0.281377
vn -0.970258 0.206227 0.126767
vn -0.971109 0.175625 0.161565
vn -0.843465 0.457596 0.281377
vn -0.840454 0.506335 0.193034
vn -0.969541 0.22887 0.0872337
vn -0.970258 0.206227 0.126767
vn -0.840454 0.506335 0.193034
vn -0.838511 0.536076 0.0975778
vn -0.969068 0.242817 0.0441254
vn -0.969541 0.22887 0.0872337
vn -0.838511 0.536076 0.0975778
vn -0.837808 0.545963 -0.00123169
vn -0.968887 0.247502 -0.00069164
vn -0.969068 0.242817 0.0441254
vn -0.837748 -0.546055 -0.00122508
vn -0.838463 -0.536151 0.0975795
vn -0.969055 -0.242868 0.0441307
vn -0.968876 -0.247547 -0.000689239
vn -0.838463 -0.536151 0.0975795
vn -0.840467 -0.506316 0.193024
vn -0.969541 -0.228869 0.0872298
vn -0.969055 -0.242868 0.0441307
vn -0.840467 -0.506316 0.193024
vn -0.843463 -0.457593 0.281388
vn -0.97026 -0.206217 0.126766
vn -0.969541 -0.228869 0.0872298
vn -0.843463 -0.457593 0.281388
vn -0.847058 -0.391087 0.359922
vn -0.971108 -0.175626 0.161572
vn -0.97026 -0.206217 0.126766
vn -0.847058 -0.391087 0.359922
vn -0.850707 -0.308815 0.425361
vn -0.971957 -0.138184 0.190274
vn -0.971108 -0.175626 0.161572
vn -0.850707 -0.308815 0.425361
vn -0.85384 -0.213645 0.474672
vn -0.97268 -0.0953103 0.211683
vn -0.971957 -0.138184 0.190274
vn -0.85384 -0.213645 0.474672
vn -0.85596 -0.10923 0.505373
vn -0.973164 -0.0486281 0.224916
vn -0.97268 -0.0953103 0.211683
vn -0.85596 -0.10923 0.505373
vn -0.856706 -5.32154e-006 0.515805
vn -0.973334 -2.89684e-006 0.229392
vn -0.973164 -0.0486281 0.224916
vn -0.856706 -5.32154e-006 0.515805
vn -0.855956 0.109226 0.505381
vn -0.973164 0.0486244 0.224915
vn -0.973334 -2.89684e-006 0.229392
vn -0.855956 0.109226 0.505381
vn -0.853839 0.213639 0.474676
vn -0.972681 0.0953064 0.211681
vn -0.973164 0.0486243 0.224915
vn -0.971958 0.138179 0.190272
vn -0.972681 0.0953064 0.211681
vn -0.853839 0.213639 0.474676
vn -0.850701 0.308816 0.425371
vn -0.971109 0.175625 0.161565
vn -0.971958 0.138179 0.190272
vn -0.850701 0.308816 0.425371
vn -0.847056 0.391098 0.359915
vn -0.165177 0.323063 0.931851
vn -0.143619 0.0550093 0.988103
vn -0.0557263 0.00972229 0.998399
vn -0.084721 0.290339 0.953166
vn -0.143619 0.0550093 0.988103
vn -0.109939 -0.229807 0.967007
vn -0.0358852 -0.223915 0.973948
vn -0.0557263 0.00972229 0.998399
vn -0.109939 -0.229807 0.967007
vn -0.0833443 -0.44187 0.893199
vn -0.0253874 -0.43165 0.901684
vn -0.0358852 -0.223915 0.973948
vn -0.0833443 -0.44187 0.893199
vn -0.0665568 -0.603886 0.794287
vn -0.0256438 -0.552872 0.832872
vn -0.0253874 -0.43165 0.901684
vn -0.0665568 -0.603886 0.794287
vn -0.0492502 -0.764581 0.642644
vn -0.0262693 -0.740742 0.671276
vn -0.0256438 -0.552872 0.832872
vn -0.0492502 -0.764581 0.642644
vn -0.0275277 -0.88748 0.460023
vn -0.0181392 -0.90845 0.4176
vn -0.0262693 -0.740742 0.671276
vn -0.0275277 -0.88748 0.460023
vn -0.0161985 -0.948063 0.317669
vn -0.0121302 -0.959761 0.280556
vn -0.0181392 -0.90845 0.4176
vn -0.0161985 -0.948063 0.317669
vn -0.010303 -0.986357 0.164299
vn -0.00693863 -0.987888 0.155015
vn -0.0121302 -0.959761 0.280556
vn -0.010303 -0.986357 0.164299
vn -0.00804634 -0.999968 -0.000375092
vn -0.00498402 -0.999988 0.000245216
vn -0.00693863 -0.987888 0.155015
vn 0.0028417 -0.994521 0.104497
vn 0.00283698 -0.999996 -0.00029313
vn 0.0123856 -0.999923 -0.000534376
vn 0.0124873 -0.994235 0.106493
vn 0.00299782 -0.976821 0.214036
vn 0.0028417 -0.994521 0.104497
vn 0.0124873 -0.994235 0.106493
vn 0.0131086 -0.975868 0.21797
vn -0.000304369 -0.942717 0.333594
vn 0.00299782 -0.976821 0.214036
vn 0.0131086 -0.975868 0.21797
vn 0.0142294 -0.940578 0.339279
vn -0.00371934 -0.918422 0.395585
vn -0.000304369 -0.942717 0.333594
vn 0.0142294 -0.940578 0.339279
vn 0.0148599 -0.915509 0.402024
vn 0.000136702 -0.475832 0.879536
vn -0.00417281 -0.454001 0.890992
vn 0.0132503 -0.464891 0.885269
vn 0.00903145 -0.455653 0.890112
vn 0.00371453 -0.405532 0.914073
vn 0.000136702 -0.475832 0.879536
vn 0.00903145 -0.455653 0.890112
vn 0.0116298 -0.376245 0.926447
vn 0.00171087 -0.208366 0.978049
vn 0.00371453 -0.405532 0.914073
vn 0.0116298 -0.376245 0.926447
vn 0.0159318 -0.204632 0.978709
vn -0.00134645 -0.0140292 0.999901
vn 0.00171087 -0.208366 0.978049
vn 0.0159318 -0.204632 0.978709
vn 0.0102976 -0.0139192 0.99985
vn -0.00494227 0.156748 0.987626
vn -0.00134645 -0.0140292 0.999901
vn 0.0102976 -0.0139192 0.99985
vn 0.00127195 0.170883 0.98529
vn 0.00441519 0.435679 0.900091
vn -0.00424015 0.319826 0.947467
vn -0.00551663 0.363151 0.931714
vn 0.00252933 0.494115 0.869393
vn -0.00424015 0.319826 0.947467
vn -0.00560731 0.236437 0.971631
vn -0.00657881 0.227374 0.973785
vn -0.00551663 0.363151 0.931714
vn -0.00560731 0.236437 0.971631
vn 0.00127195 0.170883 0.98529
vn -0.00309283 0.157601 0.987498
vn -0.00657881 0.227374 0.973785
vn 0.00127195 0.170883 0.98529
vn 0.0102976 -0.0139192 0.99985
vn 0.00458752 -0.0130794 0.999904
vn -0.00309283 0.157601 0.987498
vn 0.0102976 -0.0139192 0.99985
vn 0.0159318 -0.204632 0.978709
vn 0.00665112 -0.188354 0.982079
vn 0.00458752 -0.0130794 0.999904
vn 0.0159318 -0.204632 0.978709
vn 0.0116298 -0.376245 0.926447
vn 0.000877345 -0.315192 0.949027
vn 0.00665112 -0.188354 0.982079
vn 0.0116298 -0.376245 0.926447
vn 0.00903145 -0.455653 0.890112
vn 0.00467758 -0.426469 0.90449
vn 0.000877345 -0.315192 0.949027
vn 0.00903145 -0.455653 0.890112
vn 0.0132503 -0.464891 0.885269
vn 0.0121347 -0.495444 0.868555
vn 0.00467758 -0.426469 0.90449
vn 0.0148599 -0.915509 0.402024
vn 0.0142294 -0.940578 0.339279
vn 0.0166045 -0.937433 0.347771
vn 0.0169639 -0.911191 0.411635
vn 0.0142294 -0.940578 0.339279
vn 0.0131086 -0.975868 0.21797
vn 0.0158966 -0.97449 0.223869
vn 0.0166045 -0.937433 0.347771
vn 0.0131086 -0.975868 0.21797
vn 0.0124873 -0.994235 0.106493
vn 0.0154992 -0.993866 0.109496
vn 0.0158966 -0.97449 0.223869
vn 0.0124873 -0.994235 0.106493
vn 0.0123856 -0.999923 -0.000534376
vn 0.0154764 -0.99988 -0.000554406
vn 0.0154992 -0.993866 0.109496
vn 0.0494146 0.998778 9.33175e-005
vn 0.0464035 0.971387 0.232923
vn 0.0771243 0.964638 0.252044
vn 0.0776042 0.996978 0.00354977
vn 0.0238686 0.4252 0.904785
vn 0.00441519 0.435679 0.900091
vn 0.00252933 0.494115 0.869393
vn 0.0168487 0.474479 0.880106
vn 0.0168487 0.474479 0.880106
vn 0.00252933 0.494115 0.869393
vn 0.0190128 0.531853 0.846623
vn 0.029469 0.525916 0.850026
vn 0.0776042 0.996978 0.00354977
vn 0.0771243 0.964638 0.252044
vn 0.0730018 0.95916 0.27328
vn 0.0720915 0.997376 0.00668451
vn 0.0154992 -0.993866 0.109496
vn 0.0154764 -0.99988 -0.000554406
vn 0.0191788 -0.999816 -0.000408714
vn 0.0192844 -0.993525 0.111966
vn 0.0158966 -0.97449 0.223869
vn 0.0154992 -0.993866 0.109496
vn 0.0192844 -0.993525 0.111966
vn 0.0198616 -0.973293 0.228706
vn 0.0166045 -0.937433 0.347771
vn 0.0158966 -0.97449 0.223869
vn 0.0198616 -0.973293 0.228706
vn 0.020877 -0.93475 0.354692
vn 0.0169639 -0.911191 0.411635
vn 0.0166045 -0.937433 0.347771
vn 0.020877 -0.93475 0.354692
vn 0.0214159 -0.907527 0.419448
vn 0.00467758 -0.426469 0.90449
vn 0.0121347 -0.495444 0.868555
vn 0.0196378 -0.526015 0.850249
vn 0.00694338 -0.416553 0.909085
vn 0.000877345 -0.315192 0.949027
vn 0.00467758 -0.426469 0.90449
vn 0.00694338 -0.416553 0.909085
vn -0.00435804 -0.25797 0.966143
vn 0.00665113 -0.188354 0.982079
vn 0.000877345 -0.315192 0.949027
vn -0.00435804 -0.25797 0.966143
vn 0.00291158 -0.146938 0.989141
vn 0.00458752 -0.0130794 0.999904
vn 0.00665113 -0.188354 0.982079
vn 0.00291158 -0.146938 0.989141
vn 0.0105493 -0.00201475 0.999942
vn -0.00309283 0.157601 0.987498
vn 0.00458752 -0.0130794 0.999904
vn 0.0105493 -0.00201475 0.999942
vn 0.00919814 0.157409 0.987491
vn -0.00657881 0.227374 0.973785
vn -0.00309283 0.157601 0.987498
vn 0.00919814 0.157409 0.987491
vn 0.00680873 0.233961 0.972222
vn -0.00551663 0.363151 0.931714
vn -0.00657881 0.227374 0.973785
vn 0.00680873 0.233961 0.972222
vn 0.0110052 0.390782 0.920417
vn 0.00252933 0.494115 0.869393
vn -0.00551663 0.363151 0.931714
vn 0.0110052 0.390782 0.920417
vn 0.0190128 0.531853 0.846623
vn 0.0190128 0.531853 0.846623
vn 0.0110052 0.390782 0.920417
vn 0.0305614 0.416191 0.908763
vn 0.0370267 0.556915 0.829743
vn 0.0110052 0.390782 0.920417
vn 0.00680873 0.233961 0.972222
vn 0.0235634 0.247746 0.968538
vn 0.0305614 0.416191 0.908763
vn 0.00680873 0.233961 0.972222
vn 0.00919814 0.157409 0.987491
vn 0.0262877 0.160407 0.986701
vn 0.0235634 0.247746 0.968538
vn 0.00919814 0.157409 0.987491
vn 0.0105493 -0.00201475 0.999942
vn 0.0289835 0.00815527 0.999547
vn 0.0262877 0.160407 0.986701
vn 0.0105493 -0.00201475 0.999942
vn 0.00291158 -0.146938 0.989141
vn 0.0301805 -0.12743 0.991388
vn 0.0289835 0.00815527 0.999547
vn 0.00291158 -0.146938 0.989141
vn -0.00435804 -0.25797 0.966143
vn 0.0337713 -0.258835 0.965331
vn 0.0301805 -0.12743 0.991388
vn -0.00435804 -0.25797 0.966143
vn 0.00694338 -0.416553 0.909085
vn 0.0432641 -0.433374 0.900175
vn 0.0337713 -0.258835 0.965331
vn 0.00694338 -0.416553 0.909085
vn 0.0196378 -0.526015 0.850249
vn 0.0620293 -0.663304 0.745775
vn 0.0432641 -0.433374 0.900175
vn 0.0214159 -0.907527 0.419448
vn 0.020877 -0.93475 0.354692
vn 0.0500821 -0.917312 0.395007
vn 0.052927 -0.884173 0.464152
vn 0.020877 -0.93475 0.354692
vn 0.0198616 -0.973293 0.228706
vn 0.0449095 -0.965163 0.257765
vn 0.0500821 -0.917312 0.395007
vn 0.0198616 -0.973293 0.228706
vn 0.0192844 -0.993525 0.111966
vn 0.0419672 -0.991009 0.127039
vn 0.0449095 -0.965163 0.257765
vn 0.0192844 -0.993525 0.111966
vn 0.0191788 -0.999816 -0.000408714
vn 0.0415682 -0.999128 -0.00404542
vn 0.0419672 -0.991009 0.127039
vn 0.0720915 0.997376 0.00668451
vn 0.0730018 0.95916 0.27328
vn 0.0713603 0.949227 0.306391
vn 0.0707701 0.997484 -0.00405538
vn 0.029469 0.525916 0.850026
vn 0.0190128 0.531853 0.846623
vn 0.0370267 0.556915 0.829743
vn 0.042008 0.562014 0.826061
vn 0.042008 0.562014 0.826061
vn 0.0370267 0.556916 0.829743
vn 0.0541645 0.574588 0.816649
vn 0.0565168 0.564278 0.823648
vn 0.0707701 0.997484 -0.00405538
vn 0.0713603 0.949227 0.306391
vn 0.0644184 0.931374 0.35832
vn 0.0631128 0.997828 -0.0188603
vn 0.0419672 -0.991009 0.127039
vn 0.0415682 -0.999128 -0.00404542
vn 0.0799856 -0.996782 -0.00529779
vn 0.0802878 -0.983896 0.159696
vn 0.0449095 -0.965163 0.257765
vn 0.0419672 -0.991009 0.127039
vn 0.0802878 -0.983896 0.159696
vn 0.0834953 -0.944062 0.319021
vn 0.0500821 -0.917312 0.395007
vn 0.0449095 -0.965163 0.257765
vn 0.0834953 -0.944062 0.319021
vn 0.0889811 -0.872228 0.480938
vn 0.0536407 -0.736738 0.674048
vn 0.0500821 -0.917312 0.395007
vn 0.0889811 -0.872228 0.480938
vn 0.0868773 -0.741732 0.665046
vn 0.0432641 -0.433374 0.900175
vn 0.0620293 -0.663304 0.745775
vn 0.0905593 -0.681894 0.725823
vn 0.0894634 -0.450648 0.888207
vn 0.0337713 -0.258835 0.965331
vn 0.0432641 -0.433374 0.900175
vn 0.0894634 -0.450648 0.888207
vn 0.0857411 -0.315642 0.944997
vn 0.0301805 -0.12743 0.991388
vn 0.0337713 -0.258835 0.965331
vn 0.0857411 -0.315642 0.944997
vn 0.0710639 -0.155787 0.985231
vn 0.0289835 0.00815527 0.999547
vn 0.0301805 -0.12743 0.991388
vn 0.0710639 -0.155787 0.985231
vn 0.0578428 0.000625163 0.998326
vn 0.0262877 0.160407 0.986701
vn 0.0289835 0.00815527 0.999547
vn 0.0578428 0.000625163 0.998326
vn 0.0480584 0.158586 0.986175
vn 0.0235634 0.247746 0.968538
vn 0.0262877 0.160407 0.986701
vn 0.0480584 0.158586 0.986175
vn 0.040778 0.27245 0.961305
vn 0.0305614 0.416191 0.908763
vn 0.0235634 0.247746 0.968538
vn 0.040778 0.27245 0.961305
vn 0.0462881 0.450695 0.891477
vn 0.0370267 0.556916 0.829743
vn 0.0305614 0.416191 0.908764
vn 0.0462881 0.450695 0.891477
vn 0.0541645 0.574588 0.816649
vn 0.0541645 0.574588 0.816649
vn 0.0462882 0.450695 0.891477
vn 0.0694046 0.474461 0.877536
vn 0.0638741 0.574213 0.81621
vn 0.0462881 0.450695 0.891477
vn 0.040778 0.27245 0.961305
vn 0.0755265 0.30032 0.950844
vn 0.0694046 0.474461 0.877536
vn 0.040778 0.27245 0.961305
vn 0.0480584 0.158586 0.986175
vn 0.0885724 0.151642 0.984459
vn 0.0755265 0.30032 0.950844
vn 0.0480584 0.158586 0.986175
vn 0.0578428 0.000625163 0.998326
vn 0.103006 -0.00581222 0.994664
vn 0.0885724 0.151642 0.984459
vn 0.0578428 0.000625163 0.998326
vn 0.0710639 -0.155787 0.985231
vn 0.115546 -0.167278 0.979115
vn 0.103006 -0.00581222 0.994664
vn 0.0710639 -0.155787 0.985231
vn 0.0857411 -0.315642 0.944997
vn 0.124474 -0.33262 0.93481
vn 0.115546 -0.167278 0.979115
vn 0.0857411 -0.315642 0.944997
vn 0.0894634 -0.450648 0.888207
vn 0.131849 -0.445654 0.885442
vn 0.124474 -0.33262 0.93481
vn 0.0894634 -0.450648 0.888207
vn 0.0925093 -0.609303 0.787522
vn 0.142725 -0.622128 0.769797
vn 0.131849 -0.445654 0.885442
vn 0.0905593 -0.681894 0.725823
vn 0.0889811 -0.872228 0.480938
vn 0.143258 -0.814021 0.562891
vn 0.142725 -0.622128 0.769797
vn 0.0889811 -0.872228 0.480938
vn 0.0834953 -0.944062 0.319021
vn 0.137861 -0.91337 0.383078
vn 0.143258 -0.814021 0.562891
vn 0.0834953 -0.944062 0.319021
vn 0.0802878 -0.983896 0.159696
vn 0.134426 -0.971408 0.195695
vn 0.137861 -0.91337 0.383078
vn 0.0802878 -0.983896 0.159696
vn 0.0799856 -0.996782 -0.00529779
vn 0.134454 -0.990903 -0.00578212
vn 0.134426 -0.971408 0.195695
vn 0.0658791 0.995 0.0750699
vn 0.0644184 0.931374 0.35832
vn 0.0481197 0.909895 0.412039
vn 0.0454311 0.959937 0.27651
vn 0.0565168 0.564278 0.823648
vn 0.0541645 0.574588 0.816649
vn 0.0638741 0.574213 0.81621
vn 0.0613558 0.537901 0.840773
vn 0.0613558 0.537901 0.840773
vn 0.0638741 0.574213 0.81621
vn 0.0570904 0.575945 0.815492
vn 0.0635268 0.518602 0.852653
vn 0.0454311 0.959937 0.27651
vn 0.0481197 0.909895 0.412039
vn 0.0538749 0.888757 0.455201
vn 0.0510236 0.944001 0.325975
vn 0.134426 -0.971408 0.195695
vn 0.134454 -0.990903 -0.00578212
vn 0.239178 -0.970956 -0.00618246
vn 0.236275 -0.944275 0.22917
vn 0.137861 -0.91337 0.383078
vn 0.134426 -0.971408 0.195695
vn 0.236275 -0.944275 0.22917
vn 0.232006 -0.868102 0.438831
vn 0.143258 -0.814021 0.562892
vn 0.137861 -0.91337 0.383078
vn 0.232006 -0.868102 0.438831
vn 0.226779 -0.75172 0.619264
vn 0.142725 -0.622128 0.769797
vn 0.143258 -0.814021 0.562892
vn 0.226779 -0.75172 0.619264
vn 0.215075 -0.587967 0.779768
vn 0.131849 -0.445654 0.885442
vn 0.142725 -0.622128 0.769797
vn 0.215075 -0.587967 0.779768
vn 0.19426 -0.433133 0.880147
vn 0.124474 -0.33262 0.93481
vn 0.131849 -0.445654 0.885442
vn 0.19426 -0.433133 0.880147
vn 0.176665 -0.303416 0.936338
vn 0.115546 -0.167278 0.979115
vn 0.124474 -0.33262 0.93481
vn 0.176665 -0.303416 0.936338
vn 0.1608 -0.151688 0.975261
vn 0.103006 -0.00581222 0.994664
vn 0.115546 -0.167278 0.979115
vn 0.1608 -0.151688 0.975261
vn 0.142931 -0.00455006 0.989722
vn 0.0885724 0.151642 0.984459
vn 0.103006 -0.00581222 0.994664
vn 0.142931 -0.00455006 0.989722
vn 0.121818 0.147216 0.981574
vn 0.0755265 0.30032 0.950844
vn 0.0885725 0.151642 0.984459
vn 0.121818 0.147216 0.981574
vn 0.100849 0.305908 0.946705
vn 0.0694046 0.474461 0.877536
vn 0.0755265 0.30032 0.950844
vn 0.100849 0.305908 0.946705
vn 0.0790823 0.461953 0.883372
vn 0.0638741 0.574213 0.81621
vn 0.0694046 0.474461 0.877536
vn 0.0790823 0.461953 0.883372
vn 0.0570904 0.575945 0.815492
vn 0.0570904 0.575945 0.815492
vn 0.0790823 0.461953 0.883372
vn 0.0666074 0.437772 0.896615
vn 0.0370192 0.605749 0.794794
vn 0.0790823 0.461953 0.883372
vn 0.100849 0.305908 0.946705
vn 0.090308 0.290581 0.952579
vn 0.0666074 0.437772 0.896615
vn 0.100849 0.305908 0.946705
vn 0.121818 0.147216 0.981574
vn 0.211357 0.140647 0.967237
vn 0.090308 0.290581 0.952579
vn 0.121818 0.147216 0.981574
vn 0.142931 -0.00455006 0.989722
vn 0.254738 -0.00557089 0.966994
vn 0.211357 0.140647 0.967237
vn 0.142931 -0.00455005 0.989722
vn 0.1608 -0.151688 0.975261
vn 0.19741 -0.138658 0.970465
vn 0.254738 -0.00557089 0.966994
vn 0.1608 -0.151688 0.975261
vn 0.176665 -0.303416 0.936338
vn 0.185726 -0.259295 0.947772
vn 0.19741 -0.138658 0.970465
vn 0.176665 -0.303416 0.936338
vn 0.19426 -0.433133 0.880147
vn 0.165448 -0.392496 0.904751
vn 0.185726 -0.259295 0.947772
vn 0.19426 -0.433133 0.880147
vn 0.215075 -0.587967 0.779768
vn 0.17553 -0.559285 0.810179
vn 0.165448 -0.392496 0.904751
vn 0.215075 -0.587967 0.779767
vn 0.226779 -0.75172 0.619264
vn 0.203882 -0.717078 0.666506
vn 0.17553 -0.559285 0.810179
vn 0.226779 -0.75172 0.619264
vn 0.232006 -0.868102 0.438831
vn 0.237522 -0.845356 0.478494
vn 0.203882 -0.717078 0.666506
vn 0.232006 -0.868102 0.438831
vn 0.236275 -0.944275 0.22917
vn 0.261298 -0.931364 0.253543
vn 0.237522 -0.845356 0.478494
vn 0.236275 -0.944275 0.22917
vn 0.239178 -0.970956 -0.00618246
vn 0.269821 -0.962903 -0.00382489
vn 0.261298 -0.931364 0.253543
vn 0.0510236 0.944001 0.325975
vn 0.0538749 0.888757 0.455201
vn 0.0391306 0.868043 0.494944
vn 0.0357794 0.924455 0.379609
vn 0.0635268 0.518602 0.852653
vn 0.0570904 0.575945 0.815492
vn 0.0370192 0.605749 0.794794
vn 0.0402622 0.520863 0.85269
vn 0.261298 -0.931364 0.253543
vn 0.269821 -0.962903 -0.00382489
vn 0.231849 -0.972743 -0.00403992
vn 0.220431 -0.939465 0.262328
vn 0.237522 -0.845356 0.478494
vn 0.261298 -0.931364 0.253543
vn 0.220431 -0.939465 0.262328
vn 0.186401 -0.850216 0.492328
vn 0.203882 -0.717078 0.666506
vn 0.237522 -0.845356 0.478494
vn 0.186401 -0.850216 0.492328
vn 0.137425 -0.712024 0.688575
vn 0.17553 -0.559285 0.810179
vn 0.203882 -0.717078 0.666506
vn 0.137425 -0.712024 0.688575
vn 0.102668 -0.540372 0.835139
vn 0.165448 -0.392496 0.904751
vn 0.17553 -0.559285 0.810179
vn 0.102668 -0.540372 0.835139
vn 0.106168 -0.353533 0.929377
vn 0.254738 -0.00557089 0.966994
vn 0.19741 -0.138658 0.970465
vn 0.214265 -0.132691 0.967721
vn 0.349484 -0.00675248 0.936918
vn -0.00560731 0.236437 0.971631
vn -0.00288174 0.214016 0.976826
vn -0.00494227 0.156748 0.987626
vn 0.00127195 0.170883 0.98529
vn -0.00424015 0.319826 0.947467
vn 0.00582858 0.275949 0.961155
vn -0.00288174 0.214016 0.976826
vn -0.00560731 0.236437 0.971631
vn 0.00441519 0.435679 0.900091
vn 0.0220237 0.374072 0.927138
vn 0.00582858 0.275949 0.961155
vn -0.00424015 0.319826 0.947467
vn 0.0238686 0.4252 0.904785
vn 0.0425333 0.391306 0.919277
vn 0.0220237 0.374072 0.927138
vn 0.00441519 0.435679 0.900091
vn -0.00498402 -0.999988 0.000245216
vn -0.00236372 -0.999989 -0.00415978
vn -0.00479334 -0.992237 0.124269
vn -0.00693863 -0.987888 0.155015
vn -0.00236372 -0.999989 -0.00415978
vn -0.00188791 -0.999988 -0.00461656
vn -0.00316605 -0.994582 0.103906
vn -0.00479334 -0.992237 0.124269
vn -0.00693864 -0.987888 0.155015
vn -0.00479334 -0.992237 0.124269
vn -0.0121831 -0.972716 0.231681
vn -0.0121302 -0.959761 0.280556
vn -0.00479334 -0.992237 0.124269
vn -0.00316605 -0.994582 0.103906
vn -0.00744363 -0.977056 0.212854
vn -0.0121831 -0.972716 0.231681
vn -0.0121302 -0.959761 0.280556
vn -0.0121831 -0.972716 0.231681
vn -0.0146886 -0.916496 0.399775
vn -0.0181392 -0.90845 0.4176
vn -0.0121831 -0.972716 0.231681
vn -0.00744363 -0.977056 0.212854
vn -0.0089542 -0.913599 0.406519
vn -0.0146886 -0.916496 0.399775
vn -0.0181392 -0.90845 0.4176
vn -0.0146886 -0.916496 0.399775
vn -0.00869476 -0.768775 0.63946
vn -0.0262693 -0.740742 0.671276
vn -0.0146886 -0.916496 0.399775
vn -0.0089542 -0.913599 0.406519
vn -0.00539248 -0.696561 0.717478
vn -0.00618023 -0.70721 0.706976
vn -0.0262693 -0.740742 0.671276
vn -0.00618023 -0.70721 0.706976
vn 0.00483827 -0.509394 0.86052
vn -0.0256438 -0.552872 0.832872
vn -0.00353043 -0.640966 0.767561
vn -0.00539248 -0.696561 0.717478
vn -0.00171974 -0.505006 0.863114
vn 0.00483827 -0.509394 0.86052
vn -0.0256438 -0.552872 0.832872
vn 0.00483827 -0.509394 0.86052
vn 0.00827403 -0.415376 0.909612
vn -0.0253874 -0.43165 0.901684
vn 0.00483827 -0.509394 0.86052
vn -0.00171974 -0.505006 0.863114
vn -0.00174783 -0.407445 0.913228
vn 0.00827403 -0.415376 0.909612
vn -0.0253874 -0.43165 0.901684
vn 0.00827403 -0.415376 0.909612
vn 0.00526028 -0.214208 0.976774
vn -0.0358852 -0.223915 0.973948
vn 0.00827403 -0.415376 0.909612
vn -0.00174783 -0.407445 0.913228
vn -0.0037863 -0.209497 0.977802
vn 0.00526028 -0.214208 0.976774
vn -0.0358852 -0.223915 0.973948
vn 0.00526028 -0.214208 0.976774
vn -0.00542551 -0.0513178 0.998668
vn -0.0557263 0.00972229 0.998399
vn 0.00526028 -0.214208 0.976774
vn -0.0037863 -0.209497 0.977802
vn -0.00474378 -0.0292168 0.999562
vn -0.00542551 -0.0513178 0.998668
vn -0.0557263 0.00972229 0.998399
vn -0.00542551 -0.0513178 0.998668
vn -0.0366385 0.209236 0.977179
vn -0.084721 0.290339 0.953166
vn -0.00542551 -0.0513178 0.998668
vn -0.00474378 -0.0292168 0.999562
vn -0.013553 0.164068 0.986356
vn -0.0366385 0.209236 0.977179
vn -0.0227511 0.210195 0.977395
vn -0.078968 0.348567 0.933951
vn -0.0366385 0.209236 0.977179
vn -0.013553 0.164068 0.986356
vn -0.078968 0.348567 0.933951
vn -0.107785 0.430978 0.895902
vn -0.084721 0.290339 0.953166
vn -0.0366385 0.209236 0.977179
vn 0.0353419 0.380107 0.924267
vn 0.0238686 0.4252 0.904785
vn 0.0168487 0.474479 0.880106
vn 0.0268246 0.420199 0.907035
vn 0.0268246 0.420199 0.907035
vn 0.0168487 0.474479 0.880106
vn 0.029469 0.525916 0.850026
vn 0.0367767 0.462333 0.885943
vn 0.0367767 0.462333 0.885943
vn 0.029469 0.525916 0.850026
vn 0.042008 0.562014 0.826061
vn 0.0439073 0.491184 0.869949
vn 0.0439073 0.491184 0.869949
vn 0.042008 0.562014 0.826061
vn 0.0565168 0.564278 0.823648
vn 0.0524785 0.487237 0.871692
vn 0.0524785 0.487237 0.871692
vn 0.0565168 0.564278 0.823648
vn 0.0613558 0.537901 0.840773
vn 0.0584419 0.451713 0.890247
vn 0.0584419 0.451713 0.890247
vn 0.0613558 0.537901 0.840773
vn 0.0635268 0.518602 0.852653
vn 0.0724514 0.39875 0.914193
vn 0.0724514 0.39875 0.914193
vn 0.0635268 0.518602 0.852653
vn 0.0402622 0.520863 0.85269
vn 0.0586944 0.331764 0.941535
vn -0.00474378 -0.0292168 0.999562
vn -0.0122314 -0.0111985 0.999862
vn -0.00880475 0.133812 0.990968
vn -0.013553 0.164068 0.986356
vn -0.0122314 -0.0111985 0.999862
vn -0.00134645 -0.0140292 0.999901
vn -0.00494227 0.156748 0.987626
vn -0.00880475 0.133812 0.990968
vn -0.0037863 -0.209497 0.977802
vn -0.01269 -0.209411 0.977745
vn -0.0122314 -0.0111985 0.999862
vn -0.00474378 -0.0292168 0.999562
vn -0.01269 -0.209411 0.977745
vn 0.00171087 -0.208366 0.978049
vn -0.00134645 -0.0140292 0.999901
vn -0.0122314 -0.0111985 0.999862
vn -0.00174783 -0.407445 0.913228
vn -0.011586 -0.407308 0.913218
vn -0.01269 -0.209411 0.977745
vn -0.0037863 -0.209497 0.977802
vn -0.011586 -0.407308 0.913218
vn 0.00371453 -0.405532 0.914073
vn 0.00171087 -0.208366 0.978049
vn -0.01269 -0.209411 0.977745
vn -0.00171974 -0.505006 0.863114
vn -0.0122486 -0.496424 0.867994
vn -0.011586 -0.407308 0.913218
vn -0.00174783 -0.407445 0.913228
vn -0.0122486 -0.496424 0.867994
vn 0.000136701 -0.475832 0.879536
vn 0.00371453 -0.405532 0.914073
vn -0.011586 -0.407308 0.913218
vn -0.00539248 -0.696561 0.717478
vn -0.0107289 -0.623322 0.781891
vn -0.0122486 -0.496424 0.867994
vn -0.00171974 -0.505006 0.863114
vn -0.0107289 -0.623322 0.781891
vn -0.00417281 -0.454001 0.890992
vn 0.000136701 -0.475832 0.879536
vn -0.0122486 -0.496424 0.867994
vn -0.0089542 -0.913599 0.406519
vn -0.00882397 -0.927852 0.372843
vn -0.0134756 -0.715033 0.69896
vn -0.00539248 -0.696561 0.717478
vn -0.00882397 -0.927852 0.372843
vn -0.000304369 -0.942717 0.333594
vn -0.00371934 -0.918422 0.395585
vn -0.0123797 -0.881084 0.472797
vn -0.00744363 -0.977056 0.212854
vn -0.00494109 -0.977055 0.212931
vn -0.00882397 -0.927852 0.372843
vn -0.0089542 -0.913599 0.406519
vn -0.00494109 -0.977055 0.212931
vn 0.00299782 -0.976821 0.214036
vn -0.000304369 -0.942717 0.333594
vn -0.00882397 -0.927852 0.372843
vn -0.00316605 -0.994582 0.103906
vn -0.0045825 -0.994573 0.10394
vn -0.00494109 -0.977055 0.212931
vn -0.00744363 -0.977056 0.212854
vn -0.0045825 -0.994573 0.10394
vn 0.0028417 -0.994521 0.104497
vn 0.00299782 -0.976821 0.214036
vn -0.00494109 -0.977055 0.212931
vn -0.00188791 -0.999988 -0.00461656
vn -0.00446684 -0.99999 -0.000152576
vn -0.0045825 -0.994573 0.10394
vn -0.00316605 -0.994582 0.103906
vn -0.00446684 -0.99999 -0.000152576
vn 0.00283698 -0.999996 -0.00029313
vn 0.0028417 -0.994521 0.104497
vn -0.0045825 -0.994573 0.10394
vn -0.00288174 0.214016 0.976826
vn 0.00100818 0.172434 0.985021
vn -0.00880475 0.133812 0.990968
vn -0.00494227 0.156748 0.987626
vn 0.00100818 0.172434 0.985021
vn -0.0227511 0.210195 0.977395
vn -0.013553 0.164068 0.986356
vn -0.00880475 0.133812 0.990968
vn 0.00582858 0.275949 0.961155
vn 0.0120607 0.251832 0.967696
vn 0.00100818 0.172434 0.985021
vn -0.00288174 0.214016 0.976826
vn 0.0120607 0.251832 0.967696
vn 0.00400935 0.203203 0.979128
vn -0.0227511 0.210195 0.977395
vn 0.00100818 0.172434 0.985021
vn 0.0220237 0.374072 0.927138
vn 0.016407 0.348666 0.937103
vn 0.0120607 0.251832 0.967696
vn 0.00582858 0.275949 0.961155
vn -0.357763 0.864083 0.35407
vn -0.322509 0.789363 0.522393
vn -0.283518 0.765903 0.57707
vn -0.346196 0.863089 0.367729
vn -0.366502 0.917856 0.15237
vn -0.357763 0.864083 0.35407
vn -0.346196 0.863089 0.367729
vn -0.356449 0.922927 0.145428
vn -0.363904 0.930467 0.0424919
vn -0.366502 0.917856 0.15237
vn -0.356449 0.922927 0.145428
vn -0.348231 0.937322 0.0127173
vn 0.0464035 0.971387 0.232923
vn 0.0494146 0.998778 9.33175e-005
vn 0.0158779 0.999871 -0.00224578
vn 0.0119558 0.974949 0.222107
vn 0.0238686 0.4252 0.904785
vn 0.0353419 0.380107 0.924267
vn 0.0490304 0.364675 0.929843
vn 0.0425333 0.391306 0.919277
vn -0.322509 0.789363 0.522393
vn -0.299988 0.725084 0.619887
vn -0.256671 0.733947 0.628842
vn -0.283518 0.765903 0.57707
vn 0.0464035 0.971387 0.232923
vn 0.0443538 0.933048 0.357007
vn 0.0791662 0.901081 0.426364
vn 0.0771243 0.964638 0.252044
vn 0.0443538 0.933048 0.357007
vn 0.0447897 0.885871 0.461764
vn 0.0690256 0.751497 0.656115
vn 0.0791662 0.901081 0.426364
vn 0.0771243 0.964638 0.252044
vn 0.0791662 0.901081 0.426364
vn 0.0749421 0.870629 0.486199
vn 0.0730018 0.95916 0.27328
vn 0.0791662 0.901081 0.426364
vn 0.0623802 0.691363 0.71981
vn 0.0627469 0.682899 0.727813
vn 0.0749421 0.870629 0.486199
vn 0.0730018 0.95916 0.27328
vn 0.0749421 0.870629 0.486199
vn 0.0715204 0.837979 0.540995
vn 0.0713603 0.949227 0.306391
vn 0.0749421 0.870629 0.486199
vn 0.0627469 0.682899 0.727813
vn 0.0620496 0.668645 0.740988
vn 0.0715204 0.837979 0.540995
vn 0.0713603 0.949227 0.306391
vn 0.0715204 0.837979 0.540995
vn 0.0627465 0.805439 0.589348
vn 0.0644184 0.931374 0.35832
vn 0.0715204 0.837979 0.540995
vn 0.0620496 0.668645 0.740988
vn 0.0574599 0.651821 0.756193
vn 0.0627465 0.805439 0.589348
vn 0.0644184 0.931374 0.35832
vn 0.0627465 0.805439 0.589348
vn 0.0518177 0.776906 0.627481
vn 0.0481197 0.909895 0.412039
vn 0.0627465 0.805439 0.589348
vn 0.0574599 0.651821 0.756193
vn 0.0538404 0.630603 0.774236
vn 0.0518177 0.776906 0.627481
vn 0.0481197 0.909895 0.412039
vn 0.0518177 0.776906 0.627481
vn 0.0585959 0.7499 0.658952
vn 0.0538749 0.888757 0.455201
vn 0.0518177 0.776906 0.627481
vn 0.0538404 0.630603 0.774236
vn 0.0607696 0.615673 0.785655
vn 0.0585959 0.7499 0.658952
vn 0.0538749 0.888757 0.455201
vn 0.0585959 0.7499 0.658952
vn 0.0459755 0.729807 0.682106
vn 0.0391306 0.868043 0.494944
vn 0.0585959 0.7499 0.658952
vn 0.0607696 0.615673 0.785655
vn 0.0498505 0.618453 0.784239
vn 0.0459755 0.729807 0.682106
vn 0.0447897 0.885871 0.461764
vn 0.0443538 0.933048 0.357007
vn 0.00379487 0.947576 0.319508
vn 0.00217749 0.91232 0.409473
vn 0.0443538 0.933048 0.357007
vn 0.0464035 0.971387 0.232923
vn 0.0119558 0.974949 0.222107
vn 0.00379487 0.947576 0.319508
vn 0.019298 0.456405 0.889563
vn 0.0265039 0.405522 0.913701
vn 0.0368529 0.448573 0.892986
vn 0.0529711 0.624852 0.778944
vn 0.0265039 0.405522 0.913701
vn 0.0353419 0.380107 0.924267
vn 0.0268246 0.420199 0.907035
vn 0.0368529 0.448573 0.892986
vn 0.0623802 0.691363 0.71981
vn 0.0368529 0.448573 0.892986
vn 0.045315 0.475926 0.878317
vn 0.0627469 0.682899 0.727813
vn 0.0368529 0.448573 0.892986
vn 0.0268246 0.420199 0.907035
vn 0.0367767 0.462333 0.885943
vn 0.045315 0.475926 0.878317
vn 0.0627469 0.682899 0.727813
vn 0.045315 0.475926 0.878317
vn 0.0479443 0.48297 0.874323
vn 0.0620496 0.668645 0.740988
vn 0.045315 0.475926 0.878317
vn 0.0367767 0.462333 0.885943
vn 0.0439073 0.491184 0.869949
vn 0.0479443 0.48297 0.874323
vn 0.0620496 0.668645 0.740988
vn 0.0479443 0.48297 0.874323
vn 0.0498702 0.486617 0.872191
vn 0.0574599 0.651821 0.756193
vn 0.0479443 0.48297 0.874323
vn 0.0439073 0.491184 0.869949
vn 0.0524785 0.487237 0.871692
vn 0.0498702 0.486617 0.872191
vn 0.0574599 0.651822 0.756192
vn 0.0498702 0.486617 0.872191
vn 0.0540432 0.478528 0.876408
vn 0.0538404 0.630603 0.774236
vn 0.0498702 0.486617 0.872191
vn 0.0524785 0.487237 0.871692
vn 0.0584419 0.451713 0.890247
vn 0.0540432 0.478528 0.876408
vn 0.0538404 0.630603 0.774236
vn 0.0540432 0.478528 0.876408
vn 0.0637739 0.468505 0.881156
vn 0.0607696 0.615673 0.785655
vn 0.0540432 0.478528 0.876408
vn 0.0584419 0.451713 0.890247
vn 0.0724514 0.39875 0.914193
vn 0.0637739 0.468505 0.881156
vn 0.0607696 0.615673 0.785655
vn 0.0637739 0.468505 0.881156
vn 0.0545935 0.464279 0.884005
vn 0.0498505 0.618453 0.784239
vn 0.0637739 0.468505 0.881156
vn 0.0724514 0.39875 0.914193
vn 0.0586944 0.331764 0.941535
vn 0.0545935 0.464279 0.884005
vn 0.0353419 0.380107 0.924267
vn 0.0265039 0.405522 0.913701
vn 0.0199129 0.387991 0.921448
vn 0.0490304 0.364675 0.929843
vn 0.0265039 0.405522 0.913701
vn 0.019298 0.456405 0.889563
vn -0.00141137 0.429275 0.903173
vn 0.0199129 0.387991 0.921448
vn -0.084721 0.290339 0.953166
vn -0.107785 0.430978 0.895902
vn -0.170871 0.455949 0.87345
vn -0.165177 0.323063 0.931851
vn -0.0915466 0.243961 0.965454
vn -0.0643557 0.208788 0.975841
vn 0.00400935 0.203203 0.979128
vn -0.0643557 0.208788 0.975841
vn -0.0227511 0.210195 0.977395
vn 0.00400935 0.203203 0.979128
vn -0.0227511 0.210195 0.977395
vn -0.0643557 0.208788 0.975841
vn -0.125099 0.342591 0.931119
vn -0.078968 0.348567 0.933951
vn -0.0643557 0.208788 0.975841
vn -0.0915466 0.243961 0.965454
vn -0.150216 0.392405 0.907443
vn -0.125099 0.342591 0.931119
vn -0.078968 0.348567 0.933951
vn -0.125099 0.342591 0.931119
vn -0.130088 0.434765 0.891099
vn -0.107785 0.430978 0.895902
vn -0.125099 0.342591 0.931119
vn -0.150216 0.392405 0.907443
vn -0.128206 0.511843 0.849459
vn -0.130088 0.434765 0.891099
vn -0.107785 0.430978 0.895902
vn -0.130088 0.434765 0.891099
vn -0.209154 0.592608 0.777863
vn -0.170871 0.455949 0.87345
vn -0.256671 0.733947 0.628842
vn -0.209154 0.592608 0.777863
vn -0.212373 0.608895 0.764293
vn -0.209154 0.592608 0.777863
vn -0.130088 0.434765 0.891099
vn -0.143489 0.365644 0.919628
vn -0.212373 0.608895 0.764293
vn -0.133957 0.429784 0.892939
vn -0.143489 0.365644 0.919628
vn -0.130088 0.434765 0.891099
vn -0.128206 0.511843 0.849459
vn -0.133957 0.429784 0.892939
vn -0.130088 0.434765 0.891099
vn -0.125777 0.540047 -0.832183
vn -0.144133 0.44102 -0.885848
vn -0.133957 0.429784 -0.892939
vn -0.133957 0.429784 -0.892939
vn -0.144133 0.44102 -0.885848
vn -0.190807 0.299133 -0.93494
vn -0.194414 0.425591 -0.883785
vn -0.234193 0.285541 -0.929312
vn -0.190807 0.299133 -0.93494
vn -0.144133 0.44102 -0.885848
vn -0.253374 0.696561 -0.671271
vn -0.272609 0.763532 -0.585409
vn -0.224065 0.640998 -0.734109
vn -0.103235 0.449272 -0.88741
vn -0.169941 0.466373 -0.868111
vn -0.229199 0.576482 -0.784307
vn -0.144133 0.44102 -0.885848
vn -0.116206 0.435705 -0.892557
vn -0.144133 0.44102 -0.885848
vn -0.125777 0.540047 -0.832183
vn -0.141622 0.488349 -0.86108
vn -0.0654381 0.361007 -0.930264
vn -0.103235 0.449272 -0.88741
vn -0.144133 0.44102 -0.885848
vn -0.116206 0.435705 -0.892557
vn -0.0591852 0.268775 -0.961383
vn -0.116206 0.435705 -0.892557
vn -0.141622 0.488349 -0.86108
vn -0.0863754 0.314929 -0.945177
vn -0.0170722 0.213942 -0.976697
vn -0.0654381 0.361007 -0.930264
vn -0.116206 0.435705 -0.892556
vn -0.0591852 0.268775 -0.961383
vn -0.0591852 0.268775 -0.961383
vn 0.00179751 0.207789 -0.978172
vn -0.0170722 0.213942 -0.976697
vn -0.0863754 0.314929 -0.945177
vn 0.00179751 0.207789 -0.978172
vn -0.0591852 0.268775 -0.961383
vn -0.0892226 0.314853 -0.944937
vn -0.163194 0.350347 -0.922293
vn -0.169941 0.466373 -0.868111
vn -0.103235 0.449272 -0.88741
vn 0.0403157 0.433576 -0.900215
vn 0.0383022 0.392159 -0.9191
vn 0.02602 0.433564 -0.900747
vn 0.0534031 0.614179 -0.787358
vn 0.0388437 0.398308 -0.916429
vn 0.0497008 0.365504 -0.929482
vn 0.0383022 0.392159 -0.9191
vn 0.0403157 0.433576 -0.900215
vn 0.0638554 0.464682 -0.883172
vn 0.0548376 0.462796 -0.884767
vn 0.0568899 0.296831 -0.953234
vn 0.0700866 0.357962 -0.931102
vn 0.0601405 0.615379 -0.785934
vn 0.0498996 0.623693 -0.780075
vn 0.0548376 0.462796 -0.884767
vn 0.0638554 0.464682 -0.883172
vn 0.0533617 0.471564 -0.880216
vn 0.0638554 0.464682 -0.883172
vn 0.0700866 0.357962 -0.931102
vn 0.0559069 0.430913 -0.90066
vn 0.0523727 0.618263 -0.784225
vn 0.0601405 0.615379 -0.785934
vn 0.0638554 0.464682 -0.883172
vn 0.0533617 0.471564 -0.880216
vn 0.0497343 0.484934 -0.873135
vn 0.0533617 0.471564 -0.880216
vn 0.0559069 0.430913 -0.90066
vn 0.0506107 0.472881 -0.879672
vn 0.0561554 0.641685 -0.764909
vn 0.0523727 0.618263 -0.784225
vn 0.0533617 0.471564 -0.880216
vn 0.0497343 0.484934 -0.873135
vn 0.0488465 0.488247 -0.871338
vn 0.0497343 0.484934 -0.873135
vn 0.0506107 0.472881 -0.879672
vn 0.046565 0.502619 -0.863253
vn 0.0605491 0.661428 -0.74756
vn 0.0561554 0.641685 -0.764909
vn 0.0497343 0.484934 -0.873135
vn 0.0488465 0.488247 -0.871338
vn 0.0458261 0.478161 -0.877076
vn 0.0488465 0.488247 -0.871338
vn 0.046565 0.502619 -0.863253
vn 0.0415287 0.481809 -0.875291
vn 0.0610293 0.67642 -0.733983
vn 0.0605491 0.661428 -0.74756
vn 0.0488465 0.488247 -0.871338
vn 0.0458261 0.478161 -0.877076
vn 0.0413848 0.473952 -0.879578
vn 0.0458261 0.478161 -0.877076
vn 0.0415287 0.481809 -0.875291
vn 0.0319982 0.445334 -0.894792
vn 0.0619404 0.689801 -0.721344
vn 0.0610293 0.67642 -0.733983
vn 0.0458261 0.478161 -0.877076
vn 0.0413848 0.473952 -0.879578
vn 0.0403157 0.433576 -0.900215
vn 0.0413848 0.473952 -0.879578
vn 0.0319982 0.445334 -0.894792
vn 0.0388437 0.398308 -0.916429
vn 0.0534031 0.614179 -0.787358
vn 0.0619404 0.689801 -0.721344
vn 0.0413848 0.473952 -0.879578
vn 0.0403157 0.433576 -0.900215
vn 0.0407416 0.92444 -0.379144
vn 0.0021035 0.947231 -0.320546
vn 0.00832391 0.974369 -0.224803
vn 0.044602 0.970791 -0.235744
vn 0.0385608 0.865932 -0.498673
vn -1.54672e-005 0.911853 -0.410516
vn 0.0021035 0.947231 -0.320546
vn 0.0407416 0.92444 -0.379144
vn 0.0568221 0.735613 -0.675014
vn 0.0451246 0.722294 -0.690113
vn 0.0498996 0.623693 -0.780075
vn 0.0601405 0.615379 -0.785934
vn 0.050781 0.875293 -0.48092
vn 0.0367614 0.856765 -0.514395
vn 0.0451246 0.722294 -0.690113
vn 0.0568221 0.735613 -0.675014
vn 0.0498075 0.762283 -0.645325
vn 0.0568221 0.735613 -0.675014
vn 0.0601405 0.615379 -0.785934
vn 0.0523727 0.618263 -0.784225
vn 0.0454026 0.898852 -0.435894
vn 0.050781 0.875293 -0.48092
vn 0.0568221 0.735613 -0.675014
vn 0.0498075 0.762283 -0.645325
vn 0.0603752 0.789517 -0.610751
vn 0.0498075 0.762283 -0.645325
vn 0.0523727 0.618263 -0.784225
vn 0.0561554 0.641685 -0.764909
vn 0.0608616 0.918052 -0.391761
vn 0.0454026 0.898852 -0.435894
vn 0.0498075 0.762283 -0.645325
vn 0.0603752 0.789517 -0.610751
vn 0.0671292 0.820013 -0.568394
vn 0.0603752 0.789517 -0.610751
vn 0.0561554 0.641685 -0.764909
vn 0.0605491 0.661428 -0.74756
vn 0.0695564 0.942111 -0.328007
vn 0.0608616 0.918052 -0.391761
vn 0.0603752 0.789517 -0.610751
vn 0.0671292 0.820013 -0.568394
vn 0.0699104 0.855508 -0.513049
vn 0.0671292 0.820013 -0.568394
vn 0.0605491 0.661428 -0.74756
vn 0.0610293 0.67642 -0.733983
vn 0.0720204 0.955455 -0.286213
vn 0.0695564 0.942111 -0.328007
vn 0.0671291 0.820014 -0.568394
vn 0.0699104 0.855508 -0.513049
vn 0.0744678 0.885573 -0.458493
vn 0.0699104 0.855508 -0.513049
vn 0.0610293 0.67642 -0.733983
vn 0.0619404 0.689801 -0.721344
vn 0.0764162 0.962339 -0.260891
vn 0.0720204 0.955455 -0.286213
vn 0.0699104 0.855508 -0.513049
vn 0.0744678 0.885573 -0.458493
vn 0.0407416 0.92444 -0.379144
vn 0.0744679 0.885573 -0.458493
vn 0.0619404 0.689801 -0.721344
vn 0.0407353 0.705645 -0.707394
vn 0.044602 0.970791 -0.235744
vn 0.0764162 0.962339 -0.260891
vn 0.0744679 0.885573 -0.458493
vn 0.0407416 0.92444 -0.379144
vn -0.32422 0.751292 -0.574841
vn -0.282873 0.685392 -0.670986
vn -0.253374 0.696561 -0.671271
vn -0.29797 0.698028 -0.65113
vn 0.0257179 0.445609 -0.894858
vn 0.0392063 0.392771 -0.9188
vn 0.0497008 0.365504 -0.929482
vn 0.0388437 0.398308 -0.916429
vn 0.044602 0.970791 -0.235744
vn 0.00832391 0.974369 -0.224803
vn 0.0158779 0.999871 -0.00224578
vn 0.0494146 0.998778 9.33175e-005
vn -0.359507 0.932705 -0.0285549
vn -0.348231 0.937322 0.0127173
vn -0.352031 0.927037 -0.129141
vn -0.364597 0.919631 -0.146111
vn -0.364597 0.919631 -0.146111
vn -0.352031 0.927037 -0.129141
vn -0.347165 0.858593 -0.37722
vn -0.358905 0.858629 -0.365983
vn -0.358905 0.858629 -0.365983
vn -0.347165 0.858593 -0.37722
vn -0.282873 0.685392 -0.670986
vn -0.32422 0.751292 -0.574841
vn 0.0174188 0.389232 -0.920975
vn -0.000984811 0.296625 -0.954994
vn 0.00632546 0.266183 -0.963902
vn 0.0146003 0.356339 -0.934243
vn 0.00632546 0.266183 -0.963902
vn -0.00671735 0.194144 -0.98095
vn -0.0170722 0.213942 -0.976697
vn 0.00179751 0.207789 -0.978172
vn -0.000984811 0.296625 -0.954994
vn -0.00620453 0.224914 -0.974359
vn -0.00671735 0.194144 -0.98095
vn 0.00632546 0.266183 -0.963902
vn -0.00671735 0.194144 -0.98095
vn -0.0103624 0.139031 -0.990234
vn -0.00462808 0.13028 -0.991466
vn -0.0170722 0.213942 -0.976697
vn -0.00620453 0.224914 -0.974359
vn -0.00714671 0.166037 -0.986094
vn -0.0103624 0.139031 -0.990234
vn -0.00671735 0.194144 -0.98095
vn -0.00446684 -0.99999 -0.000152576
vn -0.00457971 -0.994558 -0.104079
vn 0.00296644 -0.994448 -0.105189
vn 0.00283698 -0.999996 -0.00029313
vn -0.00188791 -0.999988 -0.00461656
vn -0.00532636 -0.993432 -0.114303
vn -0.00457971 -0.994558 -0.104079
vn -0.00446684 -0.99999 -0.000152576
vn -0.00457971 -0.994558 -0.104079
vn -0.00493432 -0.977063 -0.212894
vn 0.00324008 -0.976588 -0.215093
vn 0.00296644 -0.994448 -0.105189
vn -0.00532636 -0.993432 -0.114303
vn -0.00939594 -0.97493 -0.222315
vn -0.00493432 -0.977063 -0.212894
vn -0.00457972 -0.994558 -0.104079
vn -0.00493432 -0.977063 -0.212894
vn -0.0119115 -0.920811 -0.389828
vn -0.00367086 -0.934564 -0.355776
vn 0.00324008 -0.976588 -0.215093
vn -0.00939594 -0.97493 -0.222315
vn -0.00834382 -0.915114 -0.403109
vn -0.0119115 -0.920811 -0.389828
vn -0.00493432 -0.977063 -0.212894
vn -0.0119115 -0.920811 -0.389828
vn -0.0184653 -0.863156 -0.504599
vn -0.0107299 -0.899215 -0.437376
vn -0.00367086 -0.934564 -0.355776
vn -0.00834382 -0.915114 -0.403109
vn -0.00395112 -0.701823 -0.71234
vn -0.0152307 -0.70563 -0.708417
vn -0.0119115 -0.920811 -0.389828
vn -0.00815253 -0.631925 -0.774987
vn -0.010981 -0.500434 -0.865705
vn 0.00363801 -0.481167 -0.876621
vn 0.00236299 -0.466764 -0.884379
vn -0.00395112 -0.701823 -0.71234
vn -0.00108969 -0.507004 -0.861943
vn -0.010981 -0.500434 -0.865705
vn -0.00815253 -0.631925 -0.774987
vn -0.010981 -0.500434 -0.865705
vn -0.0115758 -0.407366 -0.913192
vn 0.00410073 -0.403825 -0.914827
vn 0.00363801 -0.481167 -0.876621
vn -0.00108969 -0.507004 -0.861943
vn -0.000795211 -0.411348 -0.911478
vn -0.0115758 -0.407366 -0.913192
vn -0.010981 -0.500434 -0.865705
vn -0.0115758 -0.407366 -0.913192
vn -0.0126855 -0.209449 -0.977737
vn 0.00191623 -0.207367 -0.978261
vn 0.00410073 -0.403825 -0.914827
vn -0.000795211 -0.411348 -0.911478
vn -0.00324525 -0.211802 -0.977307
vn -0.0126855 -0.209449 -0.977737
vn -0.0115758 -0.407366 -0.913192
vn -0.0126855 -0.209449 -0.977737
vn -0.0103841 -0.0193204 -0.999759
vn -0.00170155 -0.0125759 -0.999919
vn 0.00191623 -0.207367 -0.978261
vn -0.00324525 -0.211802 -0.977307
vn -0.00239968 -0.0392574 -0.999226
vn -0.0103841 -0.0193204 -0.999759
vn -0.0126855 -0.209449 -0.977737
vn -0.0103841 -0.0193204 -0.999759
vn -0.0103624 0.139031 -0.990234
vn -0.00714671 0.166037 -0.986094
vn -0.00170155 -0.0125759 -0.999919
vn -0.00239968 -0.0392574 -0.999226
vn -0.00462808 0.13028 -0.991466
vn -0.0103624 0.139031 -0.990234
vn -0.0103841 -0.0193204 -0.999759
vn 0.0700866 0.357962 -0.931102
vn 0.0568899 0.296831 -0.953234
vn 0.0563963 0.279156 -0.958588
vn 0.0690918 0.435156 -0.8977
vn 0.0559069 0.430913 -0.90066
vn 0.0700866 0.357962 -0.931102
vn 0.0630267 0.517408 -0.853415
vn 0.059473 0.521993 -0.850874
vn 0.0506107 0.472881 -0.879672
vn 0.0559069 0.430913 -0.90066
vn 0.059473 0.521993 -0.850874
vn 0.0556334 0.554774 -0.830139
vn 0.046565 0.502619 -0.863253
vn 0.0506107 0.472881 -0.879672
vn 0.0556334 0.554774 -0.830139
vn 0.0458683 0.575555 -0.816475
vn 0.0415287 0.481809 -0.875291
vn 0.046565 0.502619 -0.863253
vn 0.0458683 0.575555 -0.816475
vn 0.0369483 0.55053 -0.833997
vn 0.0319982 0.445334 -0.894792
vn 0.0415287 0.481809 -0.875291
vn 0.0369483 0.55053 -0.833997
vn 0.0248691 0.503833 -0.863443
vn 0.0388437 0.398308 -0.916429
vn 0.0319982 0.445334 -0.894792
vn 0.0248691 0.503833 -0.863443
vn 0.0257179 0.445609 -0.894858
vn -0.0654381 0.361007 -0.930264
vn -0.0350781 0.208005 -0.977499
vn -0.0892226 0.314853 -0.944937
vn -0.103235 0.449272 -0.88741
vn -0.0170722 0.213942 -0.976697
vn -0.00462808 0.13028 -0.991466
vn -0.0350781 0.208005 -0.977499
vn -0.0654381 0.361007 -0.930264
vn -0.0128008 -0.0198301 -0.999721
vn -0.0350781 0.208005 -0.977499
vn -0.00462808 0.13028 -0.991466
vn -0.00239968 -0.0392574 -0.999226
vn -0.0632869 0.0441043 -0.99702
vn -0.0892227 0.314853 -0.944937
vn -0.0350781 0.208005 -0.977499
vn -0.0128008 -0.0198301 -0.999721
vn 0.00636564 -0.218988 -0.975707
vn -0.0128008 -0.0198301 -0.999721
vn -0.00239968 -0.0392574 -0.999226
vn -0.00324525 -0.211802 -0.977307
vn -0.0353228 -0.226381 -0.973398
vn -0.0632869 0.0441043 -0.99702
vn -0.0128008 -0.0198301 -0.999721
vn 0.00636564 -0.218988 -0.975707
vn 0.0102111 -0.423391 -0.90589
vn 0.00636564 -0.218988 -0.975707
vn -0.00324525 -0.211802 -0.977307
vn -0.000795211 -0.411348 -0.911478
vn -0.0243986 -0.435743 -0.89974
vn -0.0353228 -0.226381 -0.973398
vn 0.00636564 -0.218988 -0.975707
vn 0.0102111 -0.423391 -0.90589
vn 0.00905535 -0.523875 -0.851747
vn 0.0102111 -0.423391 -0.90589
vn -0.000795211 -0.411348 -0.911478
vn -0.00108969 -0.507004 -0.861943
vn -0.0216872 -0.547125 -0.83677
vn -0.0243986 -0.435743 -0.89974
vn 0.010211 -0.423391 -0.90589
vn 0.00905535 -0.523875 -0.851747
vn 0.00166665 -0.656775 -0.754085
vn 0.00905535 -0.523875 -0.851747
vn -0.00108969 -0.507004 -0.861943
vn -0.00395112 -0.701823 -0.71234
vn -0.0184677 -0.689287 -0.724253
vn -0.0216872 -0.547125 -0.83677
vn 0.00905535 -0.523875 -0.851747
vn -0.000331007 -0.724901 -0.688853
vn -0.013831 -0.918292 -0.395661
vn -0.000331007 -0.724901 -0.688853
vn -0.00395112 -0.701823 -0.71234
vn -0.00834382 -0.915114 -0.403109
vn -0.0192796 -0.922038 -0.38662
vn -0.0224255 -0.754117 -0.656357
vn -0.00275046 -0.786018 -0.618198
vn -0.013831 -0.918292 -0.395661
vn -0.0163612 -0.967622 -0.251872
vn -0.013831 -0.918292 -0.395661
vn -0.00834382 -0.915114 -0.403109
vn -0.00939594 -0.97493 -0.222315
vn -0.0150971 -0.959161 -0.282456
vn -0.0192796 -0.922038 -0.38662
vn -0.013831 -0.918292 -0.395661
vn -0.0163612 -0.967622 -0.251872
vn -0.00805711 -0.990125 -0.139958
vn -0.0163612 -0.967622 -0.251872
vn -0.00939594 -0.97493 -0.222315
vn -0.00532636 -0.993432 -0.114303
vn -0.00803882 -0.986994 -0.160558
vn -0.0150971 -0.959161 -0.282456
vn -0.0163612 -0.967622 -0.251872
vn -0.00805711 -0.990125 -0.139958
vn -0.00236372 -0.999989 -0.00415978
vn -0.00805711 -0.990125 -0.139958
vn -0.00532636 -0.993432 -0.114303
vn -0.00188791 -0.999988 -0.00461656
vn -0.00498402 -0.999988 0.000245216
vn -0.00803882 -0.986994 -0.160558
vn -0.00805711 -0.990125 -0.139958
vn -0.00236372 -0.999989 -0.00415978
vn 0.0257179 0.445609 -0.894858
vn 0.00310439 0.460717 -0.887542
vn 0.0174188 0.389232 -0.920975
vn 0.0392063 0.392771 -0.9188
vn 0.00310439 0.460717 -0.887542
vn -0.00607787 0.337074 -0.941458
vn -0.000984811 0.296625 -0.954994
vn 0.0174188 0.389232 -0.920975
vn -0.00607787 0.337074 -0.941458
vn -0.00289811 0.231267 -0.972886
vn -0.00620453 0.224914 -0.974359
vn -0.000984811 0.296625 -0.954994
vn -0.00289811 0.231267 -0.972886
vn 0.00265035 0.16406 -0.986447
vn -0.00714671 0.166037 -0.986094
vn -0.00620453 0.224914 -0.974359
vn 0.175878 -0.0211866 -0.984184
vn 0.210368 -0.0636542 -0.975548
vn 0.216102 -0.128157 -0.967923
vn 0.198231 -0.133039 -0.971085
vn 0.178988 -0.343157 -0.922066
vn 0.132597 -0.263648 -0.955462
vn 0.115068 -0.496616 -0.860309
vn 0.181635 -0.531482 -0.827367
vn 0.181635 -0.531482 -0.827367
vn 0.115068 -0.496616 -0.860309
vn 0.141377 -0.699731 -0.700277
vn 0.205767 -0.70301 -0.680762
vn 0.205767 -0.70301 -0.680762
vn 0.141377 -0.699731 -0.700277
vn 0.186061 -0.850613 -0.491771
vn 0.237542 -0.840644 -0.486714
vn 0.237542 -0.840644 -0.486714
vn 0.186061 -0.850613 -0.491771
vn 0.220755 -0.939016 -0.26366
vn 0.261768 -0.929464 -0.259951
vn 0.261768 -0.929464 -0.259951
vn 0.220755 -0.939016 -0.26366
vn 0.231849 -0.972743 -0.00403992
vn 0.269821 -0.962903 -0.00382489
vn 0.0527802 0.590043 -0.805645
vn 0.0214631 0.735286 -0.677417
vn 0.0389873 0.624404 -0.780128
vn 0.0574566 0.589904 -0.805427
vn 0.0466157 0.931778 -0.360022
vn 0.032092 0.911994 -0.408946
vn 0.0367614 0.856765 -0.514395
vn 0.050781 0.875293 -0.48092
vn 0.238884 -0.93826 -0.250206
vn 0.261768 -0.929464 -0.259951
vn 0.269821 -0.962903 -0.00382489
vn 0.239178 -0.970956 -0.00618246
vn 0.235579 -0.849767 -0.471591
vn 0.237542 -0.840644 -0.486714
vn 0.261768 -0.929464 -0.259951
vn 0.238884 -0.93826 -0.250206
vn 0.22949 -0.725005 -0.649386
vn 0.205767 -0.70301 -0.680762
vn 0.237542 -0.840644 -0.486714
vn 0.235579 -0.849767 -0.471591
vn 0.214718 -0.578228 -0.787114
vn 0.181635 -0.531482 -0.827367
vn 0.205767 -0.70301 -0.680762
vn 0.22949 -0.725005 -0.649386
vn 0.19405 -0.431176 -0.881154
vn 0.178988 -0.343157 -0.922066
vn 0.181635 -0.531482 -0.827367
vn 0.214718 -0.578228 -0.787114
vn 0.177206 -0.290255 -0.940399
vn 0.194973 -0.22269 -0.955193
vn 0.178988 -0.343157 -0.922066
vn 0.19405 -0.431176 -0.881154
vn 0.161048 -0.144627 -0.976292
vn 0.198231 -0.133039 -0.971085
vn 0.194973 -0.22269 -0.955193
vn 0.177206 -0.290255 -0.940399
vn 0.142705 -0.0040563 -0.989757
vn 0.175878 -0.0211866 -0.984184
vn 0.198231 -0.133039 -0.971085
vn 0.161048 -0.144627 -0.976292
vn 0.1221 0.145587 -0.981782
vn 0.117663 0.163599 -0.979485
vn 0.175878 -0.0211866 -0.984184
vn 0.142705 -0.0040563 -0.989757
vn 0.100844 0.297479 -0.949387
vn 0.0930291 0.282552 -0.95473
vn 0.117663 0.163599 -0.979485
vn 0.1221 0.145587 -0.981782
vn 0.0779679 0.444548 -0.892355
vn 0.0686018 0.427032 -0.901631
vn 0.0785678 0.35255 -0.932489
vn 0.0930291 0.282552 -0.95473
vn 0.100844 0.297479 -0.949387
vn 0.0574566 0.589904 -0.805427
vn 0.0389873 0.624404 -0.780128
vn 0.0686018 0.427032 -0.901631
vn 0.0779679 0.444548 -0.892355
vn 0.0629031 0.566169 -0.821885
vn 0.0574566 0.589904 -0.805427
vn 0.0779679 0.444548 -0.892355
vn 0.0691457 0.477501 -0.875906
vn 0.0691457 0.477501 -0.875906
vn 0.0779679 0.444548 -0.892355
vn 0.100844 0.297479 -0.949387
vn 0.0768953 0.314165 -0.946249
vn 0.0768953 0.314165 -0.946249
vn 0.100844 0.297479 -0.949387
vn 0.1221 0.145587 -0.981782
vn 0.0884135 0.149358 -0.984822
vn 0.0884135 0.149358 -0.984822
vn 0.1221 0.145587 -0.981782
vn 0.142705 -0.0040563 -0.989757
vn 0.102984 -0.004978 -0.994671
vn 0.102984 -0.004978 -0.994671
vn 0.142705 -0.0040563 -0.989757
vn 0.161048 -0.144627 -0.976292
vn 0.116156 -0.159081 -0.980409
vn 0.116156 -0.159081 -0.980409
vn 0.161048 -0.144627 -0.976292
vn 0.177206 -0.290255 -0.940399
vn 0.125794 -0.317613 -0.939839
vn 0.125794 -0.317613 -0.939839
vn 0.177206 -0.290255 -0.940399
vn 0.19405 -0.431176 -0.881154
vn 0.132499 -0.440141 -0.888099
vn 0.132499 -0.440141 -0.888099
vn 0.19405 -0.431176 -0.881154
vn 0.214718 -0.578228 -0.787114
vn 0.144095 -0.605402 -0.782768
vn 0.144095 -0.605402 -0.782768
vn 0.214718 -0.578228 -0.787114
vn 0.22949 -0.725005 -0.649386
vn 0.148142 -0.786162 -0.600002
vn 0.148142 -0.786162 -0.600002
vn 0.22949 -0.725005 -0.649386
vn 0.235579 -0.849767 -0.471591
vn 0.142469 -0.897955 -0.416389
vn 0.142469 -0.897955 -0.416389
vn 0.235579 -0.849767 -0.471591
vn 0.238884 -0.93826 -0.250206
vn 0.137301 -0.966694 -0.215988
vn 0.137301 -0.966694 -0.215988
vn 0.238884 -0.93826 -0.250206
vn 0.239178 -0.970956 -0.00618246
vn 0.134454 -0.990903 -0.00578212
vn 0.0421428 0.952368 -0.302026
vn 0.0466157 0.931778 -0.360022
vn 0.050781 0.875293 -0.48092
vn 0.0454026 0.898852 -0.435894
vn 0.059473 0.521993 -0.850874
vn 0.0630267 0.517408 -0.853415
vn 0.0574566 0.589904 -0.805427
vn 0.0629031 0.566169 -0.821885
vn 0.0556334 0.554774 -0.830139
vn 0.059473 0.521993 -0.850874
vn 0.0629031 0.566169 -0.821885
vn 0.0556 0.58225 -0.811106
vn 0.0641939 0.991705 -0.11136
vn 0.0421428 0.952368 -0.302026
vn 0.0454026 0.898852 -0.435894
vn 0.0608616 0.918052 -0.391761
vn 0.0822179 -0.980357 -0.179277
vn 0.137301 -0.966694 -0.215988
vn 0.134454 -0.990903 -0.00578212
vn 0.0799856 -0.996782 -0.00529779
vn 0.0868266 -0.931144 -0.354164
vn 0.142469 -0.897955 -0.416389
vn 0.137301 -0.966694 -0.215988
vn 0.0822179 -0.980357 -0.179277
vn 0.0934001 -0.842912 -0.529882
vn 0.148142 -0.786162 -0.600002
vn 0.142469 -0.897955 -0.416389
vn 0.0868266 -0.931144 -0.354164
vn 0.0890612 -0.642535 -0.761063
vn 0.144095 -0.605402 -0.782768
vn 0.148142 -0.786162 -0.600002
vn 0.0934001 -0.842912 -0.529882
vn 0.0756994 -0.454615 -0.887466
vn 0.132499 -0.440141 -0.888099
vn 0.144095 -0.605402 -0.782768
vn 0.0890612 -0.642535 -0.761063
vn 0.0710912 -0.348613 -0.934567
vn 0.125794 -0.317613 -0.939839
vn 0.132499 -0.440141 -0.888099
vn 0.0756994 -0.454615 -0.887466
vn 0.0647744 -0.17598 -0.98226
vn 0.116156 -0.159081 -0.980409
vn 0.125794 -0.317614 -0.939839
vn 0.0710912 -0.348613 -0.934567
vn 0.0563196 -0.00655954 -0.998391
vn 0.102984 -0.004978 -0.994671
vn 0.116156 -0.159081 -0.980409
vn 0.0647744 -0.17598 -0.98226
vn 0.0477221 0.155576 -0.98667
vn 0.0884135 0.149358 -0.984822
vn 0.102984 -0.004978 -0.994671
vn 0.0563196 -0.00655954 -0.998391
vn 0.0435 0.295033 -0.954496
vn 0.0768953 0.314165 -0.946249
vn 0.0884135 0.149358 -0.984822
vn 0.0477221 0.155576 -0.98667
vn 0.0495415 0.47775 -0.877098
vn 0.0691457 0.477501 -0.875906
vn 0.0768953 0.314165 -0.946249
vn 0.0435 0.295033 -0.954496
vn 0.0556 0.58225 -0.811106
vn 0.0629031 0.566169 -0.821885
vn 0.0691457 0.477501 -0.875906
vn 0.0495415 0.47775 -0.877098
vn 0.0395637 0.568784 -0.821535
vn 0.0556 0.58225 -0.811106
vn 0.0495415 0.47775 -0.877098
vn 0.033512 0.432808 -0.900863
vn 0.033512 0.432808 -0.900863
vn 0.0495415 0.47775 -0.877098
vn 0.0435 0.295033 -0.954496
vn 0.0258399 0.259321 -0.965445
vn 0.0258399 0.259321 -0.965445
vn 0.0435 0.295033 -0.954496
vn 0.0477221 0.155576 -0.98667
vn 0.0266091 0.162489 -0.986351
vn 0.0266091 0.162489 -0.986351
vn 0.0477221 0.155576 -0.98667
vn 0.0563196 -0.00655954 -0.998391
vn 0.0321953 -0.0119508 -0.99941
vn 0.0321953 -0.0119508 -0.99941
vn 0.0563196 -0.00655954 -0.998391
vn 0.0647743 -0.17598 -0.98226
vn 0.0367856 -0.188688 -0.981348
vn 0.0367856 -0.188688 -0.981348
vn 0.0647744 -0.17598 -0.98226
vn 0.0710912 -0.348613 -0.934567
vn 0.0402362 -0.371385 -0.927607
vn 0.0402362 -0.371385 -0.927607
vn 0.0710912 -0.348613 -0.934567
vn 0.0756994 -0.454615 -0.887466
vn 0.0428899 -0.44566 -0.894174
vn 0.0428899 -0.44566 -0.894174
vn 0.0756994 -0.454615 -0.887466
vn 0.0890612 -0.642535 -0.761063
vn 0.0596715 -0.575306 -0.815759
vn 0.0580856 -0.761672 -0.645354
vn 0.0890612 -0.642535 -0.761063
vn 0.0934001 -0.842912 -0.529882
vn 0.0531584 -0.900459 -0.43168
vn 0.0531584 -0.900459 -0.43168
vn 0.0934001 -0.842912 -0.529882
vn 0.0868266 -0.931144 -0.354164
vn 0.0475021 -0.957171 -0.285599
vn 0.0475021 -0.957171 -0.285599
vn 0.0868266 -0.931144 -0.354164
vn 0.0822179 -0.980357 -0.179277
vn 0.0434286 -0.988891 -0.142154
vn 0.0434286 -0.988891 -0.142154
vn 0.0822179 -0.980357 -0.179277
vn 0.0799856 -0.996782 -0.00529779
vn 0.0415682 -0.999128 -0.00404542
vn 0.0707701 0.997484 -0.00405538
vn 0.0631128 0.997828 -0.0188603
vn 0.0608616 0.918052 -0.39176
vn 0.0695564 0.942111 -0.328007
vn 0.0458683 0.575555 -0.816475
vn 0.0556334 0.554774 -0.830139
vn 0.0556 0.58225 -0.811106
vn 0.0395637 0.568784 -0.821535
vn 0.0369483 0.55053 -0.833997
vn 0.0458683 0.575555 -0.816475
vn 0.0395637 0.568784 -0.821534
vn 0.0247069 0.546503 -0.837093
vn 0.0720915 0.997376 0.00668452
vn 0.0707701 0.997484 -0.00405538
vn 0.0695564 0.942111 -0.328007
vn 0.0720204 0.955455 -0.286213
vn 0.0195056 -0.993394 -0.11308
vn 0.0434286 -0.988891 -0.142154
vn 0.0415682 -0.999128 -0.00404542
vn 0.0191788 -0.999816 -0.000408713
vn 0.0202851 -0.972849 -0.230548
vn 0.0475021 -0.957171 -0.285599
vn 0.0434286 -0.988891 -0.142154
vn 0.0195056 -0.993394 -0.11308
vn 0.0214649 -0.933735 -0.357321
vn 0.0531584 -0.900459 -0.43168
vn 0.0475021 -0.957171 -0.285599
vn 0.0202851 -0.972849 -0.230548
vn 0.0220725 -0.906135 -0.422412
vn 0.0560116 -0.86207 -0.503684
vn 0.0531584 -0.900459 -0.43168
vn 0.0214649 -0.933735 -0.357321
vn 0.0254703 -0.424911 -0.904877
vn 0.0428899 -0.44566 -0.894174
vn 0.0443341 -0.432827 -0.900386
vn 0.0217231 -0.380911 -0.924356
vn 0.0271559 -0.379685 -0.924717
vn 0.0402362 -0.371385 -0.927607
vn 0.0428899 -0.44566 -0.894174
vn 0.0254703 -0.424911 -0.904877
vn 0.0220061 -0.193413 -0.980871
vn 0.0367856 -0.188688 -0.981348
vn 0.0402362 -0.371385 -0.927607
vn 0.0271559 -0.379685 -0.924717
vn 0.0156804 -0.0114202 -0.999812
vn 0.0321953 -0.0119508 -0.99941
vn 0.0367856 -0.188688 -0.981348
vn 0.0220061 -0.193413 -0.980871
vn 0.00947792 0.158622 -0.987294
vn 0.0266091 0.162489 -0.986351
vn 0.0321953 -0.0119508 -0.99941
vn 0.0156804 -0.0114202 -0.999812
vn 0.00860454 0.238277 -0.971159
vn 0.0258399 0.259321 -0.965445
vn 0.0266091 0.162489 -0.986351
vn 0.00947792 0.158622 -0.987294
vn 0.015299 0.40255 -0.91527
vn 0.033512 0.432808 -0.900863
vn 0.0258399 0.259321 -0.965445
vn 0.00860454 0.238277 -0.971159
vn 0.0247069 0.546503 -0.837093
vn 0.0395637 0.568784 -0.821535
vn 0.033512 0.432808 -0.900863
vn 0.015299 0.40255 -0.91527
vn 0.01025 0.518318 -0.855127
vn 0.0247069 0.546503 -0.837093
vn 0.015299 0.40255 -0.91527
vn -0.000371658 0.380075 -0.924956
vn -0.000371658 0.380075 -0.924956
vn 0.015299 0.40255 -0.91527
vn 0.00860454 0.238277 -0.971159
vn -0.00526655 0.229975 -0.973182
vn -0.00526655 0.229975 -0.973182
vn 0.00860454 0.238277 -0.971159
vn 0.00947792 0.158622 -0.987294
vn -0.00325044 0.156393 -0.98769
vn -0.00325044 0.156393 -0.98769
vn 0.00947792 0.158622 -0.987294
vn 0.0156804 -0.0114202 -0.999812
vn 0.00477751 -0.0122083 -0.999914
vn 0.00477751 -0.0122083 -0.999914
vn 0.0156804 -0.0114202 -0.999812
vn 0.0220061 -0.193413 -0.980871
vn 0.012792 -0.196597 -0.980401
vn 0.012792 -0.196597 -0.980401
vn 0.0220061 -0.193413 -0.980871
vn 0.0271559 -0.379685 -0.924717
vn 0.0193693 -0.385259 -0.922605
vn 0.0193693 -0.385259 -0.922605
vn 0.0271559 -0.379685 -0.924717
vn 0.0254703 -0.424911 -0.904877
vn 0.0181406 -0.437686 -0.898945
vn 0.0181406 -0.437686 -0.898945
vn 0.0254703 -0.424911 -0.904877
vn 0.0217231 -0.380911 -0.924356
vn 0.0142776 -0.400305 -0.916271
vn 0.0178005 -0.908955 -0.416514
vn 0.0220725 -0.906135 -0.422412
vn 0.0214649 -0.933735 -0.357321
vn 0.017357 -0.935803 -0.352095
vn 0.017357 -0.935803 -0.352095
vn 0.0214649 -0.933735 -0.357321
vn 0.0202851 -0.972849 -0.230548
vn 0.0164419 -0.973781 -0.226891
vn 0.0164419 -0.973781 -0.226891
vn 0.0202851 -0.972849 -0.230548
vn 0.0195056 -0.993394 -0.11308
vn 0.0157846 -0.993672 -0.111205
vn 0.0157846 -0.993672 -0.111205
vn 0.0195056 -0.993394 -0.11308
vn 0.0191788 -0.999816 -0.000408713
vn 0.0154764 -0.99988 -0.000554406
vn 0.0776042 0.996978 0.00354977
vn 0.0720915 0.997376 0.00668452
vn 0.0720204 0.955455 -0.286213
vn 0.0764162 0.962339 -0.260891
vn 0.0248691 0.503833 -0.863443
vn 0.0369483 0.55053 -0.833997
vn 0.0247069 0.546503 -0.837093
vn 0.01025 0.518318 -0.855127
vn 0.0257179 0.445609 -0.894858
vn 0.0248691 0.503833 -0.863443
vn 0.01025 0.518318 -0.855127
vn 0.00310439 0.460717 -0.887542
vn 0.0494146 0.998778 9.33175e-005
vn 0.0776042 0.996978 0.00354977
vn 0.0764162 0.962339 -0.260891
vn 0.044602 0.970791 -0.235744
vn 0.0127546 -0.994055 -0.108129
vn 0.0157846 -0.993672 -0.111205
vn 0.0154764 -0.99988 -0.000554406
vn 0.0123856 -0.999923 -0.000534377
vn 0.0136226 -0.975209 -0.220865
vn 0.0164419 -0.973781 -0.226891
vn 0.0157846 -0.993672 -0.111205
vn 0.0127546 -0.994055 -0.108129
vn 0.0149461 -0.939052 -0.343451
vn 0.017357 -0.935803 -0.352095
vn 0.0164419 -0.973781 -0.226891
vn 0.0136226 -0.975209 -0.220865
vn 0.0156602 -0.913406 -0.406747
vn 0.0178005 -0.908955 -0.416514
vn 0.017357 -0.935803 -0.352095
vn 0.0149461 -0.939052 -0.343451
vn 0.0192475 -0.4555 -0.890028
vn 0.0181406 -0.437686 -0.898945
vn 0.0142776 -0.400305 -0.916271
vn 0.0162045 -0.425565 -0.904783
vn 0.0207227 -0.394554 -0.918639
vn 0.0193693 -0.385259 -0.922605
vn 0.0181406 -0.437686 -0.898945
vn 0.0192475 -0.4555 -0.890028
vn 0.0163294 -0.20197 -0.979255
vn 0.012792 -0.196597 -0.980401
vn 0.0193693 -0.385259 -0.922605
vn 0.0207227 -0.394554 -0.918639
vn 0.0102693 -0.0139034 -0.999851
vn 0.00477751 -0.0122083 -0.999914
vn 0.012792 -0.196597 -0.980401
vn 0.0163294 -0.20197 -0.979255
vn 0.00265035 0.16406 -0.986447
vn -0.00325044 0.156393 -0.98769
vn 0.00477751 -0.0122083 -0.999914
vn 0.0102693 -0.0139034 -0.999851
vn -0.00289811 0.231267 -0.972886
vn -0.00526655 0.229975 -0.973182
vn -0.00325044 0.156393 -0.98769
vn 0.00265035 0.16406 -0.986447
vn -0.00607787 0.337074 -0.941458
vn -0.000371658 0.380075 -0.924956
vn -0.00526655 0.229975 -0.973182
vn -0.00289811 0.231267 -0.972886
vn 0.00310439 0.460717 -0.887542
vn 0.01025 0.518318 -0.855127
vn -0.000371658 0.380075 -0.924956
vn -0.00607787 0.337074 -0.941458
vn -0.00714671 0.166037 -0.986094
vn 0.00265035 0.16406 -0.986447
vn 0.0102693 -0.0139034 -0.999851
vn -0.00170155 -0.0125759 -0.999919
vn -0.00170155 -0.0125759 -0.999919
vn 0.0102693 -0.0139034 -0.999851
vn 0.0163294 -0.20197 -0.979255
vn 0.00191623 -0.207367 -0.978261
vn 0.00191623 -0.207367 -0.978261
vn 0.0163294 -0.20197 -0.979255
vn 0.0207227 -0.394554 -0.918639
vn 0.00410073 -0.403825 -0.914827
vn 0.00410073 -0.403825 -0.914827
vn 0.0207227 -0.394554 -0.918639
vn 0.0192475 -0.4555 -0.890028
vn 0.00363801 -0.481167 -0.876621
vn 0.00363801 -0.481167 -0.876621
vn 0.0192475 -0.4555 -0.890028
vn 0.0162045 -0.425565 -0.904783
vn 0.00236299 -0.466764 -0.884379
vn -0.0107299 -0.899215 -0.437376
vn 0.0156602 -0.913406 -0.406747
vn 0.0149461 -0.939052 -0.343451
vn -0.00367086 -0.934564 -0.355776
vn -0.00367086 -0.934564 -0.355776
vn 0.0149461 -0.939052 -0.343451
vn 0.0136226 -0.975209 -0.220865
vn 0.00324008 -0.976588 -0.215093
vn 0.00324008 -0.976588 -0.215093
vn 0.0136226 -0.975209 -0.220865
vn 0.0127546 -0.994055 -0.108129
vn 0.00296644 -0.994448 -0.105189
vn 0.00296644 -0.994448 -0.105189
vn 0.0127546 -0.994055 -0.108129
vn 0.0123856 -0.999923 -0.000534377
vn 0.00283698 -0.999996 -0.00029313
vn -0.0101127 -0.986125 -0.165694
vn -0.00803882 -0.986994 -0.160558
vn -0.00498402 -0.999988 0.000245216
vn -0.00804634 -0.999968 -0.000375092
vn -0.0165208 -0.950116 -0.311459
vn -0.0150971 -0.959161 -0.282456
vn -0.00803882 -0.986994 -0.160558
vn -0.0101127 -0.986125 -0.165694
vn -0.029126 -0.898979 -0.437022
vn -0.0192796 -0.922038 -0.38662
vn -0.0150971 -0.959161 -0.282456
vn -0.0165208 -0.950116 -0.311459
vn -0.0489373 -0.76415 -0.643179
vn -0.0322728 -0.81101 -0.584141
vn -0.0192796 -0.922038 -0.38662
vn -0.029126 -0.898979 -0.437022
vn -0.0646737 -0.587336 -0.806755
vn -0.0216872 -0.547125 -0.83677
vn -0.0224255 -0.754117 -0.656357
vn -0.0489373 -0.76415 -0.643179
vn -0.0831803 -0.438849 -0.894702
vn -0.0243986 -0.435743 -0.89974
vn -0.0216872 -0.547125 -0.83677
vn -0.0646737 -0.587336 -0.806755
vn -0.109863 -0.227965 -0.967451
vn -0.0353228 -0.226381 -0.973398
vn -0.0243986 -0.435743 -0.89974
vn -0.0831803 -0.438849 -0.894702
vn -0.142961 0.0720295 -0.987104
vn -0.0632869 0.0441043 -0.99702
vn -0.0353228 -0.226381 -0.973398
vn -0.109863 -0.227965 -0.967451
vn -0.163194 0.350347 -0.922293
vn -0.0892226 0.314853 -0.944937
vn -0.0632869 0.0441043 -0.99702
vn -0.142961 0.0720295 -0.987104
vn -0.971016 0.175904 -0.161817
vn -0.847057 0.391098 -0.359912
vn -0.850705 0.308802 -0.425374
vn -0.971852 0.138431 -0.19063
vn -0.971852 0.138431 -0.19063
vn -0.850705 0.308802 -0.425374
vn -0.853841 0.213647 -0.474669
vn -0.972566 0.0955039 -0.212117
vn -0.855957 0.109241 -0.505376
vn -0.973046 0.0487422 -0.225399
vn -0.972566 0.0955039 -0.212117
vn -0.853841 0.213647 -0.474669
vn -0.856701 -6.56313e-006 -0.515813
vn -0.973215 -3.5998e-006 -0.229896
vn -0.973046 0.0487422 -0.225399
vn -0.855957 0.109241 -0.505376
vn -0.855956 -0.109247 -0.505375
vn -0.973046 -0.0487459 -0.225399
vn -0.973215 -3.5998e-006 -0.229896
vn -0.856701 -6.56313e-006 -0.515813
vn -0.853841 -0.213639 -0.474673
vn -0.972566 -0.0954969 -0.212121
vn -0.973046 -0.0487459 -0.225399
vn -0.855956 -0.109247 -0.505375
vn -0.850705 -0.308795 -0.425378
vn -0.971852 -0.138424 -0.190635
vn -0.972566 -0.0954969 -0.212121
vn -0.853841 -0.213639 -0.474673
vn -0.847058 -0.391092 -0.359916
vn -0.971016 -0.175901 -0.161825
vn -0.971852 -0.138424 -0.190635
vn -0.850705 -0.308795 -0.425378
vn -0.843465 -0.457595 -0.281379
vn -0.970184 -0.206471 -0.126937
vn -0.971016 -0.175901 -0.161825
vn -0.847058 -0.391092 -0.359916
vn -0.840462 -0.506317 -0.193047
vn -0.969488 -0.22906 -0.0873142
vn -0.970184 -0.206471 -0.126937
vn -0.843465 -0.457595 -0.281379
vn -0.838445 -0.535953 -0.0988119
vn -0.969025 -0.24286 -0.044832
vn -0.969488 -0.22906 -0.0873142
vn -0.840462 -0.506317 -0.193047
vn -0.837748 -0.546055 -0.00122508
vn -0.968876 -0.247547 -0.000689239
vn -0.969025 -0.24286 -0.044832
vn -0.838445 -0.535953 -0.0988119
vn -0.838445 0.535953 -0.0988115
vn -0.969025 0.242858 -0.0448316
vn -0.968887 0.247502 -0.00069164
vn -0.837808 0.545963 -0.00123169
vn -0.840461 0.50632 -0.193042
vn -0.969489 0.229057 -0.0873135
vn -0.969025 0.242858 -0.0448316
vn -0.838445 0.535953 -0.0988115
vn -0.843463 0.457602 -0.281372
vn -0.970185 0.206472 -0.126929
vn -0.969489 0.229057 -0.0873135
vn -0.840461 0.50632 -0.193042
vn -0.847057 0.391098 -0.359912
vn -0.971016 0.175904 -0.161817
vn -0.970185 0.206472 -0.126929
vn -0.843463 0.457602 -0.281372
vn -0.664737 0.54962 -0.506007
vn -0.847057 0.391098 -0.359912
vn -0.843463 0.457602 -0.281372
vn -0.659058 0.640598 -0.394051
vn -0.659058 0.640598 -0.394051
vn -0.843463 0.457602 -0.281372
vn -0.840461 0.50632 -0.193042
vn -0.654357 0.706554 -0.269442
vn -0.654357 0.706554 -0.269442
vn -0.840461 0.50632 -0.193042
vn -0.838445 0.535953 -0.0988115
vn -0.65124 0.746324 -0.137426
vn -0.65124 0.746324 -0.137426
vn -0.838445 0.535953 -0.0988115
vn -0.837808 0.545963 -0.00123169
vn -0.650241 0.759726 -0.00136521
vn -0.650167 -0.75979 -0.00136245
vn -0.837748 -0.546055 -0.00122508
vn -0.838445 -0.535953 -0.0988119
vn -0.651241 -0.746324 -0.137427
vn -0.651241 -0.746324 -0.137427
vn -0.838445 -0.535953 -0.0988119
vn -0.840461 -0.506317 -0.193047
vn -0.654359 -0.70655 -0.269446
vn -0.654359 -0.70655 -0.269446
vn -0.840461 -0.506317 -0.193047
vn -0.843465 -0.457595 -0.281379
vn -0.659061 -0.640591 -0.394059
vn -0.659061 -0.640591 -0.394059
vn -0.843465 -0.457595 -0.281379
vn -0.847058 -0.391092 -0.359916
vn -0.664735 -0.549616 -0.506013
vn -0.664735 -0.549616 -0.506013
vn -0.847058 -0.391092 -0.359916
vn -0.850705 -0.308795 -0.425378
vn -0.670567 -0.435724 -0.600404
vn -0.670567 -0.435724 -0.600404
vn -0.850705 -0.308795 -0.425378
vn -0.853841 -0.213639 -0.474673
vn -0.675635 -0.302484 -0.672325
vn -0.675635 -0.302484 -0.672325
vn -0.853841 -0.213639 -0.474673
vn -0.855956 -0.109247 -0.505375
vn -0.679081 -0.155021 -0.717508
vn -0.679081 -0.155021 -0.717508
vn -0.855956 -0.109247 -0.505375
vn -0.856701 -6.56313e-006 -0.515813
vn -0.680302 -7.26462e-006 -0.732932
vn -0.680302 -7.26462e-006 -0.732932
vn -0.856701 -6.56124e-006 -0.515813
vn -0.855957 0.109241 -0.505376
vn -0.679082 0.155014 -0.717509
vn -0.679082 0.155014 -0.717509
vn -0.855957 0.109241 -0.505376
vn -0.853841 0.213647 -0.474669
vn -0.675635 0.302484 -0.672325
vn -0.675635 0.302484 -0.672325
vn -0.853841 0.213647 -0.474669
vn -0.850705 0.308802 -0.425374
vn -0.670568 0.435723 -0.600403
vn -0.670568 0.435723 -0.600403
vn -0.850705 0.308802 -0.425374
vn -0.847057 0.391098 -0.359912
vn -0.664737 0.54962 -0.506007
vn -0.566583 0.484006 -0.666874
vn -0.670568 0.435723 -0.600403
vn -0.664737 0.54962 -0.506007
vn -0.55721 0.610919 -0.562401
vn -0.573757 0.336009 -0.746927
vn -0.675635 0.302484 -0.672325
vn -0.670568 0.435723 -0.600403
vn -0.566583 0.484006 -0.666874
vn -0.577144 0.172361 -0.798246
vn -0.679082 0.155014 -0.717509
vn -0.675635 0.302484 -0.672325
vn -0.573757 0.336009 -0.746927
vn -0.575659 -0.000157938 -0.81769
vn -0.680302 -7.26462e-006 -0.732932
vn -0.679082 0.155014 -0.717509
vn -0.577144 0.172361 -0.798246
vn -0.568925 -0.173864 -0.803801
vn -0.679081 -0.155021 -0.717508
vn -0.680302 -7.26462e-006 -0.732932
vn -0.575659 -0.000157938 -0.81769
vn -0.557414 -0.34084 -0.757045
vn -0.675635 -0.302484 -0.672325
vn -0.679081 -0.15502 -0.717508
vn -0.568925 -0.173864 -0.803801
vn -0.542381 -0.493651 -0.679802
vn -0.670566 -0.435724 -0.600404
vn -0.675635 -0.302484 -0.672325
vn -0.557414 -0.34084 -0.757045
vn -0.525713 -0.62594 -0.576042
vn -0.664735 -0.549616 -0.506013
vn -0.670566 -0.435724 -0.600404
vn -0.542381 -0.493651 -0.679802
vn -0.509631 -0.732904 -0.450698
vn -0.659061 -0.640591 -0.394059
vn -0.664735 -0.549616 -0.506013
vn -0.525713 -0.62594 -0.576042
vn -0.496292 -0.811215 -0.309231
vn -0.654359 -0.70655 -0.269446
vn -0.659061 -0.640591 -0.394059
vn -0.509631 -0.732904 -0.450698
vn -0.487498 -0.858719 -0.157948
vn -0.651241 -0.746324 -0.137427
vn -0.654359 -0.70655 -0.269446
vn -0.496292 -0.811215 -0.309231
vn -0.484585 -0.874743 -0.00169567
vn -0.650167 -0.75979 -0.00136245
vn -0.651241 -0.746324 -0.137427
vn -0.487498 -0.858719 -0.157948
vn -0.533249 0.831997 -0.153058
vn -0.65124 0.746324 -0.137426
vn -0.650241 0.759726 -0.00136521
vn -0.531122 0.847294 -0.00163206
vn -0.538962 0.787064 -0.300084
vn -0.654357 0.706554 -0.269442
vn -0.65124 0.746324 -0.137426
vn -0.533249 0.831997 -0.153058
vn -0.547427 0.712811 -0.438434
vn -0.659058 0.640598 -0.394051
vn -0.654357 0.706554 -0.269442
vn -0.538962 0.787064 -0.300084
vn -0.55721 0.610919 -0.562401
vn -0.664737 0.54962 -0.506007
vn -0.659058 0.640598 -0.394051
vn -0.547427 0.712811 -0.438434
vn -0.48394 0.648487 -0.587594
vn -0.55721 0.610919 -0.562401
vn -0.547427 0.712811 -0.438434
vn -0.474572 0.752992 -0.455833
vn -0.474572 0.752992 -0.455833
vn -0.547427 0.712811 -0.438434
vn -0.538962 0.787064 -0.300084
vn -0.46591 0.828423 -0.310874
vn -0.46591 0.828423 -0.310874
vn -0.538962 0.787064 -0.300084
vn -0.533249 0.831997 -0.153058
vn -0.459876 0.873787 -0.158149
vn -0.459876 0.873787 -0.158149
vn -0.533249 0.831997 -0.153058
vn -0.531122 0.847294 -0.00163206
vn -0.457454 0.889232 -0.00171007
vn -0.306713 -0.9518 -0.00184193
vn -0.484585 -0.874743 -0.00169567
vn -0.487498 -0.858719 -0.157948
vn -0.311634 -0.935022 -0.16917
vn -0.311634 -0.935022 -0.16917
vn -0.487498 -0.858719 -0.157948
vn -0.496292 -0.811215 -0.309231
vn -0.326631 -0.884946 -0.331937
vn -0.326631 -0.884946 -0.331937
vn -0.496292 -0.811215 -0.309231
vn -0.509631 -0.732904 -0.450698
vn -0.349834 -0.801512 -0.484969
vn -0.349834 -0.801512 -0.484969
vn -0.509631 -0.732904 -0.450698
vn -0.525713 -0.62594 -0.576042
vn -0.378589 -0.686155 -0.621178
vn -0.378589 -0.686155 -0.621178
vn -0.525713 -0.62594 -0.576042
vn -0.542381 -0.493651 -0.679802
vn -0.409583 -0.541878 -0.733901
vn -0.409583 -0.541878 -0.733901
vn -0.542381 -0.493651 -0.679802
vn -0.557414 -0.34084 -0.757045
vn -0.439238 -0.374007 -0.816816
vn -0.439238 -0.374007 -0.816816
vn -0.557414 -0.34084 -0.757045
vn -0.568925 -0.173864 -0.803801
vn -0.464319 -0.190424 -0.864955
vn -0.464319 -0.190424 -0.864955
vn -0.568925 -0.173864 -0.803801
vn -0.575659 -0.000157938 -0.81769
vn -0.482508 -0.000404538 -0.875891
vn -0.482508 -0.000404538 -0.875891
vn -0.575659 -0.000157938 -0.81769
vn -0.577143 0.172361 -0.798246
vn -0.492743 0.186343 -0.849988
vn -0.492743 0.186343 -0.849988
vn -0.577144 0.172361 -0.798246
vn -0.573757 0.336009 -0.746927
vn -0.495322 0.361083 -0.79011
vn -0.495322 0.361083 -0.79011
vn -0.573757 0.336009 -0.746927
vn -0.566583 0.484006 -0.666874
vn -0.491671 0.516811 -0.700832
vn -0.491671 0.516811 -0.700832
vn -0.566583 0.484006 -0.666874
vn -0.55721 0.610919 -0.562401
vn -0.48394 0.648487 -0.587594
vn -0.410111 0.563323 -0.71727
vn -0.491671 0.516811 -0.700832
vn -0.48394 0.648487 -0.587594
vn -0.411361 0.694168 -0.590689
vn -0.403431 0.400467 -0.822721
vn -0.495322 0.361083 -0.79011
vn -0.491671 0.516811 -0.700832
vn -0.410111 0.563323 -0.71727
vn -0.389094 0.209427 -0.897077
vn -0.492743 0.186343 -0.849988
vn -0.495322 0.361083 -0.79011
vn -0.403431 0.400467 -0.822721
vn -0.365841 -0.000624503 -0.930677
vn -0.482509 -0.000404538 -0.875891
vn -0.492743 0.186343 -0.849988
vn -0.389094 0.209427 -0.897077
vn -0.33424 -0.215431 -0.917536
vn -0.464319 -0.190424 -0.864955
vn -0.482509 -0.000404538 -0.875891
vn -0.365841 -0.000624503 -0.930677
vn -0.296899 -0.418816 -0.858164
vn -0.439238 -0.374007 -0.816816
vn -0.464319 -0.190424 -0.864955
vn -0.33424 -0.215431 -0.917536
vn -0.257704 -0.597399 -0.759409
vn -0.409583 -0.541878 -0.733901
vn -0.439238 -0.374007 -0.816816
vn -0.296899 -0.418816 -0.858164
vn -0.22071 -0.74317 -0.631653
vn -0.378589 -0.686155 -0.621178
vn -0.409583 -0.541878 -0.733901
vn -0.257704 -0.597399 -0.759409
vn -0.189194 -0.853739 -0.485114
vn -0.349834 -0.801512 -0.484969
vn -0.378589 -0.686155 -0.621178
vn -0.22071 -0.74317 -0.631653
vn -0.165412 -0.930178 -0.327732
vn -0.326631 -0.884946 -0.331937
vn -0.349834 -0.801512 -0.484969
vn -0.189194 -0.853739 -0.485114
vn -0.150726 -0.974636 -0.165428
vn -0.311634 -0.935022 -0.16917
vn -0.326631 -0.884946 -0.331937
vn -0.165412 -0.930178 -0.327732
vn -0.145831 -0.989309 -0.000587408
vn -0.306713 -0.9518 -0.00184193
vn -0.311634 -0.935022 -0.16917
vn -0.150726 -0.974636 -0.165428
vn -0.405825 0.90042 -0.156682
vn -0.459876 0.873787 -0.158149
vn -0.457454 0.889232 -0.00171007
vn -0.403973 0.914771 0.000252135
vn -0.407907 0.856454 -0.316383
vn -0.46591 0.828423 -0.310874
vn -0.459876 0.873787 -0.158149
vn -0.405825 0.90042 -0.156682
vn -0.409621 0.789475 -0.457099
vn -0.474572 0.752992 -0.455833
vn -0.46591 0.828423 -0.310874
vn -0.407907 0.856454 -0.316383
vn -0.411361 0.694168 -0.590689
vn -0.48394 0.648487 -0.587594
vn -0.474572 0.752992 -0.455833
vn -0.409621 0.789475 -0.457099
vn -0.29797 0.698028 -0.65113
vn -0.253374 0.696561 -0.671271
vn -0.224065 0.640998 -0.734109
vn -0.288974 0.618933 -0.730353
vn -0.288974 0.618933 -0.730353
vn -0.229199 0.576482 -0.784307
vn -0.169941 0.466373 -0.868111
vn -0.261737 0.447148 -0.855309
vn -0.261737 0.447148 -0.855309
vn -0.169941 0.466373 -0.868111
vn -0.163194 0.350347 -0.922293
vn -0.24205 0.286277 -0.927069
vn -0.24205 0.286277 -0.927069
vn -0.163194 0.350347 -0.922293
vn -0.142961 0.0720295 -0.987104
vn -0.208419 0.033209 -0.977476
vn -0.208419 0.033209 -0.977476
vn -0.142961 0.0720295 -0.987104
vn -0.109863 -0.227965 -0.967451
vn -0.16274 -0.230549 -0.959355
vn -0.16274 -0.230549 -0.959355
vn -0.109863 -0.227965 -0.967451
vn -0.0831803 -0.438849 -0.894702
vn -0.120746 -0.443907 -0.8879
vn -0.120746 -0.443907 -0.8879
vn -0.0831803 -0.438849 -0.894702
vn -0.0646737 -0.587336 -0.806755
vn -0.0832891 -0.625534 -0.775739
vn -0.0832891 -0.625534 -0.775739
vn -0.0646737 -0.587336 -0.806755
vn -0.0489373 -0.76415 -0.643179
vn -0.0525883 -0.768953 -0.637139
vn -0.0525883 -0.768953 -0.637139
vn -0.0489373 -0.76415 -0.643179
vn -0.029126 -0.898979 -0.437022
vn -0.0293582 -0.874509 -0.484119
vn -0.0293582 -0.874509 -0.484119
vn -0.029126 -0.898979 -0.437022
vn -0.0165208 -0.950116 -0.311459
vn -0.0133641 -0.945779 -0.324535
vn -0.0133641 -0.945779 -0.324535
vn -0.0165208 -0.950116 -0.311459
vn -0.0101127 -0.986125 -0.165694
vn -0.00405203 -0.986594 -0.163141
vn -0.00405203 -0.986594 -0.163141
vn -0.0101127 -0.986125 -0.165694
vn -0.00804635 -0.999968 -0.000375092
vn -0.00105198 -0.999999 -0.00052504
vn -0.381163 0.801603 -0.460595
vn -0.32422 0.751292 -0.574841
vn -0.29797 0.698028 -0.65113
vn -0.375889 0.721391 -0.581638
vn -0.387353 0.858594 -0.335819
vn -0.358905 0.858629 -0.365983
vn -0.32422 0.751292 -0.574841
vn -0.381163 0.801603 -0.460595
vn -0.390246 0.907042 -0.158062
vn -0.364597 0.919631 -0.146111
vn -0.358905 0.858629 -0.365983
vn -0.387353 0.858594 -0.335819
vn -0.388462 0.921463 0.00163277
vn -0.359507 0.932705 -0.0285549
vn -0.364597 0.919631 -0.146111
vn -0.390246 0.907042 -0.158062
vn -0.0457272 -0.986087 -0.159815
vn -0.00405203 -0.986594 -0.163141
vn -0.00105198 -0.999999 -0.00052504
vn -0.0416156 -0.999134 -4.43592e-005
vn -0.0584282 -0.946252 -0.31811
vn -0.0133641 -0.945779 -0.324535
vn -0.00405203 -0.986594 -0.163141
vn -0.0457272 -0.986087 -0.159815
vn -0.0800717 -0.876211 -0.475229
vn -0.0293582 -0.874509 -0.484119
vn -0.0133641 -0.945779 -0.324535
vn -0.0584282 -0.946252 -0.31811
vn -0.110553 -0.771606 -0.62642
vn -0.0525883 -0.768953 -0.637139
vn -0.0293582 -0.874509 -0.484119
vn -0.0800717 -0.876211 -0.475229
vn -0.149077 -0.628358 -0.763506
vn -0.0832891 -0.625534 -0.775739
vn -0.0525883 -0.768953 -0.637139
vn -0.110553 -0.771606 -0.62642
vn -0.193471 -0.445952 -0.873897
vn -0.120746 -0.443907 -0.8879
vn -0.0832891 -0.625534 -0.775739
vn -0.149077 -0.628358 -0.763506
vn -0.239851 -0.231374 -0.942835
vn -0.16274 -0.230549 -0.959355
vn -0.120746 -0.443907 -0.8879
vn -0.193471 -0.445952 -0.873897
vn -0.283294 -0.000705332 -0.959033
vn -0.208419 0.033209 -0.977476
vn -0.16274 -0.230549 -0.959355
vn -0.239851 -0.231374 -0.942835
vn -0.319523 0.224612 -0.920573
vn -0.24205 0.286277 -0.927069
vn -0.208419 0.033209 -0.977476
vn -0.283294 -0.000705332 -0.959033
vn -0.3465 0.425542 -0.835974
vn -0.261737 0.447148 -0.855309
vn -0.24205 0.286277 -0.927069
vn -0.319523 0.224612 -0.920573
vn -0.364633 0.591244 -0.719356
vn -0.288974 0.618933 -0.730353
vn -0.261737 0.447148 -0.855309
vn -0.3465 0.425542 -0.835974
vn -0.375889 0.721391 -0.581638
vn -0.29797 0.698028 -0.65113
vn -0.288974 0.618933 -0.730353
vn -0.364633 0.591244 -0.719356
vn -0.411361 0.694168 -0.590689
vn -0.375889 0.721391 -0.581638
vn -0.364633 0.591244 -0.719356
vn -0.410111 0.563323 -0.71727
vn -0.410111 0.563323 -0.71727
vn -0.364633 0.591244 -0.719356
vn -0.3465 0.425542 -0.835974
vn -0.403431 0.400466 -0.822721
vn -0.403431 0.400467 -0.822721
vn -0.3465 0.425542 -0.835974
vn -0.319523 0.224612 -0.920573
vn -0.389094 0.209427 -0.897077
vn -0.389093 0.209427 -0.897077
vn -0.319523 0.224612 -0.920573
vn -0.283294 -0.000705332 -0.959033
vn -0.365841 -0.000624503 -0.930677
vn -0.365841 -0.000624503 -0.930677
vn -0.283294 -0.000705332 -0.959033
vn -0.239851 -0.231374 -0.942835
vn -0.33424 -0.215431 -0.917536
vn -0.33424 -0.215431 -0.917536
vn -0.239851 -0.231374 -0.942835
vn -0.193471 -0.445952 -0.873897
vn -0.296899 -0.418816 -0.858164
vn -0.296899 -0.418816 -0.858164
vn -0.193471 -0.445952 -0.873897
vn -0.149077 -0.628358 -0.763506
vn -0.257704 -0.597399 -0.759409
vn -0.257704 -0.597399 -0.759409
vn -0.149077 -0.628358 -0.763506
vn -0.110553 -0.771606 -0.62642
vn -0.22071 -0.74317 -0.631653
vn -0.22071 -0.74317 -0.631653
vn -0.110553 -0.771606 -0.62642
vn -0.0800717 -0.876211 -0.475229
vn -0.189194 -0.853739 -0.485114
vn -0.189194 -0.853739 -0.485114
vn -0.0800717 -0.876211 -0.475229
vn -0.0584282 -0.946252 -0.31811
vn -0.165412 -0.930178 -0.327732
vn -0.165412 -0.930178 -0.327732
vn -0.0584282 -0.946252 -0.31811
vn -0.0457272 -0.986087 -0.159815
vn -0.150726 -0.974636 -0.165428
vn -0.150726 -0.974636 -0.165428
vn -0.0457272 -0.986087 -0.159815
vn -0.0416156 -0.999134 -4.43592e-005
vn -0.145831 -0.989309 -0.000587408
vn -0.403973 0.914771 0.000252135
vn -0.388462 0.921463 0.00163277
vn -0.390246 0.907042 -0.158062
vn -0.405825 0.90042 -0.156682
vn -0.405825 0.90042 -0.156682
vn -0.390246 0.907042 -0.158062
vn -0.387353 0.858594 -0.335819
vn -0.407907 0.856454 -0.316383
vn -0.407907 0.856454 -0.316383
vn -0.387353 0.858594 -0.335819
vn -0.381163 0.801603 -0.460595
vn -0.409621 0.789475 -0.457099
vn -0.409621 0.789475 -0.457099
vn -0.381163 0.801603 -0.460595
vn -0.375889 0.721391 -0.581638
vn -0.411361 0.694168 -0.590689
vn 0.0146003 0.356339 -0.934243
vn 0.0341142 0.364543 -0.930561
vn 0.0174188 0.389232 -0.920975
vn 0.00179751 0.207789 -0.978172
vn 0.0146003 0.356339 -0.934243
vn 0.00632546 0.266183 -0.963902
vn 0.0174188 0.389232 -0.920975
vn 0.0341142 0.364543 -0.930561
vn 0.0392063 0.392771 -0.9188
vn -0.971016 0.175904 -0.161817
vn -1 -1.27884e-006 -0.00029639
vn -0.970185 0.206472 -0.126929
vn -0.970185 0.206472 -0.126929
vn -1 -1.27884e-006 -0.000296392
vn -0.969489 0.229057 -0.0873135
vn -0.969489 0.229057 -0.0873135
vn -1 -1.27884e-006 -0.000296392
vn -0.969025 0.242858 -0.0448316
vn -0.969025 0.242858 -0.0448316
vn -1 -1.2779e-006 -0.000296392
vn -0.968887 0.247502 -0.00069164
vn -0.968876 -0.247547 -0.000689239
vn -1 -1.2779e-006 -0.00029639
vn -0.969025 -0.24286 -0.044832
vn -0.969025 -0.24286 -0.044832
vn -1 -1.2779e-006 -0.00029639
vn -0.969488 -0.22906 -0.0873142
vn -0.969488 -0.22906 -0.0873142
vn -1 -1.27743e-006 -0.000296392
vn -0.970184 -0.206471 -0.126937
vn -0.970184 -0.206471 -0.126937
vn -1 -1.27837e-006 -0.000296392
vn -0.971016 -0.175901 -0.161825
vn -0.971016 -0.175901 -0.161825
vn -1 -1.2765e-006 -0.000296392
vn -0.971852 -0.138424 -0.190635
vn -0.971852 -0.138424 -0.190635
vn -1 -1.27743e-006 -0.00029639
vn -0.972566 -0.0954969 -0.212121
vn -0.972566 -0.0954969 -0.212121
vn -1 -1.27743e-006 -0.00029639
vn -0.973046 -0.0487459 -0.225399
vn -0.973046 -0.0487459 -0.225399
vn -1 -1.27837e-006 -0.00029639
vn -0.973215 -3.5998e-006 -0.229896
vn -0.973215 -3.60004e-006 -0.229896
vn -1 -1.27884e-006 -0.000296391
vn -0.973046 0.0487422 -0.225399
vn -0.973046 0.0487422 -0.225399
vn -1 -1.2786e-006 -0.00029639
vn -0.972566 0.0955039 -0.212117
vn -0.972566 0.0955039 -0.212117
vn -1 -1.27965e-006 -0.00029639
vn -0.971852 0.138431 -0.19063
vn -0.971852 0.138431 -0.19063
vn -1 -1.2793e-006 -0.000296391
vn -0.971016 0.175904 -0.161817
vn 1 0 0
vn 1 0 0
vn 1 0 0
vn 1 0 0
vn 1 0 0
vn 1 0 0
vn 1 0 0
vn 1 0 0
vn 1 0 0
vn 1 0 0
vn 1 0 0
vn 1 0 0
vn 1 0 0
vn 1 0 0
vn 1 0 0
vn 1 0 0
vn 0.198231 -0.133039 -0.971085
vn 0.216102 -0.128157 -0.967923
vn 0.187659 -0.167608 -0.967828
vn 0.194973 -0.22269 -0.955193
vn 0.194973 -0.22269 -0.955193
vn 0.187659 -0.167608 -0.967828
vn 0.132597 -0.263648 -0.955462
vn 0.178988 -0.343157 -0.922066
vn -0.44792 0.885063 0.126613
vn -0.395243 0.909398 0.129533
vn -0.393274 0.914069 0.0990653
vn -0.379644 0.918952 0.106762
vn -0.379644 0.918952 0.106762
vn -0.38657 0.921836 0.027957
vn -0.501727 0.864233 0.0370336
vn -0.514471 0.855351 0.0607717
vn 0.112279 0.576719 0.80919
vn -0.132557 0.588667 0.797433
vn -0.0861996 0.465957 0.880598
vn 0.124175 0.460425 0.87897
vn 0.124175 0.460425 0.87897
vn -0.0861996 0.465957 0.880598
vn -0.0409326 0.311832 0.949255
vn 0.154525 0.236197 0.95934
vn 0.154525 0.236197 0.95934
vn -0.0409326 0.311832 0.949255
vn -0.00599061 0.155966 0.987744
vn 0.16898 0.103432 0.980177
vn 0.16898 0.103432 0.980177
vn -0.00599061 0.155966 0.987744
vn 0.0158857 -1.56995e-005 0.999874
vn 0.176872 -0.0200861 0.984029
vn 0.176872 -0.0200861 0.984029
vn 0.0158857 -1.56995e-005 0.999874
vn 0.0235536 -0.156024 0.987472
vn 0.179328 -0.144089 0.97318
vn 0.179328 -0.144089 0.97318
vn 0.0235536 -0.156024 0.987472
vn 0.0172699 -0.312342 0.949813
vn 0.17784 -0.309354 0.93417
vn 0.17784 -0.309354 0.93417
vn 0.0172699 -0.312342 0.949813
vn -0.00137123 -0.468284 0.883577
vn 0.167847 -0.506441 0.845781
vn 0.167847 -0.506441 0.845781
vn -0.00137123 -0.468284 0.883577
vn -0.0293047 -0.620681 0.783515
vn 0.151858 -0.666812 0.72959
vn 0.151858 -0.666812 0.72959
vn -0.0293047 -0.620681 0.783515
vn -0.064713 -0.795239 0.602832
vn 0.120584 -0.83071 0.543489
vn 0.120584 -0.83071 0.543489
vn -0.064713 -0.795239 0.602832
vn -0.0901803 -0.937437 0.336271
vn 0.0754283 -0.949148 0.305662
vn 0.0754283 -0.949148 0.305662
vn -0.0901803 -0.937437 0.336271
vn -0.104973 -0.987472 0.117815
vn 0.0386058 -0.992674 0.114493
vn 0.0386058 -0.992674 0.114493
vn -0.104973 -0.987472 0.117815
vn -0.111923 -0.993608 0.0147071
vn 0.0159096 -0.999871 0.00220368
vn 0.0159096 -0.999871 0.00220368
vn -0.111923 -0.993608 0.0147071
vn -0.107606 -0.99397 -0.0210993
vn 0.00844282 -0.999478 -0.0311716
vn 0.00844282 -0.999478 -0.0311716
vn -0.107606 -0.99397 -0.0210993
vn -0.10309 -0.992612 -0.0639878
vn 0.00733581 -0.999384 -0.0343313
vn 0.00733581 -0.999384 -0.0343313
vn -0.10309 -0.992612 -0.0639878
vn -0.108696 -0.994073 -0.00175071
vn 0.0111746 -0.99966 -0.0235597
vn 0.0111746 -0.99966 -0.0235597
vn -0.108696 -0.994073 -0.00175071
vn -0.116068 -0.993241 9.0957e-008
vn 0.0147245 -0.999892 -2.18911e-008
vn -0.360599 0.922346 0.138734
vn -0.35851 0.900054 0.247737
vn -0.334511 0.923362 0.188426
vn -0.334511 0.923362 0.188426
vn -0.35851 0.900054 0.247737
vn -0.295585 0.843527 0.448432
vn -0.212727 0.847257 0.486726
vn -0.212727 0.847257 0.486726
vn -0.295585 0.843527 0.448432
vn -0.19602 0.72701 0.658052
vn 0.0486268 0.647537 0.760481
vn -0.132557 0.588667 0.797433
vn 0.112279 0.576719 0.80919
vn 0.0486268 0.647537 0.760481
vn -0.138131 0.694744 0.705869
vn 0.0486268 0.647537 0.760481
vn 0.112279 0.576719 0.80919
vn 0.207923 0.612943 0.762279
vn 0.0386058 -0.992674 0.114493
vn 0.0159096 -0.999871 0.00220368
vn 0.0335083 -0.999417 0.00648102
vn 0.0754283 -0.949148 0.305662
vn 0.0386058 -0.992674 0.114493
vn 0.0335083 -0.999417 0.00648102
vn 0.122185 -0.961594 0.24578
vn 0.120584 -0.83071 0.543489
vn 0.0754283 -0.949148 0.305662
vn 0.122185 -0.961594 0.24578
vn 0.182587 -0.871436 0.45526
vn 0.151858 -0.666812 0.72959
vn 0.120584 -0.83071 0.543489
vn 0.182587 -0.871436 0.45526
vn 0.218206 -0.737185 0.639488
vn 0.167847 -0.506441 0.845781
vn 0.151858 -0.666812 0.72959
vn 0.218206 -0.737185 0.639488
vn 0.232746 -0.573653 0.785336
vn 0.17784 -0.309354 0.93417
vn 0.167847 -0.506441 0.845781
vn 0.232746 -0.573653 0.785336
vn 0.242454 -0.331943 0.911608
vn 0.179328 -0.144089 0.97318
vn 0.17784 -0.309354 0.93417
vn 0.242454 -0.331943 0.911608
vn 0.241276 -0.146109 0.959395
vn 0.176872 -0.0200861 0.984029
vn 0.179328 -0.144089 0.97318
vn 0.241276 -0.146109 0.959395
vn 0.241048 -0.0400999 0.969684
vn 0.16898 0.103432 0.980177
vn 0.176872 -0.0200861 0.984029
vn 0.241048 -0.0400999 0.969684
vn 0.238568 0.0644214 0.968987
vn 0.154525 0.236197 0.95934
vn 0.16898 0.103432 0.980177
vn 0.238568 0.0644214 0.968987
vn 0.232074 0.183928 0.95515
vn 0.124175 0.460425 0.87897
vn 0.154525 0.236197 0.95934
vn 0.232074 0.183928 0.95515
vn 0.205014 0.482861 0.851361
vn 0.112279 0.576719 0.80919
vn 0.124175 0.460425 0.87897
vn 0.205014 0.482861 0.851361
vn 0.207923 0.612943 0.762279
vn 1 0 0
vn 1 0 0
vn 1 0 0
vn 1 0 0
vn 1 0 0
vn 1 0 0
vn 1 0 0
vn 1 0 0
vn 1 0 0
vn 1 0 0
vn 1 0 0
vn 1 0 0
vn 1 0 0
vn 1 0 0
vn 1 0 0
vn 1 0 0
vn 1 0 0
vn 1 0 0
vn 1 0 0
vn 1 0 0
vn 1 0 0
vn 1 0 0
vn 1 0 0
vn 1 0 0
vn 1 0 0
vn 1 0 0
vn 1 0 0
vn 1 0 0
vn 1 0 0
vn 1 0 0
vn 1 0 0
vn 1 0 0
vn 1 0 0
vn 1 0 0
vn 1 0 0
vn 1 0 0
vn 1 0 0
vn 1 0 0
vn 1 0 0
vn 1 0 0
vn 1 0 0
vn 1 0 0
vn 1 0 0
vn 1 0 0
vn 1 0 0
vn 1 0 0
vn 1 0 0
vn 1 0 0
vn 1 0 0
vn 1 0 0
vn 1 0 0
vn 1 0 0
vn 1 0 0
vn 1 0 0
vn 1 0 0
vn 1 0 0
vn 1 0 0
vn 1 0 0
vn 1 0 0
vn 1 0 0
vn -0.132557 0.588667 0.797433
vn -0.19602 0.72701 0.658052
vn -0.397495 0.755683 0.52052
vn -0.361933 0.649803 0.668401
vn -0.259137 0.768014 0.585664
vn -0.295585 0.843527 0.448432
vn -0.422378 0.828497 0.367682
vn -0.397495 0.755683 0.52052
vn -0.295585 0.843527 0.448432
vn -0.35851 0.900054 0.247737
vn -0.426409 0.869044 0.250874
vn -0.422378 0.828497 0.367682
vn -0.35851 0.900054 0.247737
vn -0.360599 0.922346 0.138734
vn -0.409738 0.893531 0.183624
vn -0.426409 0.869044 0.250874
vn -0.360599 0.922346 0.138734
vn -0.379644 0.918952 0.106762
vn -0.514471 0.855351 0.0607717
vn -0.532766 0.840777 0.0961974
vn -0.409738 0.893531 0.183624
vn -0.116068 -0.993241 9.0957e-008
vn -0.108696 -0.994073 -0.00175071
vn -0.22617 -0.974087 0.00143782
vn -0.241075 -0.952715 0.184977
vn -0.108696 -0.994073 -0.00175071
vn -0.10309 -0.992612 -0.0639878
vn -0.385697 -0.908909 -0.158502
vn -0.345047 -0.929459 -0.130571
vn -0.10309 -0.992612 -0.0639878
vn -0.107606 -0.99397 -0.0210993
vn -0.382793 -0.923665 0.0176887
vn -0.323297 -0.942837 -0.0808504
vn -0.107606 -0.99397 -0.0210993
vn -0.111923 -0.993608 0.0147071
vn -0.3878 -0.917254 0.0908669
vn -0.382793 -0.923665 0.0176887
vn -0.111923 -0.993608 0.0147071
vn -0.104973 -0.987472 0.117815
vn -0.386749 -0.915191 0.113363
vn -0.3878 -0.917254 0.0908669
vn -0.104973 -0.987472 0.117815
vn -0.0901803 -0.937437 0.336271
vn -0.383453 -0.88431 0.266381
vn -0.386749 -0.915191 0.113363
vn -0.0901803 -0.937437 0.336271
vn -0.064713 -0.795239 0.602832
vn -0.361072 -0.777214 0.51533
vn -0.383453 -0.88431 0.266381
vn -0.064713 -0.795239 0.602832
vn -0.0293047 -0.620681 0.783515
vn -0.326621 -0.657584 0.678898
vn -0.361072 -0.777214 0.51533
vn -0.0293047 -0.620681 0.783515
vn -0.00137123 -0.468284 0.883577
vn -0.293707 -0.520635 0.80167
vn -0.326621 -0.657584 0.678898
vn -0.00137123 -0.468284 0.883577
vn 0.0172699 -0.312342 0.949813
vn -0.266886 -0.360841 0.893625
vn -0.293707 -0.520635 0.80167
vn 0.0172699 -0.312342 0.949813
vn 0.0235536 -0.156024 0.987472
vn -0.250941 -0.184617 0.950234
vn -0.266886 -0.360841 0.893625
vn 0.0235536 -0.156024 0.987472
vn 0.0158857 -1.56995e-005 0.999874
vn -0.249001 6.66957e-005 0.968503
vn -0.250941 -0.184617 0.950234
vn 0.0158857 -1.57014e-005 0.999874
vn -0.00599061 0.155966 0.987744
vn -0.261947 0.184298 0.947321
vn -0.249001 6.66957e-005 0.968503
vn -0.00599061 0.155966 0.987744
vn -0.0409326 0.311832 0.949255
vn -0.288095 0.359074 0.887732
vn -0.261947 0.184298 0.947321
vn -0.0409326 0.311832 0.949255
vn -0.0861996 0.465957 0.880598
vn -0.323361 0.51633 0.792995
vn -0.288095 0.359074 0.887732
vn -0.0861996 0.465957 0.880598
vn -0.132557 0.588667 0.797433
vn -0.361933 0.649803 0.668401
vn -0.323361 0.51633 0.792995
vn -0.323361 0.51633 0.792995
vn -0.361933 0.649803 0.668401
vn -0.492191 0.645016 0.584553
vn -0.501613 0.513381 0.696293
vn -0.288095 0.359074 0.887732
vn -0.323361 0.51633 0.792995
vn -0.501613 0.513381 0.696293
vn -0.509406 0.357709 0.782656
vn -0.261947 0.184298 0.947321
vn -0.288095 0.359074 0.887732
vn -0.509406 0.357709 0.782656
vn -0.514834 0.183782 0.837359
vn -0.249001 6.66957e-005 0.968503
vn -0.261947 0.184298 0.947321
vn -0.514834 0.183782 0.837359
vn -0.51749 -5.09905e-006 0.855689
vn -0.250941 -0.184617 0.950234
vn -0.249001 6.66957e-005 0.968503
vn -0.51749 -5.09905e-006 0.855689
vn -0.516997 -0.183512 0.836084
vn -0.266886 -0.360841 0.893625
vn -0.250941 -0.184617 0.950234
vn -0.516997 -0.183512 0.836084
vn -0.512964 -0.356837 0.780727
vn -0.293707 -0.520635 0.80167
vn -0.266886 -0.360841 0.893625
vn -0.512964 -0.356837 0.780727
vn -0.505236 -0.51211 0.694608
vn -0.326621 -0.657584 0.678898
vn -0.293707 -0.520635 0.80167
vn -0.505236 -0.51211 0.694608
vn -0.494361 -0.644071 0.583763
vn -0.361072 -0.777214 0.51533
vn -0.326621 -0.657584 0.678898
vn -0.494361 -0.644071 0.583763
vn -0.481834 -0.749512 0.453947
vn -0.383453 -0.88431 0.266381
vn -0.361072 -0.777214 0.51533
vn -0.481834 -0.749512 0.453947
vn -0.464103 -0.855358 0.230154
vn -0.386749 -0.915191 0.113363
vn -0.383453 -0.88431 0.266381
vn -0.464103 -0.855358 0.230154
vn -0.434598 -0.894292 0.10661
vn -0.3878 -0.917254 0.0908669
vn -0.386749 -0.915191 0.113363
vn -0.434598 -0.894292 0.10661
vn -0.464657 -0.874971 0.136089
vn -0.382793 -0.923665 0.0176887
vn -0.3878 -0.917254 0.0908669
vn -0.464657 -0.874971 0.136089
vn -0.54047 -0.84001 0.0476926
vn -0.385697 -0.908909 -0.158502
vn -0.382793 -0.923665 0.0176887
vn -0.54047 -0.84001 0.0476926
vn -0.552104 -0.808267 -0.204661
vn -0.383632 -0.877805 -0.286852
vn -0.441848 -0.874429 -0.200361
vn -0.552104 -0.808267 -0.204661
vn -0.5444 -0.749299 -0.377068
vn -0.426409 0.869044 0.250874
vn -0.409738 0.893531 0.183624
vn -0.466905 0.851221 0.239629
vn -0.459547 0.84934 0.259689
vn -0.422378 0.828497 0.367681
vn -0.426409 0.869044 0.250874
vn -0.459547 0.84934 0.259689
vn -0.464823 0.820823 0.331946
vn -0.397495 0.755683 0.52052
vn -0.422378 0.828497 0.367681
vn -0.464823 0.820823 0.331946
vn -0.482393 0.749276 0.453743
vn -0.361933 0.649803 0.668401
vn -0.397495 0.755683 0.52052
vn -0.482393 0.749276 0.453743
vn -0.492191 0.645016 0.584553
vn -0.492191 0.645016 0.584553
vn -0.482393 0.749276 0.453743
vn -0.501539 0.731793 0.461452
vn -0.556014 0.608273 0.566439
vn -0.482393 0.749276 0.453743
vn -0.464823 0.820823 0.331946
vn -0.455584 0.816842 0.353853
vn -0.501539 0.731793 0.461452
vn -0.464823 0.820823 0.331946
vn -0.459547 0.84934 0.259689
vn -0.445933 0.856037 0.261429
vn -0.455584 0.816842 0.353853
vn -0.459547 0.84934 0.259689
vn -0.466905 0.851221 0.239629
vn -0.44883 0.865975 0.220544
vn -0.445933 0.856037 0.261429
vn -0.464657 -0.874971 0.136089
vn -0.434598 -0.894292 0.10661
vn -0.362777 -0.927036 0.0948517
vn -0.365139 -0.924364 0.110566
vn -0.434598 -0.894292 0.10661
vn -0.464103 -0.855358 0.230154
vn -0.421477 -0.872663 0.24661
vn -0.362777 -0.927036 0.0948517
vn -0.464103 -0.855358 0.230154
vn -0.481834 -0.749512 0.453947
vn -0.494133 -0.734872 0.464539
vn -0.421477 -0.872663 0.24661
vn -0.481834 -0.749512 0.453947
vn -0.494361 -0.644071 0.583763
vn -0.544341 -0.614237 0.571319
vn -0.494133 -0.734872 0.464539
vn -0.494361 -0.644071 0.583763
vn -0.505236 -0.51211 0.694608
vn -0.590661 -0.470929 0.655244
vn -0.544341 -0.614237 0.571319
vn -0.505236 -0.51211 0.694608
vn -0.512964 -0.356837 0.780727
vn -0.62641 -0.317319 0.711983
vn -0.590661 -0.470929 0.655244
vn -0.512964 -0.356837 0.780727
vn -0.516997 -0.183512 0.836084
vn -0.648721 -0.159296 0.744168
vn -0.62641 -0.317319 0.711983
vn -0.516997 -0.183512 0.836084
vn -0.51749 -5.09905e-006 0.855689
vn -0.656555 -1.80615e-005 0.754279
vn -0.648721 -0.159296 0.744168
vn -0.51749 -5.09717e-006 0.855689
vn -0.514834 0.183782 0.837359
vn -0.649887 0.158997 0.743214
vn -0.656555 -1.80615e-005 0.754279
vn -0.514834 0.183782 0.837359
vn -0.509406 0.357709 0.782656
vn -0.629411 0.316123 0.709865
vn -0.649887 0.158997 0.743214
vn -0.509406 0.357709 0.782656
vn -0.501613 0.513381 0.696293
vn -0.596899 0.467936 0.651727
vn -0.629411 0.316123 0.709865
vn -0.501613 0.513381 0.696293
vn -0.492191 0.645016 0.584553
vn -0.556014 0.608273 0.566439
vn -0.596899 0.467936 0.651727
vn -0.596899 0.467936 0.651726
vn -0.556014 0.608273 0.566439
vn -0.692401 0.516986 0.503295
vn -0.714316 0.395987 0.577016
vn -0.629411 0.316123 0.709865
vn -0.596899 0.467936 0.651727
vn -0.714316 0.395987 0.577016
vn -0.731919 0.266725 0.627018
vn -0.649887 0.158997 0.743214
vn -0.629411 0.316123 0.709865
vn -0.731919 0.266725 0.627018
vn -0.7436 0.133844 0.655091
vn -0.656555 -1.80615e-005 0.754278
vn -0.649887 0.158997 0.743214
vn -0.7436 0.133844 0.655091
vn -0.748736 9.81198e-005 0.662868
vn -0.648721 -0.159296 0.744168
vn -0.656555 -1.80615e-005 0.754278
vn -0.748736 9.81198e-005 0.662868
vn -0.747155 -0.132868 0.651234
vn -0.62641 -0.317319 0.711983
vn -0.648721 -0.159296 0.744168
vn -0.747155 -0.132868 0.651234
vn -0.738935 -0.263594 0.620075
vn -0.590661 -0.470929 0.655244
vn -0.62641 -0.317319 0.711983
vn -0.738935 -0.263594 0.620075
vn -0.724493 -0.389923 0.568393
vn -0.544342 -0.614237 0.571319
vn -0.590661 -0.470929 0.655244
vn -0.724493 -0.389923 0.568393
vn -0.704922 -0.508183 0.494809
vn -0.494133 -0.734872 0.464539
vn -0.544342 -0.614237 0.571319
vn -0.704922 -0.508183 0.494809
vn -0.683216 -0.596429 0.421294
vn -0.421477 -0.872663 0.24661
vn -0.494133 -0.734872 0.464539
vn -0.683216 -0.596429 0.421294
vn -0.650997 -0.716763 0.249906
vn -0.362777 -0.927036 0.0948517
vn -0.421477 -0.872663 0.24661
vn -0.587402 -0.781851 0.20897
vn -0.61587 -0.778611 0.120289
vn -0.365139 -0.924364 0.110566
vn -0.362777 -0.927036 0.0948517
vn -0.61587 -0.778611 0.120289
vn -0.621165 -0.771002 0.140394
vn -0.445933 0.856037 0.261429
vn -0.44883 0.865975 0.220544
vn -0.609064 0.749703 0.258818
vn -0.62218 0.732973 0.275032
vn -0.455584 0.816842 0.353853
vn -0.445933 0.856037 0.261429
vn -0.62218 0.732973 0.275032
vn -0.635088 0.689386 0.348439
vn -0.501539 0.731793 0.461452
vn -0.455584 0.816842 0.353853
vn -0.635088 0.689386 0.348439
vn -0.656963 0.617469 0.432587
vn -0.556014 0.608273 0.566439
vn -0.501539 0.731793 0.461452
vn -0.656963 0.617469 0.432587
vn -0.692401 0.516986 0.503295
vn -0.692401 0.516986 0.503295
vn -0.656963 0.617469 0.432587
vn -0.791482 0.485081 0.371823
vn -0.796463 0.428714 0.42644
vn -0.656963 0.617469 0.432587
vn -0.635088 0.689386 0.348439
vn -0.78908 0.531309 0.308325
vn -0.791482 0.485081 0.371823
vn -0.635088 0.689386 0.348439
vn -0.62218 0.732973 0.275032
vn -0.775299 0.567743 0.276731
vn -0.78908 0.531309 0.308325
vn -0.62218 0.732973 0.275032
vn -0.609064 0.749703 0.258818
vn -0.762692 0.574286 0.297483
vn -0.775299 0.567743 0.276731
vn -0.621165 -0.771002 0.140394
vn -0.61587 -0.778611 0.120289
vn -0.787384 -0.602054 0.132502
vn -0.782793 -0.601725 0.158625
vn -0.61587 -0.778611 0.120289
vn -0.650997 -0.716763 0.249906
vn -0.802317 -0.54977 0.232465
vn -0.787384 -0.602054 0.132502
vn -0.720537 -0.62623 0.297763
vn -0.683216 -0.596429 0.421294
vn -0.797757 -0.477573 0.368114
vn -0.802317 -0.54977 0.232465
vn -0.683216 -0.596429 0.421294
vn -0.704922 -0.508183 0.494809
vn -0.798543 -0.426742 0.424523
vn -0.797757 -0.477573 0.368114
vn -0.704922 -0.508183 0.494809
vn -0.724493 -0.389923 0.568393
vn -0.798596 -0.33559 0.499623
vn -0.798543 -0.426742 0.424523
vn -0.724493 -0.389923 0.568393
vn -0.738935 -0.263594 0.620075
vn -0.798576 -0.231356 0.555653
vn -0.798596 -0.33559 0.499623
vn -0.738935 -0.263594 0.620075
vn -0.747155 -0.132868 0.651234
vn -0.798454 -0.118032 0.590372
vn -0.798576 -0.231356 0.555653
vn -0.747155 -0.132868 0.651234
vn -0.748736 9.81198e-005 0.662868
vn -0.798222 2.20481e-005 0.602363
vn -0.798454 -0.118032 0.590372
vn -0.748736 9.81208e-005 0.662868
vn -0.7436 0.133844 0.655091
vn -0.797886 0.118212 0.591105
vn -0.798222 2.20481e-005 0.602363
vn -0.7436 0.133844 0.655091
vn -0.731919 0.266725 0.627018
vn -0.797486 0.231938 0.556975
vn -0.797886 0.118212 0.591105
vn -0.731919 0.266725 0.627018
vn -0.714316 0.395987 0.577016
vn -0.796996 0.336787 0.50137
vn -0.797486 0.231938 0.556975
vn -0.714316 0.395987 0.577016
vn -0.692401 0.516986 0.503295
vn -0.796463 0.428714 0.42644
vn -0.796996 0.336787 0.50137
vn -1 0 0
vn -1 0 0
vn -1 0 0
vn -1 0 0
vn -1 0 0
vn -1 0 0
vn -1 0 0
vn -1 0 0
vn -1 0 0
vn -1 0 0
vn -1 0 0
vn -1 0 0
vn -1 0 0
vn -1 0 0
vn -1 0 0
vn -1 0 0
vn -1 0 0
vn -1 0 0
vn -1 0 0
vn -1 0 0
vn -1 0 0
vn -1 0 0
vn -1 0 0
vn -1 0 0
vn -1 0 0
vn -1 0 0
vn -1 0 0
vn -1 0 0
vn -1 0 0
vn -1 0 0
vn -1 0 0
vn -1 0 0
vn -0.998501 0.0304005 0.0455173
vn -1 0 0
vn -1 0 0
vn -0.998501 0.0304005 0.0455173
vn -0.993405 0.0535286 0.101401
vn -0.998501 0.0304005 0.0455173
vn -0.998501 0.0304005 0.0455173
vn -0.993405 0.0535286 0.101401
vn -0.98747 0.0432708 0.151762
vn -0.993405 0.0535286 0.101401
vn -0.993405 0.0535286 0.101401
vn -0.98747 0.0432708 0.151762
vn -0.980694 0.0401325 0.191389
vn -0.98747 0.0432708 0.151762
vn -0.98747 0.0432708 0.151762
vn -0.980694 0.0401325 0.191389
vn -0.977539 -0.0108124 0.210479
vn -0.950217 0 0.311589
vn -0.950217 0 0.311589
vn -0.977539 -0.0108124 0.210479
vn -0.994078 -0.0318468 0.1039
vn -0.977539 -0.0108124 0.210479
vn -0.977539 -0.0108124 0.210479
vn -0.994078 -0.0318468 0.1039
vn -0.998503 -0.0211242 0.0504524
vn -0.994078 -0.0318468 0.1039
vn -0.994078 -0.0318468 0.1039
vn -0.998503 -0.0211242 0.0504524
vn -1 0 0
vn -0.998503 -0.0211242 0.0504524
vn -0.998503 -0.0211242 0.0504524
vn -1 0 0
vn -0.412644 -0.645784 -0.642407
vn -0.41365 -0.77085 -0.484442
vn -0.259858 -0.767761 -0.585676
vn -0.257614 -0.676823 -0.689598
vn -0.41365 -0.77085 -0.484442
vn -0.412766 -0.858784 -0.303504
vn -0.412766 -0.858784 -0.303504
vn -0.41365 -0.77085 -0.484442
vn -0.412766 -0.858784 -0.303504
vn -0.414871 -0.905953 -0.0844441
vn -0.414871 -0.905953 -0.0844441
vn -0.412766 -0.858784 -0.303504
vn -0.414871 -0.905953 -0.0844441
vn -0.411216 -0.910104 0.0511056
vn -0.411216 -0.910104 0.0511056
vn -0.414871 -0.905953 -0.0844441
vn -0.384951 0.920902 0.0612595
vn -0.385454 0.921915 0.0387118
vn -0.147178 0.98911 -0.000725691
vn -0.146862 0.989051 0.0144665
vn -0.385454 0.921915 0.0387118
vn -0.407256 0.89351 -0.189162
vn -0.243653 0.958835 -0.14584
vn -0.147178 0.98911 -0.000725691
vn -0.407256 0.89351 -0.189162
vn -0.41481 0.770435 -0.48411
vn -0.260829 0.808454 -0.527609
vn -0.258142 0.907033 -0.332648
vn -0.41481 0.770435 -0.48411
vn -0.415057 0.64499 -0.641651
vn -0.268076 0.674804 -0.687586
vn -0.185275 0.787869 -0.587312
vn -0.415057 0.64499 -0.641651
vn -0.415142 0.507238 -0.755226
vn -0.274239 0.528434 -0.803461
vn -0.195671 0.647084 -0.736882
vn -0.415142 0.507238 -0.755226
vn -0.415068 0.349706 -0.839895
vn -0.209679 0.335688 -0.91834
vn -0.204016 0.49643 -0.843762
vn -0.415068 0.349706 -0.839895
vn -0.414982 0.178398 -0.892168
vn -0.281674 0.198982 -0.938651
vn -0.209679 0.335688 -0.91834
vn -0.414982 0.178398 -0.892168
vn -0.414718 -1.09369e-005 -0.90995
vn -0.414718 -1.09369e-005 -0.90995
vn -0.281674 0.198982 -0.938651
vn -0.414718 -1.09369e-005 -0.90995
vn -0.414216 -0.178463 -0.892511
vn -0.414216 -0.178463 -0.892511
vn -0.414718 -1.09369e-005 -0.90995
vn -0.414216 -0.178463 -0.892511
vn -0.413751 -0.349944 -0.840446
vn -0.413751 -0.349944 -0.840446
vn -0.414216 -0.178463 -0.892511
vn -0.413751 -0.349944 -0.840446
vn -0.413245 -0.507746 -0.755925
vn -0.413245 -0.507746 -0.755925
vn -0.413751 -0.349944 -0.840446
vn -0.413245 -0.507746 -0.755925
vn -0.412644 -0.645784 -0.642407
vn -0.257614 -0.676823 -0.689598
vn -0.413245 -0.507746 -0.755925
vn -0.209679 0.335688 -0.91834
vn -0.281674 0.198982 -0.938651
vn 0.00113022 0.227787 -0.97371
vn 0.00571816 0.305406 -0.952205
vn -0.129158 0.460049 -0.878449
vn -0.209679 0.335688 -0.91834
vn 0.00571816 0.305406 -0.952205
vn 0.0177751 0.459557 -0.887971
vn -0.117705 0.615761 -0.779092
vn -0.204016 0.49643 -0.843762
vn 0.0177751 0.459557 -0.887971
vn 0.0350422 0.612132 -0.789978
vn -0.103798 0.758083 -0.643845
vn -0.195671 0.647084 -0.736882
vn 0.0350422 0.612132 -0.789978
vn 0.0558214 0.755217 -0.653094
vn -0.178259 0.850306 -0.495179
vn -0.185275 0.787869 -0.587312
vn 0.0558214 0.755217 -0.653094
vn 0.0664215 0.818189 -0.5711
vn -0.147178 0.98911 -0.000725692
vn -0.147459 0.98894 -0.0159077
vn 0.100019 0.993876 -0.0469698
vn 0.10029 0.99415 -0.0401085
vn -0.146862 0.989051 0.0144665
vn -0.147178 0.98911 -0.000725692
vn 0.10029 0.99415 -0.0401085
vn 0.100556 0.994376 -0.0332453
vn 0.135837 -0.990634 -0.0138572
vn 0.137431 -0.983375 0.118682
vn 0.137431 -0.983375 0.118682
vn 0.135837 -0.990634 -0.0138572
vn 0.126009 -0.957517 -0.259389
vn 0.135837 -0.990634 -0.0138572
vn 0.135837 -0.990634 -0.0138572
vn 0.126009 -0.957517 -0.259389
vn 0.108309 -0.874303 -0.473142
vn 0.126009 -0.957517 -0.259389
vn 0.126009 -0.957517 -0.259389
vn 0.108309 -0.874303 -0.473142
vn 0.0850074 -0.753139 -0.652346
vn 0.108309 -0.874303 -0.473142
vn 0.108309 -0.874303 -0.473142
vn 0.0850074 -0.753139 -0.652346
vn -0.257614 -0.676823 -0.689598
vn -0.0831982 -0.759221 -0.645493
vn 0.0850074 -0.753139 -0.652346
vn 0.0724029 -0.682961 -0.726857
vn -1 0 0
vn -1 0 0
vn -1 0 0
vn -1 0 0
vn -1 0 0
vn -1 0 0
vn -1 0 0
vn -1 0 0
vn -1 0 0
vn -1 0 0
vn -1 0 0
vn -1 0 0
vn -1 0 0
vn -1 0 0
vn -1 0 0
vn -1 0 0
vn -1 0 0
vn -1 0 0
vn -1 0 0
vn -1 0 0
vn -1 0 0
vn -1 0 0
vn -1 0 0
vn -1 0 0
vn -1 0 0
vn -1 0 0
vn -1 0 0
vn -1 0 0
vn -1 0 0
vn -1 0 0
vn -1 0 0
vn -1 0 0
vn -1 0 0
vn -1 0 0
vn -1 0 0
vn -1 0 0
vn -1 0 0
vn -1 0 0
vn -1 0 0
vn -1 0 0
vn -1 0 0
vn -1 0 0
vn -1 0 0
vn -1 0 0
vn -1 0 0
vn -1 0 0
vn -1 0 0
vn -1 0 0
vn -1 0 0
vn -1 0 0
vn -1 0 0
vn -0.38657 0.921836 0.027957
vn -0.393274 0.914069 0.0990653
vn -0.501727 0.864233 0.0370336
vn -0.514471 0.855351 0.0607717
vn 0.0335083 -0.999417 0.00648102
vn 0.0159096 -0.999871 0.00220368
vn 0.00844282 -0.999478 -0.0311716
vn 0.0335083 -0.999417 0.00648102
vn 0.00844282 -0.999478 -0.0311716
vn 0.00733581 -0.999384 -0.0343313
vn 0.0335083 -0.999417 0.00648101
vn 0.00733581 -0.999384 -0.0343313
vn 0.0111746 -0.99966 -0.0235597
vn 0.0335083 -0.999417 0.00648101
vn 0.0111746 -0.99966 -0.0235597
vn 0.0147245 -0.999892 -2.18911e-008
vn -0.824808 -0.514851 0.233711
vn -0.824808 -0.514851 0.233711
vn -0.824808 -0.514851 0.233711
vn -0.393274 0.914069 0.0990653
vn -0.379644 0.918952 0.106762
vn -0.334511 0.923362 0.188426
vn -0.395243 0.909398 0.129533
vn -0.334511 0.923362 0.188426
vn -0.379644 0.918952 0.106762
vn -0.360599 0.922346 0.138734
vn -0.501727 0.864233 0.0370336
vn -0.789219 0.610858 0.0631297
vn -0.780462 0.621899 0.0641863
vn -0.514471 0.855351 0.0607717
vn -0.514471 0.855351 0.0607717
vn -0.780462 0.621899 0.0641863
vn -0.665674 0.744223 0.0548592
vn -0.532766 0.840777 0.0961974
vn 0.995947 0 -0.0899395
vn 0.995947 0 -0.0899395
vn 0.995947 0 -0.0899395
vn -0.780462 0.621899 0.0641863
vn -0.93172 0.353832 0.0818582
vn -0.93174 0.353821 0.0816738
vn -0.859059 0.50649 0.0740625
vn -0.789219 0.610858 0.0631297
vn -0.931699 0.353843 0.0820427
vn -0.93172 0.353832 0.0818582
vn -0.780462 0.621899 0.0641863
vn -0.931699 0.353843 0.0820427
vn -0.9938 0.059333 0.0940305
vn -0.994017 0.0593363 0.0916982
vn -0.93172 0.353832 0.0818582
vn -0.93172 0.353832 0.0818582
vn -0.994017 0.0593363 0.0916982
vn -0.99423 0.0593392 0.0893653
vn -0.93174 0.353821 0.0816738
vn -0.9938 0.059333 0.0940305
vn -0.975524 -0.218995 -0.0198702
vn -0.976691 -0.187252 0.104931
vn -0.994017 0.0593363 0.0916982
vn -0.994017 0.0593363 0.0916982
vn -0.976691 -0.187252 0.104931
vn -0.967728 -0.19005 0.16548
vn -0.99423 0.0593392 0.0893653
vn -0.975524 -0.218995 -0.0198702
vn -0.954114 -0.289111 -0.0779893
vn -0.947126 -0.299498 0.115122
vn -0.976691 -0.187252 0.104931
vn -0.976691 -0.187252 0.104931
vn -0.947126 -0.299498 0.115122
vn -0.922957 -0.30293 0.237452
vn -0.967728 -0.19005 0.16548
vn -0.975524 -0.218995 -0.0198702
vn -0.947119 -0.285435 -0.146606
vn -0.954114 -0.289111 -0.0779893
vn -0.379644 0.918952 -0.106762
vn -0.393274 0.914069 -0.0990653
vn -0.395243 0.909398 -0.129533
vn -0.44792 0.885063 -0.126613
vn -0.514471 0.855351 -0.0607717
vn -0.501727 0.864233 -0.0370336
vn -0.38657 0.921836 -0.027957
vn -0.379644 0.918952 -0.106762
vn 0.124175 0.460426 -0.87897
vn -0.0861995 0.465957 -0.880598
vn -0.132557 0.588667 -0.797433
vn 0.112279 0.576719 -0.80919
vn 0.154525 0.236197 -0.95934
vn -0.0409326 0.311832 -0.949255
vn -0.0861995 0.465957 -0.880598
vn 0.124175 0.460426 -0.87897
vn 0.16898 0.103432 -0.980177
vn -0.00599063 0.155965 -0.987744
vn -0.0409326 0.311832 -0.949255
vn 0.154525 0.236197 -0.95934
vn 0.176872 -0.0200861 -0.984029
vn 0.0158856 -1.56995e-005 -0.999874
vn -0.00599063 0.155965 -0.987744
vn 0.16898 0.103432 -0.980177
vn 0.179328 -0.144089 -0.97318
vn 0.0235536 -0.156023 -0.987473
vn 0.0158856 -1.56995e-005 -0.999874
vn 0.176872 -0.0200861 -0.984029
vn 0.17784 -0.309354 -0.93417
vn 0.0172698 -0.312342 -0.949813
vn 0.0235536 -0.156023 -0.987473
vn 0.179328 -0.144089 -0.97318
vn 0.167847 -0.506441 -0.845781
vn -0.00137126 -0.468284 -0.883577
vn 0.0172698 -0.312342 -0.949813
vn 0.17784 -0.309354 -0.93417
vn 0.151858 -0.666812 -0.729589
vn -0.0293046 -0.620681 -0.783515
vn -0.00137126 -0.468284 -0.883577
vn 0.167847 -0.506441 -0.845781
vn 0.120584 -0.83071 -0.543489
vn -0.0647129 -0.795239 -0.602832
vn -0.0293046 -0.620681 -0.783515
vn 0.151858 -0.666812 -0.729589
vn 0.0754283 -0.949148 -0.305662
vn -0.0901803 -0.937437 -0.336271
vn -0.0647129 -0.795239 -0.602832
vn 0.120584 -0.83071 -0.543489
vn 0.0386058 -0.992674 -0.114493
vn -0.104973 -0.987472 -0.117815
vn -0.0901803 -0.937437 -0.336271
vn 0.0754283 -0.949148 -0.305662
vn 0.0159096 -0.999871 -0.00220365
vn -0.111923 -0.993608 -0.0147071
vn -0.104973 -0.987472 -0.117815
vn 0.0386058 -0.992674 -0.114493
vn 0.00844281 -0.999478 0.0311716
vn -0.107606 -0.99397 0.0210993
vn -0.111923 -0.993608 -0.0147071
vn 0.0159096 -0.999871 -0.00220365
vn 0.00733579 -0.999384 0.0343313
vn -0.10309 -0.992612 0.0639878
vn -0.107606 -0.99397 0.0210993
vn 0.00844281 -0.999478 0.0311716
vn 0.0111746 -0.99966 0.0235596
vn -0.108696 -0.994073 0.0017508
vn -0.10309 -0.992612 0.0639878
vn 0.00733579 -0.999384 0.0343313
vn 0.0147245 -0.999892 -2.14253e-008
vn -0.116068 -0.993241 9.0957e-008
vn -0.108696 -0.994073 0.0017508
vn 0.0111746 -0.99966 0.0235596
vn -0.334511 0.923362 -0.188426
vn -0.35851 0.900054 -0.247737
vn -0.360599 0.922346 -0.138734
vn -0.212727 0.847257 -0.486726
vn -0.295585 0.843527 -0.448432
vn -0.35851 0.900054 -0.247737
vn -0.334511 0.923362 -0.188426
vn 0.0486269 0.647537 -0.760481
vn -0.19602 0.72701 -0.658052
vn -0.295585 0.843527 -0.448432
vn -0.212727 0.847257 -0.486726
vn -0.138131 0.694744 -0.705869
vn 0.0486269 0.647537 -0.760481
vn 0.112279 0.576719 -0.80919
vn -0.132557 0.588667 -0.797433
vn 0.207923 0.612943 -0.762279
vn 0.112279 0.576719 -0.80919
vn 0.0486269 0.647537 -0.760481
vn 0.0335083 -0.999417 -0.00648101
vn 0.0159096 -0.999871 -0.00220365
vn 0.0386058 -0.992674 -0.114493
vn 0.122185 -0.961594 -0.24578
vn 0.0335083 -0.999417 -0.00648101
vn 0.0386058 -0.992674 -0.114493
vn 0.0754283 -0.949148 -0.305662
vn 0.182587 -0.871437 -0.455259
vn 0.122185 -0.961594 -0.24578
vn 0.0754283 -0.949148 -0.305662
vn 0.120584 -0.83071 -0.543489
vn 0.218205 -0.737185 -0.639487
vn 0.182587 -0.871437 -0.455259
vn 0.120584 -0.83071 -0.543489
vn 0.151858 -0.666812 -0.729589
vn 0.232746 -0.573653 -0.785336
vn 0.218205 -0.737185 -0.639487
vn 0.151858 -0.666812 -0.729589
vn 0.167847 -0.506441 -0.845781
vn 0.242454 -0.331943 -0.911608
vn 0.232746 -0.573653 -0.785336
vn 0.167847 -0.506441 -0.845781
vn 0.17784 -0.309354 -0.93417
vn 0.241276 -0.146109 -0.959395
vn 0.242454 -0.331943 -0.911608
vn 0.17784 -0.309354 -0.93417
vn 0.179328 -0.144089 -0.97318
vn 0.241048 -0.0400998 -0.969684
vn 0.241276 -0.146109 -0.959395
vn 0.179328 -0.144089 -0.97318
vn 0.176872 -0.0200861 -0.984029
vn 0.238568 0.0644211 -0.968987
vn 0.241048 -0.0400998 -0.969684
vn 0.176872 -0.0200861 -0.984029
vn 0.16898 0.103432 -0.980177
vn 0.232074 0.183929 -0.95515
vn 0.238568 0.0644211 -0.968987
vn 0.16898 0.103432 -0.980177
vn 0.154525 0.236197 -0.95934
vn 0.205014 0.482861 -0.851361
vn 0.232074 0.183929 -0.95515
vn 0.154525 0.236197 -0.95934
vn 0.124175 0.460426 -0.87897
vn 0.207923 0.612943 -0.762279
vn 0.205014 0.482861 -0.851361
vn 0.124175 0.460426 -0.87897
vn 0.112279 0.576719 -0.80919
vn 1 0 0
vn 1 0 0
vn 1 0 0
vn 1 0 0
vn 1 0 0
vn 1 0 0
vn 1 0 0
vn 1 0 0
vn 1 0 0
vn 1 0 0
vn 1 0 0
vn 1 0 0
vn 1 0 0
vn 1 0 0
vn 1 0 0
vn 1 0 0
vn 1 0 0
vn 1 0 0
vn 1 0 0
vn 1 0 0
vn 1 0 0
vn 1 0 0
vn 1 0 0
vn 1 0 0
vn 1 0 0
vn 1 0 0
vn 1 0 0
vn 1 0 0
vn 1 0 0
vn 1 0 0
vn 1 0 0
vn 1 0 0
vn 1 0 0
vn 1 0 0
vn 1 0 0
vn 1 0 0
vn 1 0 0
vn 1 0 0
vn 1 0 0
vn 1 0 0
vn 1 0 0
vn 1 0 0
vn 1 0 0
vn 1 0 0
vn 1 0 0
vn 1 0 0
vn 1 0 0
vn 1 0 0
vn 1 0 0
vn 1 0 0
vn 1 0 0
vn 1 0 0
vn 1 0 0
vn 1 0 0
vn 1 0 0
vn 1 0 0
vn 1 0 0
vn 1 0 0
vn 1 0 0
vn 1 0 0
vn -0.361933 0.649803 -0.668401
vn -0.397495 0.755683 -0.52052
vn -0.19602 0.72701 -0.658052
vn -0.132557 0.588667 -0.797433
vn -0.397495 0.755683 -0.52052
vn -0.422378 0.828497 -0.367682
vn -0.295585 0.843527 -0.448432
vn -0.259137 0.768014 -0.585664
vn -0.422378 0.828497 -0.367682
vn -0.426409 0.869044 -0.250874
vn -0.35851 0.900054 -0.247737
vn -0.295585 0.843527 -0.448432
vn -0.426409 0.869044 -0.250874
vn -0.409738 0.893531 -0.183624
vn -0.360599 0.922346 -0.138734
vn -0.35851 0.900054 -0.247737
vn -0.409738 0.893531 -0.183624
vn -0.532766 0.840777 -0.0961974
vn -0.514471 0.855351 -0.0607717
vn -0.379644 0.918952 -0.106762
vn -0.360599 0.922346 -0.138734
vn -0.241075 -0.952715 -0.184977
vn -0.22617 -0.974087 -0.00143764
vn -0.108696 -0.994073 0.0017508
vn -0.116068 -0.993241 9.02464e-008
vn -0.345047 -0.929459 0.130572
vn -0.385697 -0.908909 0.158502
vn -0.10309 -0.992612 0.0639878
vn -0.108696 -0.994073 0.0017508
vn -0.323297 -0.942837 0.0808504
vn -0.382793 -0.923665 -0.0176887
vn -0.107606 -0.99397 0.0210993
vn -0.10309 -0.992612 0.0639878
vn -0.382793 -0.923665 -0.0176887
vn -0.3878 -0.917254 -0.0908669
vn -0.111923 -0.993608 -0.0147071
vn -0.107606 -0.99397 0.0210993
vn -0.3878 -0.917254 -0.0908669
vn -0.386749 -0.915191 -0.113363
vn -0.104973 -0.987472 -0.117815
vn -0.111923 -0.993608 -0.0147071
vn -0.386749 -0.915191 -0.113363
vn -0.383453 -0.88431 -0.266381
vn -0.0901803 -0.937437 -0.336271
vn -0.104973 -0.987472 -0.117815
vn -0.383453 -0.88431 -0.266381
vn -0.361072 -0.777214 -0.51533
vn -0.0647129 -0.795239 -0.602832
vn -0.0901803 -0.937437 -0.336271
vn -0.361072 -0.777214 -0.51533
vn -0.326621 -0.657584 -0.678898
vn -0.0293046 -0.620681 -0.783515
vn -0.0647129 -0.795239 -0.602832
vn -0.326621 -0.657584 -0.678898
vn -0.293707 -0.520635 -0.80167
vn -0.00137126 -0.468284 -0.883577
vn -0.0293046 -0.620681 -0.783515
vn -0.293707 -0.520635 -0.80167
vn -0.266886 -0.360841 -0.893625
vn 0.0172698 -0.312342 -0.949813
vn -0.00137126 -0.468284 -0.883577
vn -0.266886 -0.360841 -0.893625
vn -0.250941 -0.184617 -0.950234
vn 0.0235536 -0.156023 -0.987473
vn 0.0172698 -0.312342 -0.949813
vn -0.250941 -0.184617 -0.950234
vn -0.249001 6.66957e-005 -0.968503
vn 0.0158856 -1.56995e-005 -0.999874
vn 0.0235535 -0.156023 -0.987473
vn -0.249001 6.66957e-005 -0.968503
vn -0.261947 0.184298 -0.947321
vn -0.00599063 0.155965 -0.987744
vn 0.0158856 -1.57014e-005 -0.999874
vn -0.261947 0.184298 -0.947321
vn -0.288095 0.359074 -0.887732
vn -0.0409326 0.311832 -0.949255
vn -0.00599063 0.155965 -0.987744
vn -0.288095 0.359074 -0.887732
vn -0.323361 0.51633 -0.792995
vn -0.0861995 0.465957 -0.880598
vn -0.0409326 0.311832 -0.949255
vn -0.323361 0.51633 -0.792995
vn -0.361933 0.649803 -0.668401
vn -0.132557 0.588667 -0.797433
vn -0.0861995 0.465957 -0.880599
vn -0.501613 0.513381 -0.696293
vn -0.492191 0.645016 -0.584553
vn -0.361933 0.649803 -0.668401
vn -0.323361 0.51633 -0.792995
vn -0.509406 0.357709 -0.782656
vn -0.501613 0.513381 -0.696293
vn -0.323361 0.51633 -0.792995
vn -0.288095 0.359074 -0.887732
vn -0.514834 0.183782 -0.837359
vn -0.509406 0.357709 -0.782656
vn -0.288095 0.359074 -0.887732
vn -0.261947 0.184298 -0.947321
vn -0.51749 -5.09905e-006 -0.855689
vn -0.514834 0.183782 -0.837359
vn -0.261947 0.184298 -0.947321
vn -0.249001 6.66957e-005 -0.968503
vn -0.516997 -0.183512 -0.836084
vn -0.51749 -5.09905e-006 -0.855689
vn -0.249001 6.66957e-005 -0.968503
vn -0.250941 -0.184617 -0.950234
vn -0.512965 -0.356837 -0.780727
vn -0.516997 -0.183512 -0.836084
vn -0.250941 -0.184617 -0.950234
vn -0.266886 -0.360841 -0.893625
vn -0.505236 -0.51211 -0.694608
vn -0.512965 -0.356837 -0.780727
vn -0.266886 -0.360841 -0.893625
vn -0.293707 -0.520635 -0.80167
vn -0.494361 -0.644071 -0.583763
vn -0.505236 -0.51211 -0.694608
vn -0.293707 -0.520635 -0.80167
vn -0.326621 -0.657584 -0.678898
vn -0.481834 -0.749512 -0.453946
vn -0.494361 -0.644071 -0.583763
vn -0.326621 -0.657584 -0.678898
vn -0.361072 -0.777214 -0.51533
vn -0.464102 -0.855358 -0.230154
vn -0.481834 -0.749512 -0.453946
vn -0.361072 -0.777214 -0.51533
vn -0.383453 -0.88431 -0.266381
vn -0.434598 -0.894292 -0.10661
vn -0.464102 -0.855358 -0.230154
vn -0.383453 -0.88431 -0.266381
vn -0.386749 -0.915191 -0.113363
vn -0.464657 -0.874971 -0.136089
vn -0.434598 -0.894292 -0.10661
vn -0.386749 -0.915191 -0.113363
vn -0.3878 -0.917254 -0.0908669
vn -0.54047 -0.84001 -0.0476927
vn -0.464657 -0.874971 -0.136089
vn -0.3878 -0.917254 -0.0908669
vn -0.382793 -0.923665 -0.0176887
vn -0.552104 -0.808267 0.20466
vn -0.54047 -0.84001 -0.0476927
vn -0.382793 -0.923665 -0.0176887
vn -0.385697 -0.908909 0.158502
vn -0.5444 -0.749299 0.377068
vn -0.552104 -0.808267 0.20466
vn -0.441848 -0.874429 0.200361
vn -0.383633 -0.877805 0.286852
vn -0.459546 0.84934 -0.259689
vn -0.466905 0.851222 -0.239629
vn -0.409738 0.893531 -0.183624
vn -0.426409 0.869044 -0.250874
vn -0.464823 0.820823 -0.331946
vn -0.459546 0.84934 -0.259689
vn -0.426409 0.869044 -0.250874
vn -0.422378 0.828497 -0.367682
vn -0.482393 0.749276 -0.453743
vn -0.464823 0.820823 -0.331946
vn -0.422378 0.828497 -0.367682
vn -0.397495 0.755683 -0.52052
vn -0.492191 0.645016 -0.584553
vn -0.482393 0.749276 -0.453743
vn -0.397495 0.755683 -0.52052
vn -0.361933 0.649803 -0.668401
vn -0.556013 0.608273 -0.566439
vn -0.501539 0.731794 -0.461451
vn -0.482393 0.749276 -0.453743
vn -0.492191 0.645016 -0.584553
vn -0.501539 0.731794 -0.461451
vn -0.455584 0.816842 -0.353853
vn -0.464823 0.820823 -0.331946
vn -0.482393 0.749276 -0.453743
vn -0.455584 0.816842 -0.353853
vn -0.445933 0.856037 -0.261429
vn -0.459546 0.84934 -0.259689
vn -0.464823 0.820823 -0.331946
vn -0.445933 0.856037 -0.261429
vn -0.44883 0.865975 -0.220544
vn -0.466905 0.851222 -0.239629
vn -0.459546 0.84934 -0.259689
vn -0.365139 -0.924364 -0.110566
vn -0.362777 -0.927036 -0.0948516
vn -0.434598 -0.894292 -0.10661
vn -0.464657 -0.874971 -0.136089
vn -0.362777 -0.927036 -0.0948516
vn -0.421477 -0.872663 -0.24661
vn -0.464102 -0.855358 -0.230154
vn -0.434598 -0.894292 -0.10661
vn -0.421477 -0.872663 -0.24661
vn -0.494133 -0.734872 -0.464538
vn -0.481834 -0.749512 -0.453946
vn -0.464102 -0.855358 -0.230154
vn -0.494133 -0.734872 -0.464538
vn -0.544341 -0.614237 -0.571319
vn -0.494361 -0.644071 -0.583763
vn -0.481834 -0.749512 -0.453946
vn -0.544341 -0.614237 -0.571319
vn -0.590661 -0.470928 -0.655245
vn -0.505236 -0.51211 -0.694608
vn -0.494361 -0.644071 -0.583763
vn -0.590661 -0.470928 -0.655245
vn -0.62641 -0.317318 -0.711983
vn -0.512965 -0.356837 -0.780727
vn -0.505236 -0.51211 -0.694608
vn -0.62641 -0.317318 -0.711983
vn -0.648721 -0.159296 -0.744168
vn -0.516997 -0.183512 -0.836084
vn -0.512965 -0.356837 -0.780727
vn -0.648721 -0.159296 -0.744168
vn -0.656555 -1.80615e-005 -0.754279
vn -0.51749 -5.09905e-006 -0.855689
vn -0.516997 -0.183512 -0.836084
vn -0.656555 -1.80615e-005 -0.754279
vn -0.649887 0.158997 -0.743214
vn -0.514834 0.183782 -0.837359
vn -0.51749 -5.09717e-006 -0.855689
vn -0.649887 0.158997 -0.743214
vn -0.629411 0.316123 -0.709865
vn -0.509406 0.357709 -0.782656
vn -0.514834 0.183782 -0.837359
vn -0.629411 0.316123 -0.709865
vn -0.596899 0.467936 -0.651727
vn -0.501613 0.513381 -0.696293
vn -0.509406 0.357709 -0.782656
vn -0.596899 0.467936 -0.651727
vn -0.556013 0.608273 -0.566439
vn -0.492191 0.645016 -0.584553
vn -0.501613 0.513381 -0.696293
vn -0.714317 0.395986 -0.577015
vn -0.692402 0.516986 -0.503294
vn -0.556014 0.608273 -0.566439
vn -0.596899 0.467936 -0.651727
vn -0.73192 0.266725 -0.627018
vn -0.714317 0.395986 -0.577015
vn -0.596899 0.467936 -0.651727
vn -0.629411 0.316123 -0.709865
vn -0.7436 0.133844 -0.655091
vn -0.73192 0.266725 -0.627018
vn -0.629411 0.316123 -0.709865
vn -0.649887 0.158997 -0.743214
vn -0.748736 9.81198e-005 -0.662868
vn -0.7436 0.133844 -0.655091
vn -0.649887 0.158997 -0.743214
vn -0.656555 -1.80615e-005 -0.754278
vn -0.747155 -0.132868 -0.651234
vn -0.748736 9.81198e-005 -0.662868
vn -0.656555 -1.80615e-005 -0.754278
vn -0.648721 -0.159296 -0.744168
vn -0.738936 -0.263594 -0.620075
vn -0.747155 -0.132868 -0.651234
vn -0.648721 -0.159296 -0.744168
vn -0.62641 -0.317318 -0.711983
vn -0.724493 -0.389922 -0.568393
vn -0.738936 -0.263594 -0.620075
vn -0.62641 -0.317318 -0.711983
vn -0.590661 -0.470928 -0.655245
vn -0.704922 -0.508182 -0.494808
vn -0.724493 -0.389922 -0.568393
vn -0.590661 -0.470928 -0.655245
vn -0.544341 -0.614237 -0.571319
vn -0.683217 -0.596428 -0.421294
vn -0.704922 -0.508182 -0.494808
vn -0.544341 -0.614237 -0.571319
vn -0.494133 -0.734872 -0.464538
vn -0.650997 -0.716763 -0.249906
vn -0.683217 -0.596428 -0.421294
vn -0.494133 -0.734872 -0.464538
vn -0.421477 -0.872663 -0.24661
vn -0.61587 -0.778611 -0.120289
vn -0.587402 -0.781851 -0.208969
vn -0.421477 -0.872663 -0.24661
vn -0.362777 -0.927036 -0.0948516
vn -0.621165 -0.771002 -0.140394
vn -0.61587 -0.778611 -0.120289
vn -0.362777 -0.927036 -0.0948516
vn -0.365139 -0.924364 -0.110566
vn -0.622181 0.732973 -0.275032
vn -0.609064 0.749703 -0.258818
vn -0.44883 0.865975 -0.220544
vn -0.445933 0.856037 -0.261429
vn -0.635088 0.689386 -0.348439
vn -0.622181 0.732973 -0.275032
vn -0.445933 0.856037 -0.261429
vn -0.455584 0.816842 -0.353853
vn -0.656963 0.617469 -0.432587
vn -0.635088 0.689386 -0.348439
vn -0.455584 0.816842 -0.353853
vn -0.501539 0.731794 -0.461451
vn -0.692402 0.516986 -0.503294
vn -0.656963 0.617469 -0.432587
vn -0.501539 0.731794 -0.461451
vn -0.556014 0.608273 -0.566439
vn -0.796464 0.428714 -0.426439
vn -0.791481 0.485082 -0.371823
vn -0.656963 0.617469 -0.432587
vn -0.692402 0.516986 -0.503294
vn -0.791481 0.485082 -0.371823
vn -0.789079 0.53131 -0.308325
vn -0.635088 0.689386 -0.348439
vn -0.656963 0.617469 -0.432587
vn -0.789079 0.53131 -0.308325
vn -0.775299 0.567743 -0.27673
vn -0.622181 0.732973 -0.275032
vn -0.635088 0.689386 -0.348439
vn -0.775299 0.567743 -0.27673
vn -0.762692 0.574286 -0.297483
vn -0.609064 0.749703 -0.258818
vn -0.622181 0.732973 -0.275032
vn -0.782794 -0.601724 -0.158625
vn -0.787384 -0.602054 -0.132502
vn -0.61587 -0.778611 -0.120289
vn -0.621165 -0.771002 -0.140394
vn -0.787384 -0.602054 -0.132502
vn -0.802317 -0.54977 -0.232465
vn -0.650997 -0.716763 -0.249906
vn -0.61587 -0.778611 -0.120289
vn -0.802317 -0.54977 -0.232465
vn -0.797758 -0.477573 -0.368113
vn -0.683217 -0.596428 -0.421294
vn -0.720537 -0.62623 -0.297763
vn -0.797758 -0.477573 -0.368113
vn -0.798545 -0.426741 -0.424521
vn -0.704922 -0.508182 -0.494808
vn -0.683217 -0.596428 -0.421294
vn -0.798545 -0.426741 -0.424521
vn -0.798597 -0.335589 -0.499623
vn -0.724493 -0.389922 -0.568393
vn -0.704922 -0.508182 -0.494808
vn -0.798597 -0.335589 -0.499623
vn -0.798576 -0.231356 -0.555653
vn -0.738935 -0.263594 -0.620075
vn -0.724493 -0.389922 -0.568393
vn -0.798576 -0.231356 -0.555653
vn -0.798454 -0.118032 -0.590372
vn -0.747155 -0.132868 -0.651234
vn -0.738936 -0.263594 -0.620075
vn -0.798454 -0.118032 -0.590372
vn -0.798222 2.20481e-005 -0.602363
vn -0.748736 9.81198e-005 -0.662868
vn -0.747155 -0.132868 -0.651234
vn -0.798222 2.20481e-005 -0.602363
vn -0.797886 0.118212 -0.591105
vn -0.7436 0.133844 -0.655091
vn -0.748736 9.81208e-005 -0.662868
vn -0.797886 0.118212 -0.591105
vn -0.797486 0.231938 -0.556975
vn -0.73192 0.266725 -0.627018
vn -0.7436 0.133844 -0.655091
vn -0.797486 0.231938 -0.556975
vn -0.796997 0.336786 -0.501369
vn -0.714317 0.395986 -0.577015
vn -0.73192 0.266725 -0.627018
vn -0.796997 0.336786 -0.501369
vn -0.796464 0.428714 -0.426439
vn -0.692402 0.516986 -0.503294
vn -0.714317 0.395986 -0.577015
vn -1 0 0
vn -1 0 0
vn -1 0 0
vn -1 0 0
vn -1 0 0
vn -1 0 0
vn -1 0 0
vn -1 0 0
vn -1 0 0
vn -1 0 0
vn -1 0 0
vn -1 0 0
vn -1 0 0
vn -1 0 0
vn -1 0 0
vn -1 0 0
vn -1 0 0
vn -1 0 0
vn -1 0 0
vn -1 0 0
vn -1 0 0
vn -1 0 0
vn -1 0 0
vn -1 0 0
vn -1 0 0
vn -1 0 0
vn -1 0 0
vn -1 0 0
vn -1 0 0
vn -1 0 0
vn -1 0 0
vn -1 0 0
vn -0.998501 0.0304005 -0.0455173
vn -1 0 0
vn -1 0 0
vn -0.998501 0.0304005 -0.0455173
vn -0.993405 0.053529 -0.101401
vn -0.998501 0.0304005 -0.0455173
vn -0.998501 0.0304005 -0.0455173
vn -0.993405 0.053529 -0.101401
vn -0.98747 0.0432712 -0.151761
vn -0.993405 0.053529 -0.101401
vn -0.993405 0.053529 -0.101401
vn -0.98747 0.0432712 -0.151761
vn -0.980694 0.0401325 -0.191389
vn -0.98747 0.0432712 -0.151761
vn -0.98747 0.0432712 -0.151761
vn -0.980694 0.0401325 -0.191389
vn -0.977539 -0.0108123 -0.210478
vn -0.950217 0 -0.311589
vn -0.950217 0 -0.311589
vn -0.977539 -0.0108123 -0.210478
vn -0.994078 -0.0318472 -0.1039
vn -0.977539 -0.0108123 -0.210478
vn -0.977539 -0.0108123 -0.210478
vn -0.994078 -0.0318472 -0.1039
vn -0.998503 -0.0211245 -0.0504522
vn -0.994078 -0.0318472 -0.1039
vn -0.994078 -0.0318472 -0.1039
vn -0.998503 -0.0211245 -0.0504522
vn -1 0 0
vn -0.998503 -0.0211245 -0.0504522
vn -0.998503 -0.0211245 -0.0504522
vn -1 0 0
vn -0.257616 -0.676823 0.689597
vn -0.259858 -0.767761 0.585676
vn -0.413651 -0.77085 0.484442
vn -0.412647 -0.645783 0.642407
vn -0.413651 -0.77085 0.484442
vn -0.412765 -0.858784 0.303504
vn -0.412765 -0.858784 0.303504
vn -0.413651 -0.77085 0.484442
vn -0.412765 -0.858784 0.303504
vn -0.414871 -0.905953 0.0844438
vn -0.414871 -0.905953 0.0844438
vn -0.412765 -0.858784 0.303504
vn -0.414871 -0.905953 0.0844438
vn -0.411216 -0.910104 -0.0511056
vn -0.411216 -0.910104 -0.0511056
vn -0.414871 -0.905953 0.0844438
vn -0.146862 0.989051 -0.0144665
vn -0.147178 0.98911 0.00072568
vn -0.385454 0.921915 -0.0387118
vn -0.384951 0.920902 -0.0612595
vn -0.147178 0.98911 0.00072568
vn -0.243652 0.958835 0.14584
vn -0.407256 0.89351 0.189162
vn -0.385454 0.921915 -0.0387118
vn -0.258142 0.907033 0.332648
vn -0.260829 0.808454 0.527608
vn -0.414811 0.770435 0.48411
vn -0.407256 0.89351 0.189162
vn -0.185275 0.787869 0.587312
vn -0.268077 0.674804 0.687586
vn -0.415058 0.644989 0.64165
vn -0.414811 0.770435 0.48411
vn -0.195671 0.647084 0.736882
vn -0.27424 0.528434 0.803461
vn -0.415144 0.507238 0.755225
vn -0.415058 0.644989 0.64165
vn -0.204017 0.49643 0.843762
vn -0.20968 0.335687 0.91834
vn -0.41507 0.349706 0.839895
vn -0.415144 0.507238 0.755225
vn -0.20968 0.335687 0.91834
vn -0.281674 0.198981 0.938651
vn -0.414982 0.178398 0.892168
vn -0.41507 0.349706 0.839895
vn -0.281674 0.198981 0.938651
vn -0.414718 -1.09369e-005 0.90995
vn -0.414718 -1.09369e-005 0.90995
vn -0.414982 0.178398 0.892168
vn -0.414718 -1.09369e-005 0.90995
vn -0.414218 -0.178463 0.89251
vn -0.414218 -0.178463 0.89251
vn -0.414718 -1.09369e-005 0.90995
vn -0.414218 -0.178463 0.89251
vn -0.413753 -0.349943 0.840445
vn -0.413753 -0.349943 0.840445
vn -0.414218 -0.178463 0.89251
vn -0.413753 -0.349943 0.840445
vn -0.413247 -0.507746 0.755924
vn -0.413247 -0.507746 0.755924
vn -0.413753 -0.349943 0.840445
vn -0.413247 -0.507746 0.755924
vn -0.257616 -0.676823 0.689597
vn -0.412647 -0.645783 0.642407
vn -0.413247 -0.507746 0.755924
vn 0.00571819 0.305406 0.952205
vn 0.00113022 0.227787 0.97371
vn -0.281674 0.198981 0.938651
vn -0.20968 0.335687 0.91834
vn 0.0177752 0.459557 0.887971
vn 0.00571819 0.305406 0.952205
vn -0.20968 0.335687 0.91834
vn -0.129159 0.460049 0.878449
vn 0.0350423 0.612132 0.789979
vn 0.0177752 0.459557 0.887971
vn -0.204017 0.49643 0.843762
vn -0.117705 0.615761 0.779092
vn 0.0558214 0.755217 0.653094
vn 0.0350423 0.612132 0.789979
vn -0.195671 0.647084 0.736882
vn -0.103799 0.758083 0.643845
vn 0.0664215 0.818189 0.571099
vn 0.0558214 0.755217 0.653094
vn -0.185275 0.787869 0.587312
vn -0.178258 0.850307 0.495179
vn 0.10029 0.99415 0.0401085
vn 0.100019 0.993876 0.0469697
vn -0.147459 0.98894 0.0159077
vn -0.147178 0.98911 0.00072568
vn 0.100556 0.994376 0.0332453
vn 0.10029 0.99415 0.0401085
vn -0.147178 0.98911 0.00072568
vn -0.146862 0.989051 -0.0144665
vn 0.135837 -0.990634 0.0138572
vn 0.137431 -0.983375 -0.118682
vn 0.137431 -0.983375 -0.118682
vn 0.135837 -0.990634 0.0138572
vn 0.126009 -0.957517 0.259389
vn 0.135837 -0.990634 0.0138572
vn 0.135837 -0.990634 0.0138572
vn 0.126009 -0.957517 0.259389
vn 0.108309 -0.874304 0.473141
vn 0.126009 -0.957517 0.259389
vn 0.126009 -0.957517 0.259389
vn 0.108309 -0.874304 0.473141
vn 0.0850074 -0.753139 0.652346
vn 0.108309 -0.874304 0.473141
vn 0.108309 -0.874304 0.473141
vn 0.0850074 -0.753139 0.652346
vn 0.072403 -0.682961 0.726857
vn 0.0850074 -0.753139 0.652346
vn -0.083199 -0.759221 0.645493
vn -0.257616 -0.676823 0.689597
vn -1 0 0
vn -1 0 0
vn -1 0 0
vn -1 0 0
vn -1 0 0
vn -1 0 0
vn -1 0 0
vn -1 0 0
vn -1 0 0
vn -1 0 0
vn -1 0 0
vn -1 0 0
vn -1 0 0
vn -1 0 0
vn -1 0 0
vn -1 0 0
vn -1 0 0
vn -1 0 0
vn -1 0 0
vn -1 0 0
vn -1 0 0
vn -1 0 0
vn -1 0 0
vn -1 0 0
vn -1 0 0
vn -1 0 0
vn -1 0 0
vn -1 0 0
vn -1 0 0
vn -1 0 0
vn -1 0 0
vn -1 0 0
vn -1 0 0
vn -1 0 0
vn -1 0 0
vn -1 0 0
vn -1 0 0
vn -1 0 0
vn -1 0 0
vn -1 0 0
vn -1 0 0
vn -1 0 0
vn -1 0 0
vn -1 0 0
vn -1 0 0
vn -1 0 0
vn -1 0 0
vn -1 0 0
vn -1 0 0
vn -1 0 0
vn -1 0 0
vn -0.514471 0.855351 -0.0607717
vn -0.501727 0.864233 -0.0370336
vn -0.393274 0.914069 -0.0990653
vn -0.38657 0.921836 -0.027957
vn 0.00844281 -0.999478 0.0311716
vn 0.0159096 -0.999871 -0.00220365
vn 0.0335083 -0.999417 -0.00648101
vn 0.00733579 -0.999384 0.0343313
vn 0.00844281 -0.999478 0.0311716
vn 0.0335083 -0.999417 -0.00648101
vn 0.0111746 -0.99966 0.0235596
vn 0.00733579 -0.999384 0.0343313
vn 0.0335083 -0.999417 -0.00648101
vn 0.0147245 -0.999892 -2.11924e-008
vn 0.0111746 -0.99966 0.0235596
vn 0.0335083 -0.999417 -0.00648101
vn -0.824806 -0.514854 -0.23371
vn -0.824806 -0.514854 -0.23371
vn -0.824806 -0.514854 -0.23371
vn -0.395243 0.909398 -0.129533
vn -0.334511 0.923362 -0.188426
vn -0.379644 0.918952 -0.106762
vn -0.393274 0.914069 -0.0990653
vn -0.360599 0.922346 -0.138734
vn -0.379644 0.918952 -0.106762
vn -0.334511 0.923362 -0.188426
vn -0.514471 0.855351 -0.0607717
vn -0.780462 0.621899 -0.0641863
vn -0.789219 0.610858 -0.0631297
vn -0.501727 0.864233 -0.0370336
vn -0.532766 0.840777 -0.0961974
vn -0.665674 0.744223 -0.0548592
vn -0.780462 0.621899 -0.0641863
vn -0.514471 0.855351 -0.0607717
vn 0.995947 0 0.0899395
vn 0.995947 0 0.0899395
vn 0.995947 0 0.0899395
vn -0.859059 0.50649 -0.0740625
vn -0.93174 0.353821 -0.0816738
vn -0.93172 0.353832 -0.0818582
vn -0.780462 0.621899 -0.0641863
vn -0.780462 0.621899 -0.0641863
vn -0.93172 0.353832 -0.0818582
vn -0.931699 0.353843 -0.0820427
vn -0.789219 0.610858 -0.0631297
vn -0.93172 0.353832 -0.0818582
vn -0.994017 0.0593363 -0.0916982
vn -0.9938 0.059333 -0.0940305
vn -0.931699 0.353843 -0.0820427
vn -0.93174 0.353821 -0.0816738
vn -0.99423 0.0593392 -0.0893653
vn -0.994017 0.0593363 -0.0916982
vn -0.93172 0.353832 -0.0818582
vn -0.994017 0.0593363 -0.0916982
vn -0.976691 -0.187252 -0.104931
vn -0.975524 -0.218995 0.0198702
vn -0.9938 0.059333 -0.0940305
vn -0.99423 0.0593392 -0.0893653
vn -0.967728 -0.19005 -0.16548
vn -0.976691 -0.187252 -0.104931
vn -0.994017 0.0593363 -0.0916982
vn -0.976691 -0.187252 -0.104931
vn -0.947126 -0.299498 -0.115122
vn -0.954114 -0.289111 0.0779893
vn -0.975524 -0.218995 0.0198702
vn -0.967728 -0.19005 -0.16548
vn -0.922957 -0.30293 -0.237452
vn -0.947126 -0.299498 -0.115122
vn -0.976691 -0.187252 -0.104931
vn -0.954114 -0.289111 0.0779893
vn -0.947119 -0.285435 0.146606
vn -0.975524 -0.218995 0.0198702
vn -0.143723 0.989497 0.0154545
vn -0.236325 0.971548 0.0156536
vn -0.236325 0.971548 0.0156536
vn -0.143723 0.989497 0.0154545
vn -0.196847 -0.980198 -0.0215093
vn -0.287392 -0.957543 -0.0227501
vn -0.287392 -0.957543 -0.0227501
vn -0.196847 -0.980198 -0.0215093
vn 0 0 1
vn 0 0 1
vn 0 0 1
vn 0 0 1
vn 0.0136213 -3.775e-005 0.999907
vn 0.0136213 -3.775e-005 0.999907
vn 0.0150912 -3.09974e-005 0.999886
vn 0.0150912 -3.09974e-005 0.999886
vn -0.143723 0.989497 0.0154545
vn -0.143723 0.989497 0.0154545
vn -0.552301 0.833629 0.00513828
vn -0.552301 0.833629 0.00513828
vn -0.0116191 3.22011e-005 -0.999932
vn -0.0116191 3.22011e-005 -0.999932
vn -0.017722 3.35416e-005 -0.999843
vn -0.017722 3.35416e-005 -0.999843
vn -0.287392 -0.957543 -0.0227501
vn -0.287392 -0.957543 -0.0227501
vn -0.705797 -0.707943 -0.0258318
vn -0.705797 -0.707943 -0.0258318
vn 0.0150912 -3.09974e-005 0.999886
vn 0.0150912 -3.09974e-005 0.999886
vn 0.0165611 -2.42448e-005 0.999863
vn 0.0165611 -2.42448e-005 0.999863
vn -0.552301 0.833629 0.00513828
vn -0.552301 0.833629 0.00513828
vn -0.939298 0.342929 -0.0108995
vn -0.939298 0.342929 -0.0108995
vn -0.017722 3.35416e-005 -0.999843
vn -0.017722 3.35416e-005 -0.999843
vn -0.0238242 3.48809e-005 -0.999716
vn -0.0238242 3.48809e-005 -0.999716
vn -0.705797 -0.707943 -0.0258318
vn -0.705797 -0.707943 -0.0258318
vn -0.956832 -0.289746 -0.022777
vn -0.956832 -0.289746 -0.022777
vn -0.956832 -0.289746 -0.022777
vn -0.939298 0.342929 -0.0108995
vn -0.939298 0.342929 -0.0108995
vn -0.956832 -0.289746 -0.022777
vn -0.00273303 -7.08148e-005 0.999996
vn -0.00273303 -7.08148e-005 0.999996
vn -0.00273303 -7.08148e-005 0.999996
vn -0.00273303 -7.08148e-005 0.999996
vn -0.196847 -0.980198 -0.0215093
vn -0.196847 -0.980198 -0.0215093
vn -0.384971 -0.922619 -0.0238947
vn -0.384971 -0.922619 -0.0238947
vn 0.00346528 8.98557e-005 -0.999994
vn 0.00346528 8.98557e-005 -0.999994
vn 0.00346528 8.98557e-005 -0.999994
vn 0.00346528 8.98557e-005 -0.999994
vn -0.236325 0.971548 0.0156536
vn -0.236325 0.971548 0.0156536
vn -0.471664 0.881699 0.0117883
vn -0.471664 0.881699 0.0117883
vn 0.998976 0.0410545 0.0190272
vn 0.998976 0.0410545 0.0190272
vn 0.998976 0.0410545 0.0190272
vn 0.998976 0.0410545 0.0190272
vn -0.143723 0.989497 -0.0154548
vn -0.236325 0.971548 -0.0156541
vn -0.236325 0.971548 -0.0156541
vn -0.143723 0.989497 -0.0154548
vn -0.196847 -0.980198 0.0215097
vn -0.287392 -0.957543 0.0227506
vn -0.287392 -0.957543 0.0227506
vn -0.196847 -0.980198 0.0215097
vn 0 0 -1
vn 0 0 -1
vn 0 0 -1
vn 0 0 -1
vn 0.0150915 -3.09964e-005 -0.999886
vn 0.0150915 -3.09964e-005 -0.999886
vn 0.0136193 -3.77443e-005 -0.999907
vn 0.0136193 -3.77443e-005 -0.999907
vn -0.552301 0.833629 -0.0051384
vn -0.552301 0.833629 -0.0051384
vn -0.143723 0.989497 -0.0154548
vn -0.143723 0.989497 -0.0154548
vn -0.0177211 3.35414e-005 0.999843
vn -0.0177211 3.35414e-005 0.999843
vn -0.0116209 3.22059e-005 0.999932
vn -0.0116209 3.22059e-005 0.999932
vn -0.705797 -0.707943 0.0258324
vn -0.705797 -0.707943 0.0258324
vn -0.287392 -0.957543 0.0227506
vn -0.287392 -0.957543 0.0227506
vn 0.0165636 -2.42484e-005 -0.999863
vn 0.0165636 -2.42484e-005 -0.999863
vn 0.0150915 -3.09964e-005 -0.999886
vn 0.0150915 -3.09964e-005 -0.999886
vn -0.939298 0.342929 0.0108997
vn -0.939298 0.342929 0.0108997
vn -0.552301 0.833629 -0.0051384
vn -0.552301 0.833629 -0.0051384
vn -0.0238206 3.48757e-005 0.999716
vn -0.0238206 3.48757e-005 0.999716
vn -0.0177211 3.35414e-005 0.999843
vn -0.0177211 3.35414e-005 0.999843
vn -0.956832 -0.289746 0.0227775
vn -0.956832 -0.289746 0.0227775
vn -0.705797 -0.707943 0.0258324
vn -0.705797 -0.707943 0.0258324
vn -0.956832 -0.289746 0.0227775
vn -0.939298 0.342929 0.0108997
vn -0.939298 0.342929 0.0108997
vn -0.956832 -0.289746 0.0227775
vn -0.00273262 -7.08042e-005 -0.999996
vn -0.00273262 -7.08042e-005 -0.999996
vn -0.00273262 -7.08042e-005 -0.999996
vn -0.00273262 -7.08042e-005 -0.999996
vn -0.384971 -0.922619 0.0238952
vn -0.384971 -0.922619 0.0238952
vn -0.196847 -0.980198 0.0215097
vn -0.196847 -0.980198 0.0215097
vn 0.00347634 9.07903e-005 0.999994
vn 0.00347634 9.07903e-005 0.999994
vn 0.00347634 9.07903e-005 0.999994
vn 0.00347634 9.07903e-005 0.999994
vn -0.471664 0.881699 -0.0117889
vn -0.471664 0.881699 -0.0117889
vn -0.236325 0.971548 -0.0156541
vn -0.236325 0.971548 -0.0156541
vn 0.998976 0.0410545 -0.0190278
vn 0.998976 0.0410545 -0.0190278
vn 0.998976 0.0410545 -0.0190278
vn 0.998976 0.0410545 -0.0190278
vn -0.000318241 1.42783e-007 -1
vn -0.000389778 -0.258819 -0.965926
vn -0.000389778 -0.258819 -0.965926
vn -0.000318241 1.42783e-007 -1
vn -0.000389778 -0.258819 -0.965926
vn -0.000434732 -0.5 -0.866025
vn -0.000434732 -0.5 -0.866025
vn -0.000389778 -0.258819 -0.965926
vn -0.000434732 -0.5 -0.866025
vn -0.000450064 -0.707107 -0.707107
vn -0.000450064 -0.707107 -0.707107
vn -0.000434732 -0.5 -0.866025
vn -0.000450064 -0.707107 -0.707107
vn -0.000434736 -0.866025 -0.5
vn -0.000434736 -0.866025 -0.5
vn -0.000450064 -0.707107 -0.707107
vn -0.000434736 -0.866025 -0.5
vn -0.000389777 -0.965926 -0.258819
vn -0.000389777 -0.965926 -0.258819
vn -0.000434736 -0.866025 -0.5
vn -0.000389777 -0.965926 -0.258819
vn -0.000318253 -1 4.50892e-008
vn -0.000318253 -1 4.50892e-008
vn -0.000389777 -0.965926 -0.258819
vn -0.000318253 -1 4.50892e-008
vn -0.000225039 -0.965926 0.258819
vn -0.000225039 -0.965926 0.258819
vn -0.000318253 -1 4.50892e-008
vn -0.000225039 -0.965926 0.258819
vn -0.000116489 -0.866026 0.5
vn -0.000116489 -0.866026 0.5
vn -0.000225039 -0.965926 0.258819
vn -0.000116489 -0.866026 0.5
vn -9.49816e-009 -0.707107 0.707107
vn -9.49816e-009 -0.707107 0.707107
vn -0.000116489 -0.866026 0.5
vn -9.49816e-009 -0.707107 0.707107
vn 0.000116479 -0.5 0.866026
vn 0.000116479 -0.5 0.866026
vn -9.49816e-009 -0.707107 0.707107
vn 0.000116479 -0.5 0.866026
vn 0.000225039 -0.258819 0.965926
vn 0.000225039 -0.258819 0.965926
vn 0.000116479 -0.5 0.866026
vn 0.000225039 -0.258819 0.965926
vn 0.000318256 -2.7805e-007 1
vn 0.000318256 -2.7805e-007 1
vn 0.000225039 -0.258819 0.965926
vn 0.000318256 -2.7805e-007 1
vn 0.00038978 0.258819 0.965926
vn 0.00038978 0.258819 0.965926
vn 0.000318256 -2.7805e-007 1
vn 0.00038978 0.258819 0.965926
vn 0.000434725 0.5 0.866025
vn 0.000434725 0.5 0.866025
vn 0.00038978 0.258819 0.965926
vn 0.000434725 0.5 0.866025
vn 0.000450044 0.707107 0.707107
vn 0.000450044 0.707107 0.707107
vn 0.000434725 0.5 0.866025
vn 0.000450044 0.707107 0.707107
vn 0.000434743 0.866026 0.499999
vn 0.000434743 0.866026 0.499999
vn 0.000450044 0.707107 0.707107
vn 0.000434743 0.866026 0.499999
vn 0.000389823 0.965926 0.258819
vn 0.000389823 0.965926 0.258819
vn 0.000434743 0.866026 0.499999
vn 0.000389823 0.965926 0.258819
vn 0.0003183 1 -1.35268e-007
vn 0.0003183 1 -1.35268e-007
vn 0.000389823 0.965926 0.258819
vn 0.0003183 1 -1.35268e-007
vn 0.000225043 0.965926 -0.258819
vn 0.000225043 0.965926 -0.258819
vn 0.0003183 1 -1.35268e-007
vn 0.000225043 0.965926 -0.258819
vn 0.000116457 0.866026 -0.5
vn 0.000116457 0.866026 -0.5
vn 0.000225043 0.965926 -0.258819
vn 0.000116457 0.866026 -0.5
vn 2.78322e-009 0.707107 -0.707107
vn 2.78322e-009 0.707107 -0.707107
vn 0.000116457 0.866026 -0.5
vn 2.78322e-009 0.707107 -0.707107
vn -0.000116538 0.499999 -0.866026
vn -0.000116538 0.499999 -0.866026
vn 2.78322e-009 0.707107 -0.707107
vn -0.000116538 0.499999 -0.866026
vn -0.000225091 0.258819 -0.965926
vn -0.000225091 0.258819 -0.965926
vn -0.000116538 0.499999 -0.866026
vn -0.000225091 0.258819 -0.965926
vn -0.000318241 1.42783e-007 -1
vn -0.000318241 1.42783e-007 -1
vn -0.000225091 0.258819 -0.965926
vn 1 0 0
vn 1 0 0
vn 1 0 0
vn 1 0 0
vn 1 0 0
vn 1 0 0
vn 1 0 0
vn 1 0 0
vn 1 0 0
vn 1 0 0
vn 1 0 0
vn 1 0 0
vn 1 0 0
vn 1 0 0
vn 1 0 0
vn 1 0 0
vn 1 0 0
vn 1 0 0
vn 1 0 0
vn 1 0 0
vn 1 0 0
vn 1 0 0
vn 1 0 0
vn 1 0 0
vn 1 0 0
vn 1 0 0
vn 1 0 0
vn 1 0 0
vn 1 0 0
vn 1 0 0
vn 1 0 0
vn 1 0 0
vn 1 0 0
vn 1 0 0
vn 1 0 0
vn 1 0 0
vn 1 0 0
vn 1 0 0
vn 1 0 0
vn 1 0 0
vn 1 0 0
vn 1 0 0
vn 1 0 0
vn 1 0 0
vn 1 0 0
vn 1 0 0
vn 1 0 0
vn 1 0 0
vn 1 0 0
vn 1 0 0
vn 1 0 0
vn 1 0 0
vn 1 0 0
vn 1 0 0
vn 1 0 0
vn 1 0 0
vn 1 0 0
vn 1 0 0
vn 1 0 0
vn 1 0 0
vn 1 0 0
vn 1 0 0
vn 1 0 0
vn 1 0 0
vn 1 0 0
vn 1 0 0
vn 1 0 0
vn 1 0 0
vn 1 0 0
vn 1 0 0
vn 1 0 0
vn 1 0 0
vn 0.0585187 -0.998165 -0.0155692
vn 0.0427888 -0.998875 -0.0204437
vn 0.0428256 -0.998376 -0.0375764
vn 0.0601108 -0.997366 -0.0405961
vn 0.166993 0.985557 0.0281057
vn 0.148101 0.988479 0.0312302
vn 0.143569 0.989406 0.0215383
vn 0.156748 0.987624 0.00532629
vn -0.0409 0.922044 0.384919
vn 0.0104884 0.96269 0.270405
vn 0.00595593 0.989887 0.141735
vn 0.0177732 0.998329 0.0549903
vn -0.0787784 0.929776 0.359596
vn -0.0030055 -0.988315 0.152393
vn -0.0958472 -0.954236 0.283281
vn -0.0875506 -0.972492 0.215856
vn -0.0125228 -0.99476 0.101468
vn -0.0409 0.922044 0.384919
vn 0.0104884 0.96269 0.270405
vn 0.00630135 0.935795 0.352488
vn -0.0294107 0.913329 0.40616
vn -0.0030055 -0.988315 0.152393
vn -0.0125228 -0.99476 0.101468
vn 0.0265885 -0.999288 0.0267763
vn 0.0104884 0.96269 0.270405
vn -0.0105626 0.933475 0.358486
vn 0.00630135 0.935795 0.352488
vn 0.000948125 -0.983805 0.179239
vn -0.0030055 -0.988315 0.152393
vn 0.0265885 -0.999288 0.0267763
vn 0.0377504 -0.997934 0.0519887
vn 0.0104884 0.96269 0.270405
vn 0.00595593 0.989887 0.141735
vn 0.00425749 0.965108 0.261818
vn -0.0105626 0.933475 0.358486
vn -0.0958472 -0.954236 0.283281
vn -0.162963 -0.932933 0.32106
vn -0.257126 -0.869798 0.421114
vn -0.19599 -0.914351 0.354331
vn -0.214947 0.759744 0.613667
vn -0.0409 0.922044 0.384919
vn -0.103178 0.852436 0.512549
vn -0.208463 0.73901 0.64063
vn -0.0958472 -0.954236 0.283281
vn -0.19599 -0.914351 0.354331
vn -0.0875506 -0.972492 0.215856
vn -0.0409 0.922044 0.384919
vn -0.0294107 0.913329 0.40616
vn -0.103178 0.852436 0.512549
vn -0.267443 0.611584 0.744607
vn -0.30924 0.581873 0.752193
vn -0.392331 0.35128 0.850105
vn -0.426908 -0.370899 0.824733
vn -0.48835 -0.120322 0.864313
vn -0.437813 -0.519874 0.73352
vn -0.267443 0.611584 0.744607
vn -0.208463 0.73901 0.64063
vn -0.30924 0.581873 0.752193
vn 0.0222183 -0.977185 0.211225
vn 0.000948125 -0.983805 0.179239
vn 0.0377504 -0.997934 0.0519887
vn 0.0380516 -0.993485 0.107423
vn 0.00595593 0.989887 0.141735
vn 0.0177732 0.998329 0.0549903
vn 0.0268934 0.97559 0.217945
vn 0.00425749 0.965108 0.261818
vn -0.0105626 0.933475 0.358486
vn 0.00425749 0.965108 0.261818
vn 0.0897628 0.991303 0.0962365
vn 0.0525451 0.98691 0.15247
vn 0.00630135 0.935795 0.352488
vn -0.0105626 0.933475 0.358486
vn 0.0525451 0.98691 0.15247
vn 0.010162 0.971065 0.238597
vn 0.0525451 0.98691 0.15247
vn 0.0897628 0.991303 0.0962365
vn 0.143569 0.989406 0.0215383
vn 0.010162 0.971065 0.238597
vn 0.0525451 0.98691 0.15247
vn -0.0108855 0.98775 0.155667
vn 0.0525451 0.98691 0.15247
vn 0.143569 0.989406 0.0215383
vn 0.148101 0.988479 0.0312302
vn 0.0818564 0.995521 0.0473021
vn -0.0108855 0.98775 0.155667
vn 0.0525451 0.98691 0.15247
vn 0.0818564 0.995521 0.0473021
vn -0.0194365 0.996866 0.0766791
vn -0.076959 0.813194 0.576882
vn -0.076959 0.813194 0.576882
vn -0.076959 0.813194 0.576882
vn -0.076959 0.813194 0.576882
vn 0.0268934 0.97559 0.217945
vn 0.00425749 0.965108 0.261818
vn -0.0105626 0.933475 0.358486
vn 0.00630135 0.935795 0.352488
vn -0.0294107 0.913329 0.40616
vn -0.103178 0.852436 0.512549
vn -0.208463 0.73901 0.64063
vn -0.30924 0.581873 0.752193
vn -0.31028 0.554688 0.772041
vn -0.076959 0.813194 0.576882
vn -0.076959 0.813194 0.576882
vn -0.0875506 -0.972492 0.215856
vn -0.19599 -0.914351 0.354331
vn -0.338329 -0.895115 0.29035
vn -0.146288 -0.980862 0.128489
vn -0.0125228 -0.99476 0.101468
vn -0.0875507 -0.972492 0.215856
vn -0.146288 -0.980862 0.128489
vn -0.0398077 -0.998504 0.0374856
vn 0.0265885 -0.999288 0.0267763
vn -0.0125228 -0.99476 0.101468
vn -0.0398077 -0.998504 0.0374856
vn 0.0313885 -0.998539 -0.0439834
vn 0.0377504 -0.997934 0.0519887
vn 0.0265885 -0.999288 0.0267763
vn 0.0313885 -0.998539 -0.0439834
vn 0.0585673 -0.997322 -0.0437995
vn 0.0380516 -0.993485 0.107423
vn 0.0377504 -0.997934 0.0519887
vn 0.0585673 -0.997322 -0.0437995
vn 0.0552795 -0.998469 0.00197167
vn 0.00425749 0.965108 0.261818
vn 0.0268934 0.97559 0.217945
vn 0.130606 0.991434 -0.00122923
vn 0.0897628 0.991303 0.0962365
vn -0.0294107 0.913329 0.40616
vn 0.00630135 0.935795 0.352488
vn 0.010162 0.971065 0.238597
vn -0.0667849 0.954181 0.29168
vn -0.103178 0.852436 0.512549
vn -0.0294107 0.913329 0.40616
vn -0.0667849 0.954181 0.29168
vn -0.207453 0.898777 0.386217
vn -0.208463 0.73901 0.64063
vn -0.103178 0.852436 0.512549
vn -0.207453 0.898777 0.386217
vn -0.397022 0.758643 0.516561
vn -0.30924 0.581873 0.752193
vn -0.208463 0.739011 0.64063
vn -0.397022 0.758643 0.516561
vn -0.573024 0.534054 0.621634
vn -0.419193 0.201758 0.885195
vn -0.30924 0.581873 0.752193
vn -0.573024 0.534054 0.621634
vn -0.63625 0.161771 0.754331
vn -0.437813 -0.519874 0.73352
vn -0.470759 0.0168202 0.882102
vn -0.656818 -0.121861 0.744137
vn -0.593689 -0.609717 0.525146
vn -0.19599 -0.914351 0.354331
vn -0.382884 -0.652127 0.654317
vn -0.593689 -0.609717 0.525146
vn -0.338329 -0.895115 0.29035
vn -0.146288 -0.980862 0.128489
vn -0.338329 -0.895115 0.29035
vn -0.439889 -0.882386 0.167013
vn -0.193331 -0.978716 0.0688326
vn -0.0398077 -0.998504 0.0374856
vn -0.146288 -0.980862 0.128489
vn -0.193331 -0.978716 0.0688326
vn -0.0530934 -0.998505 0.0129999
vn 0.0313885 -0.998539 -0.0439834
vn -0.0398077 -0.998504 0.0374856
vn -0.0530934 -0.998505 0.0129999
vn 0.0140151 -0.999755 -0.0171296
vn 0.0585673 -0.997322 -0.0437995
vn 0.0313885 -0.998539 -0.0439834
vn 0.0140151 -0.999755 -0.0171296
vn 0.0427888 -0.998875 -0.0204437
vn 0.0552795 -0.998469 0.00197167
vn 0.0585673 -0.997322 -0.0437995
vn 0.0427888 -0.998875 -0.0204437
vn 0.0585187 -0.998165 -0.0155692
vn 0.0571035 -0.998367 0.00153597
vn 0.0897628 0.991303 0.0962365
vn 0.130606 0.991434 -0.00122923
vn 0.147188 0.989041 -0.0115464
vn 0.156748 0.987624 0.00532629
vn 0.143569 0.989406 0.0215383
vn -0.0667849 0.954181 0.29168
vn 0.010162 0.971065 0.238597
vn -0.0108855 0.98775 0.155667
vn -0.129788 0.972684 0.192461
vn -0.207453 0.898777 0.386217
vn -0.0667849 0.954181 0.29168
vn -0.129788 0.972684 0.192461
vn -0.316334 0.916242 0.245833
vn -0.397022 0.758643 0.516561
vn -0.207453 0.898777 0.386217
vn -0.316334 0.916242 0.245833
vn -0.557901 0.764681 0.322504
vn -0.573024 0.534054 0.621634
vn -0.397022 0.758643 0.516561
vn -0.557901 0.764681 0.322504
vn -0.762485 0.524934 0.378233
vn -0.638119 0.408851 0.652415
vn -0.573024 0.534054 0.621634
vn -0.762485 0.524934 0.378233
vn -0.907571 0.161856 0.387451
vn -0.593689 -0.609717 0.525146
vn -0.689072 -0.369222 0.623582
vn -0.921438 -0.112601 0.371852
vn -0.752155 -0.584571 0.304205
vn -0.338329 -0.895115 0.29035
vn -0.593689 -0.609717 0.525146
vn -0.752155 -0.584571 0.304205
vn -0.439889 -0.882386 0.167013
vn -0.193331 -0.978716 0.0688325
vn -0.439889 -0.882386 0.167013
vn -0.467745 -0.873343 0.135966
vn -0.20819 -0.977173 0.0423089
vn -0.0530934 -0.998505 0.0129999
vn -0.193331 -0.978716 0.0688325
vn -0.20819 -0.977173 0.0423089
vn -0.0574953 -0.998308 -0.00863723
vn 0.0140151 -0.999755 -0.0171296
vn -0.0530934 -0.998505 0.0129999
vn -0.0574953 -0.998308 -0.00863723
vn 0.0132018 -0.999431 -0.0310539
vn 0.0427888 -0.998875 -0.0204437
vn 0.0140151 -0.999755 -0.0171296
vn 0.0132018 -0.999431 -0.0310539
vn 0.0428256 -0.998376 -0.0375764
vn -0.129788 0.972684 0.192461
vn -0.0108855 0.98775 0.155667
vn -0.0194365 0.996866 0.0766791
vn -0.155614 0.980567 0.119471
vn -0.316334 0.916242 0.245833
vn -0.129788 0.972684 0.192461
vn -0.155614 0.980567 0.119471
vn -0.353021 0.917696 0.182238
vn -0.557901 0.764681 0.322504
vn -0.316334 0.916242 0.245833
vn -0.353021 0.917696 0.182238
vn -0.601888 0.755387 0.259077
vn -0.762485 0.524934 0.378233
vn -0.557901 0.764681 0.322504
vn -0.601888 0.755387 0.259077
vn -0.801203 0.508164 0.31598
vn -0.913724 0.024647 0.405587
vn -0.762485 0.524934 0.378233
vn -0.801203 0.508164 0.31598
vn -0.939125 0.0244617 0.342703
vn -0.752155 -0.584571 0.304205
vn -0.913724 0.024647 0.405587
vn -0.939125 0.0244617 0.342703
vn -0.781955 -0.56663 0.259761
vn -0.439889 -0.882386 0.167013
vn -0.752155 -0.584571 0.304205
vn -0.781955 -0.56663 0.259761
vn -0.467745 -0.873343 0.135966
vn -0.20819 -0.977173 0.0423089
vn -0.467745 -0.873343 0.135966
vn -0.469505 -0.875551 0.113911
vn -0.208533 -0.977806 0.0202419
vn -0.0574953 -0.998308 -0.00863723
vn -0.20819 -0.977173 0.0423089
vn -0.208533 -0.977806 0.0202419
vn -0.0575344 -0.997868 -0.0307974
vn 0.0132018 -0.999431 -0.0310539
vn -0.0574953 -0.998308 -0.00863723
vn -0.0575344 -0.997868 -0.0307974
vn 0.0134277 -0.998468 -0.053675
vn 0.0428256 -0.998376 -0.0375764
vn 0.0132018 -0.999431 -0.0310539
vn 0.0134277 -0.998468 -0.053675
vn 0.0430842 -0.997359 -0.0584671
vn 0.0603012 -0.997 -0.0485198
vn 0.0601108 -0.997366 -0.0405961
vn 0.0428256 -0.998376 -0.0375764
vn 0.0430842 -0.997359 -0.0584671
vn 0.0601762 -0.996416 -0.059446
vn 0.148101 0.988479 0.0312302
vn 0.166993 0.985557 0.0281057
vn 0.167731 0.985246 0.0340135
vn 0.167254 0.985233 0.0366316
vn 0.148092 0.988182 0.0395533
vn 0.0818564 0.995521 0.0473021
vn 0.148101 0.988479 0.0312302
vn 0.148092 0.988182 0.0395533
vn 0.0824088 0.995288 0.0511007
vn -0.0194365 0.996866 0.0766791
vn 0.0818564 0.995521 0.0473021
vn 0.0824088 0.995288 0.0511007
vn -0.0187621 0.996875 0.0767339
vn -0.155614 0.980567 0.119471
vn -0.0194365 0.996866 0.0766791
vn -0.0187621 0.996875 0.0767339
vn -0.155708 0.980494 0.119944
vn -0.353021 0.917696 0.182238
vn -0.155614 0.980567 0.119471
vn -0.155708 0.980494 0.119944
vn -0.353294 0.917719 0.181592
vn -0.601888 0.755387 0.259077
vn -0.353021 0.917696 0.182238
vn -0.353294 0.917719 0.181592
vn -0.602823 0.755877 0.255448
vn -0.801203 0.508164 0.31598
vn -0.601888 0.755387 0.259077
vn -0.602823 0.755877 0.255448
vn -0.803509 0.509143 0.30846
vn -0.939125 0.0244617 0.342703
vn -0.801203 0.508164 0.31598
vn -0.803509 0.509143 0.30846
vn -0.944307 0.0241057 0.328182
vn -0.781955 -0.56663 0.259761
vn -0.939125 0.0244617 0.342703
vn -0.944307 0.0241057 0.328182
vn -0.786513 -0.56928 0.239411
vn -0.467745 -0.873343 0.135966
vn -0.781955 -0.56663 0.259761
vn -0.786513 -0.56928 0.239411
vn -0.469505 -0.875551 0.113911
vn -0.208533 -0.977806 0.0202419
vn -0.469505 -0.875551 0.113911
vn -0.469427 -0.877814 0.0952946
vn -0.207915 -0.978138 0.00419467
vn -0.0575344 -0.997868 -0.0307974
vn -0.208533 -0.977806 0.0202419
vn -0.207915 -0.978138 0.00419467
vn -0.0573121 -0.997306 -0.0457807
vn 0.0134277 -0.998468 -0.053675
vn -0.0575344 -0.997868 -0.0307974
vn -0.0573121 -0.997306 -0.0457807
vn 0.0133633 -0.99755 -0.0686681
vn 0.0430842 -0.997359 -0.0584671
vn 0.0134277 -0.998468 -0.053675
vn 0.0133633 -0.99755 -0.0686681
vn 0.0429552 -0.996513 -0.0715312
vn 0.0601762 -0.996416 -0.059446
vn 0.0430842 -0.997359 -0.0584671
vn 0.0429552 -0.996513 -0.0715312
vn 0.0600441 -0.995713 -0.0703652
vn 0.148092 0.988182 0.0395533
vn 0.167254 0.985233 0.0366316
vn 0.166775 0.985213 0.0392494
vn 0.147443 0.988177 0.0420314
vn 0.0824088 0.995288 0.0511007
vn 0.148092 0.988182 0.0395533
vn 0.147443 0.988177 0.0420314
vn 0.0819365 0.995439 0.0488693
vn -0.0187621 0.996875 0.0767339
vn 0.0824088 0.995288 0.0511007
vn 0.0819365 0.995439 0.0488693
vn -0.0187079 0.997344 0.0703848
vn -0.155709 0.980494 0.119944
vn -0.0187621 0.996875 0.0767339
vn -0.0187079 0.997344 0.0703848
vn -0.155304 0.981318 0.113555
vn -0.353294 0.917719 0.181592
vn -0.155708 0.980494 0.119944
vn -0.155304 0.981318 0.113555
vn -0.352805 0.919475 0.17348
vn -0.602823 0.755877 0.255448
vn -0.353294 0.917719 0.181592
vn -0.352805 0.919475 0.17348
vn -0.603509 0.75902 0.244266
vn -0.803509 0.509143 0.30846
vn -0.602823 0.755877 0.255448
vn -0.603509 0.75902 0.244266
vn -0.806611 0.512716 0.29411
vn -0.944307 0.0241057 0.328182
vn -0.803509 0.509143 0.30846
vn -0.806611 0.512716 0.29411
vn -0.950685 0.0241532 0.309218
vn -0.786513 -0.56928 0.239411
vn -0.944307 0.0241057 0.328182
vn -0.950685 0.0241532 0.309218
vn -0.78986 -0.572986 0.218651
vn -0.469505 -0.875551 0.113911
vn -0.786513 -0.56928 0.239411
vn -0.78986 -0.572986 0.218651
vn -0.469427 -0.877814 0.0952946
vn 0 0 1
vn 0 0 1
vn 0 0 1
vn 0 0 -1
vn 0 0 -1
vn 0 0 -1
vn 0.98983 0 -0.142253
vn 0.98983 0 -0.142253
vn 0.98983 0 -0.142253
vn 0.98983 0 -0.142253
vn 0.0601108 -0.997366 0.0405961
vn 0.0428256 -0.998376 0.0375764
vn 0.0427888 -0.998875 0.0204437
vn 0.0585187 -0.998165 0.0155692
vn 0.156748 0.987624 -0.00532629
vn 0.143569 0.989406 -0.0215383
vn 0.148101 0.988479 -0.0312302
vn 0.166993 0.985557 -0.0281057
vn -0.0787784 0.929776 -0.359596
vn 0.0177732 0.998329 -0.0549903
vn 0.00595593 0.989887 -0.141735
vn 0.0104884 0.96269 -0.270405
vn -0.0409 0.922044 -0.384919
vn -0.0125228 -0.99476 -0.101468
vn -0.0875506 -0.972492 -0.215856
vn -0.0958472 -0.954236 -0.283281
vn -0.0030055 -0.988315 -0.152393
vn -0.0294107 0.913329 -0.40616
vn 0.00630135 0.935795 -0.352488
vn 0.0104884 0.96269 -0.270405
vn -0.0409 0.922044 -0.384919
vn 0.0265885 -0.999288 -0.0267763
vn -0.0125228 -0.99476 -0.101468
vn -0.0030055 -0.988315 -0.152393
vn 0.00630135 0.935795 -0.352488
vn -0.0105626 0.933475 -0.358486
vn 0.0104884 0.96269 -0.270405
vn 0.0377504 -0.997934 -0.0519887
vn 0.0265885 -0.999288 -0.0267763
vn -0.0030055 -0.988315 -0.152393
vn 0.000948125 -0.983805 -0.179239
vn -0.0105626 0.933475 -0.358486
vn 0.00425749 0.965108 -0.261818
vn 0.00595593 0.989887 -0.141735
vn 0.0104884 0.96269 -0.270405
vn -0.19599 -0.914351 -0.354331
vn -0.257126 -0.869798 -0.421114
vn -0.162963 -0.932933 -0.32106
vn -0.0958472 -0.954236 -0.283281
vn -0.208463 0.73901 -0.64063
vn -0.103178 0.852436 -0.512549
vn -0.0409 0.922044 -0.384919
vn -0.214947 0.759744 -0.613667
vn -0.0875506 -0.972492 -0.215856
vn -0.19599 -0.914351 -0.354331
vn -0.0958472 -0.954236 -0.283281
vn -0.103178 0.852436 -0.512549
vn -0.0294107 0.913329 -0.40616
vn -0.0409 0.922044 -0.384919
vn -0.392331 0.35128 -0.850105
vn -0.30924 0.581873 -0.752193
vn -0.267443 0.611584 -0.744607
vn -0.437813 -0.519874 -0.73352
vn -0.48835 -0.120322 -0.864313
vn -0.426908 -0.370899 -0.824733
vn -0.30924 0.581873 -0.752193
vn -0.208463 0.73901 -0.64063
vn -0.267443 0.611584 -0.744607
vn 0.0380516 -0.993485 -0.107423
vn 0.0377504 -0.997934 -0.0519887
vn 0.000948125 -0.983805 -0.179239
vn 0.0222183 -0.977185 -0.211225
vn 0.00425749 0.965108 -0.261818
vn 0.0268934 0.97559 -0.217945
vn 0.0177732 0.998329 -0.0549903
vn 0.00595593 0.989887 -0.141735
vn 0.0525451 0.98691 -0.15247
vn 0.0897628 0.991303 -0.0962365
vn 0.00425749 0.965108 -0.261818
vn -0.0105626 0.933475 -0.358486
vn 0.010162 0.971065 -0.238597
vn 0.0525451 0.98691 -0.15247
vn -0.0105626 0.933475 -0.358486
vn 0.00630135 0.935795 -0.352488
vn 0.143569 0.989406 -0.0215383
vn 0.0897628 0.991303 -0.0962365
vn 0.0525451 0.98691 -0.15247
vn -0.0108855 0.98775 -0.155667
vn 0.0525451 0.98691 -0.15247
vn 0.010162 0.971065 -0.238597
vn 0.0818564 0.995521 -0.0473021
vn 0.148101 0.988479 -0.0312302
vn 0.143569 0.989406 -0.0215383
vn 0.0525451 0.98691 -0.15247
vn -0.0194365 0.996866 -0.0766791
vn 0.0818564 0.995521 -0.0473021
vn 0.0525451 0.98691 -0.15247
vn -0.0108855 0.98775 -0.155667
vn -0.076959 0.813194 -0.576882
vn -0.076959 0.813194 -0.576882
vn -0.31028 0.554688 -0.772041
vn -0.30924 0.581873 -0.752193
vn -0.208463 0.73901 -0.64063
vn -0.103178 0.852436 -0.512549
vn -0.0294107 0.913329 -0.40616
vn 0.00630135 0.935795 -0.352488
vn -0.0105626 0.933475 -0.358486
vn 0.00425749 0.965108 -0.261818
vn 0.0268934 0.97559 -0.217945
vn -0.076959 0.813194 -0.576882
vn -0.076959 0.813194 -0.576882
vn -0.076959 0.813194 -0.576882
vn -0.076959 0.813194 -0.576882
vn -0.146288 -0.980862 -0.128489
vn -0.338329 -0.895115 -0.29035
vn -0.19599 -0.914351 -0.354331
vn -0.0875506 -0.972492 -0.215856
vn -0.0398077 -0.998504 -0.0374856
vn -0.146288 -0.980862 -0.128489
vn -0.0875507 -0.972492 -0.215856
vn -0.0125228 -0.99476 -0.101468
vn 0.0313885 -0.998539 0.0439834
vn -0.0398077 -0.998504 -0.0374856
vn -0.0125228 -0.99476 -0.101468
vn 0.0265885 -0.999288 -0.0267763
vn 0.0585673 -0.997322 0.0437995
vn 0.0313885 -0.998539 0.0439834
vn 0.0265885 -0.999288 -0.0267763
vn 0.0377504 -0.997934 -0.0519887
vn 0.0552795 -0.998469 -0.00197167
vn 0.0585673 -0.997322 0.0437995
vn 0.0377504 -0.997934 -0.0519887
vn 0.0380516 -0.993485 -0.107423
vn 0.0897628 0.991303 -0.0962365
vn 0.130606 0.991434 0.00122923
vn 0.0268934 0.97559 -0.217945
vn 0.00425749 0.965108 -0.261818
vn -0.0667849 0.954181 -0.29168
vn 0.010162 0.971065 -0.238597
vn 0.00630135 0.935795 -0.352488
vn -0.0294107 0.913329 -0.40616
vn -0.207453 0.898777 -0.386217
vn -0.0667849 0.954181 -0.29168
vn -0.0294107 0.913329 -0.40616
vn -0.103178 0.852436 -0.512549
vn -0.397022 0.758643 -0.516561
vn -0.207453 0.898777 -0.386217
vn -0.103178 0.852436 -0.512549
vn -0.208463 0.73901 -0.64063
vn -0.573024 0.534054 -0.621634
vn -0.397022 0.758643 -0.516561
vn -0.208463 0.739011 -0.64063
vn -0.30924 0.581873 -0.752193
vn -0.63625 0.161771 -0.754331
vn -0.573024 0.534054 -0.621634
vn -0.30924 0.581873 -0.752193
vn -0.419193 0.201758 -0.885195
vn -0.593689 -0.609717 -0.525146
vn -0.656818 -0.121861 -0.744137
vn -0.470759 0.0168202 -0.882102
vn -0.437813 -0.519874 -0.73352
vn -0.338329 -0.895115 -0.29035
vn -0.593689 -0.609717 -0.525146
vn -0.382884 -0.652127 -0.654317
vn -0.19599 -0.914351 -0.354331
vn -0.193331 -0.978716 -0.0688326
vn -0.439889 -0.882386 -0.167013
vn -0.338329 -0.895115 -0.29035
vn -0.146288 -0.980862 -0.128489
vn -0.0530934 -0.998505 -0.0129999
vn -0.193331 -0.978716 -0.0688326
vn -0.146288 -0.980862 -0.128489
vn -0.0398077 -0.998504 -0.0374856
vn 0.0140151 -0.999755 0.0171296
vn -0.0530934 -0.998505 -0.0129999
vn -0.0398077 -0.998504 -0.0374856
vn 0.0313885 -0.998539 0.0439834
vn 0.0427888 -0.998875 0.0204437
vn 0.0140151 -0.999755 0.0171296
vn 0.0313885 -0.998539 0.0439834
vn 0.0585673 -0.997322 0.0437995
vn 0.0571035 -0.998367 -0.00153597
vn 0.0585187 -0.998165 0.0155692
vn 0.0427888 -0.998875 0.0204437
vn 0.0585673 -0.997322 0.0437995
vn 0.0552795 -0.998469 -0.00197167
vn 0.143569 0.989406 -0.0215383
vn 0.156748 0.987624 -0.00532629
vn 0.147188 0.989041 0.0115464
vn 0.130606 0.991434 0.00122923
vn 0.0897628 0.991303 -0.0962365
vn -0.129788 0.972684 -0.192461
vn -0.0108855 0.98775 -0.155667
vn 0.010162 0.971065 -0.238597
vn -0.0667849 0.954181 -0.29168
vn -0.316334 0.916242 -0.245833
vn -0.129788 0.972684 -0.192461
vn -0.0667849 0.954181 -0.29168
vn -0.207453 0.898777 -0.386217
vn -0.557901 0.764681 -0.322504
vn -0.316334 0.916242 -0.245833
vn -0.207453 0.898777 -0.386217
vn -0.397022 0.758643 -0.516561
vn -0.762485 0.524934 -0.378233
vn -0.557901 0.764681 -0.322504
vn -0.397022 0.758643 -0.516561
vn -0.573024 0.534054 -0.621634
vn -0.907571 0.161856 -0.387451
vn -0.762485 0.524934 -0.378233
vn -0.573024 0.534054 -0.621634
vn -0.638119 0.408851 -0.652415
vn -0.752155 -0.584571 -0.304205
vn -0.921438 -0.112601 -0.371852
vn -0.689072 -0.369222 -0.623582
vn -0.593689 -0.609717 -0.525146
vn -0.439889 -0.882386 -0.167013
vn -0.752155 -0.584571 -0.304205
vn -0.593689 -0.609717 -0.525146
vn -0.338329 -0.895115 -0.29035
vn -0.20819 -0.977173 -0.042309
vn -0.467745 -0.873343 -0.135966
vn -0.439889 -0.882386 -0.167013
vn -0.193331 -0.978716 -0.0688325
vn -0.0574953 -0.998308 0.00863723
vn -0.20819 -0.977173 -0.042309
vn -0.193331 -0.978716 -0.0688325
vn -0.0530934 -0.998505 -0.0129999
vn 0.0132018 -0.999431 0.0310539
vn -0.0574953 -0.998308 0.00863723
vn -0.0530934 -0.998505 -0.0129999
vn 0.0140151 -0.999755 0.0171296
vn 0.0428256 -0.998376 0.0375764
vn 0.0132018 -0.999431 0.0310539
vn 0.0140151 -0.999755 0.0171296
vn 0.0427888 -0.998875 0.0204437
vn -0.155614 0.980567 -0.119471
vn -0.0194365 0.996866 -0.0766791
vn -0.0108855 0.98775 -0.155667
vn -0.129788 0.972684 -0.192461
vn -0.353021 0.917696 -0.182238
vn -0.155614 0.980567 -0.119471
vn -0.129788 0.972684 -0.192461
vn -0.316334 0.916242 -0.245833
vn -0.601888 0.755387 -0.259078
vn -0.353021 0.917696 -0.182238
vn -0.316334 0.916242 -0.245833
vn -0.557901 0.764681 -0.322504
vn -0.801203 0.508163 -0.31598
vn -0.601888 0.755387 -0.259078
vn -0.557901 0.764681 -0.322504
vn -0.762485 0.524934 -0.378233
vn -0.939125 0.0244612 -0.342703
vn -0.801203 0.508163 -0.31598
vn -0.762485 0.524934 -0.378233
vn -0.913724 0.024647 -0.405587
vn -0.781955 -0.566631 -0.259761
vn -0.939125 0.0244612 -0.342703
vn -0.913724 0.024647 -0.405587
vn -0.752155 -0.584571 -0.304205
vn -0.467745 -0.873343 -0.135966
vn -0.781955 -0.566631 -0.259761
vn -0.752155 -0.584571 -0.304205
vn -0.439889 -0.882386 -0.167013
vn -0.208533 -0.977806 -0.0202419
vn -0.469505 -0.875551 -0.113911
vn -0.467745 -0.873343 -0.135966
vn -0.20819 -0.977173 -0.0423089
vn -0.0575344 -0.997868 0.0307974
vn -0.208533 -0.977806 -0.0202419
vn -0.20819 -0.977173 -0.042309
vn -0.0574953 -0.998308 0.00863723
vn 0.0134277 -0.998468 0.053675
vn -0.0575344 -0.997868 0.0307974
vn -0.0574953 -0.998308 0.00863723
vn 0.0132018 -0.999431 0.0310539
vn 0.0430842 -0.997359 0.0584671
vn 0.0134277 -0.998468 0.053675
vn 0.0132018 -0.999431 0.0310539
vn 0.0428256 -0.998376 0.0375764
vn 0.0601762 -0.996416 0.059446
vn 0.0430842 -0.997359 0.0584671
vn 0.0428256 -0.998376 0.0375764
vn 0.0601108 -0.997366 0.0405961
vn 0.0603012 -0.997 0.0485198
vn 0.148092 0.988182 -0.0395533
vn 0.167254 0.985233 -0.0366316
vn 0.167731 0.985246 -0.0340135
vn 0.166993 0.985557 -0.0281057
vn 0.148101 0.988479 -0.0312302
vn 0.0824088 0.995288 -0.0511007
vn 0.148092 0.988182 -0.0395533
vn 0.148101 0.988479 -0.0312302
vn 0.0818565 0.995521 -0.0473021
vn -0.0187621 0.996875 -0.0767339
vn 0.0824088 0.995288 -0.0511007
vn 0.0818565 0.995521 -0.0473021
vn -0.0194365 0.996866 -0.0766791
vn -0.155709 0.980494 -0.119944
vn -0.0187621 0.996875 -0.0767339
vn -0.0194365 0.996866 -0.0766791
vn -0.155614 0.980567 -0.119471
vn -0.353294 0.917719 -0.181592
vn -0.155709 0.980494 -0.119944
vn -0.155614 0.980567 -0.119471
vn -0.353021 0.917696 -0.182238
vn -0.602823 0.755877 -0.255448
vn -0.353294 0.917719 -0.181592
vn -0.353021 0.917696 -0.182238
vn -0.601888 0.755387 -0.259077
vn -0.803509 0.509142 -0.30846
vn -0.602823 0.755877 -0.255448
vn -0.601888 0.755387 -0.259077
vn -0.801203 0.508163 -0.31598
vn -0.944307 0.0241052 -0.328182
vn -0.803509 0.509142 -0.30846
vn -0.801203 0.508163 -0.31598
vn -0.939125 0.0244612 -0.342703
vn -0.786513 -0.56928 -0.239411
vn -0.944307 0.0241052 -0.328182
vn -0.939125 0.0244612 -0.342703
vn -0.781955 -0.566631 -0.259761
vn -0.469505 -0.875551 -0.113911
vn -0.786513 -0.56928 -0.239411
vn -0.781955 -0.566631 -0.259761
vn -0.467745 -0.873343 -0.135966
vn -0.207915 -0.978138 -0.00419467
vn -0.469427 -0.877814 -0.0952946
vn -0.469505 -0.875551 -0.113911
vn -0.208533 -0.977806 -0.0202419
vn -0.0573121 -0.997306 0.0457807
vn -0.207915 -0.978138 -0.00419467
vn -0.208533 -0.977806 -0.0202419
vn -0.0575344 -0.997868 0.0307974
vn 0.0133633 -0.99755 0.0686681
vn -0.0573121 -0.997306 0.0457807
vn -0.0575344 -0.997868 0.0307974
vn 0.0134277 -0.998468 0.053675
vn 0.0429552 -0.996513 0.0715312
vn 0.0133633 -0.99755 0.0686681
vn 0.0134277 -0.998468 0.053675
vn 0.0430842 -0.997359 0.0584671
vn 0.0600441 -0.995713 0.0703652
vn 0.0429552 -0.996513 0.0715312
vn 0.0430842 -0.997359 0.0584671
vn 0.0601762 -0.996416 0.059446
vn 0.147443 0.988177 -0.0420314
vn 0.166775 0.985213 -0.0392494
vn 0.167254 0.985233 -0.0366316
vn 0.148092 0.988182 -0.0395533
vn 0.0819365 0.995439 -0.0488693
vn 0.147443 0.988177 -0.0420314
vn 0.148092 0.988182 -0.0395533
vn 0.0824088 0.995288 -0.0511007
vn -0.0187079 0.997344 -0.0703848
vn 0.0819365 0.995439 -0.0488693
vn 0.0824088 0.995288 -0.0511007
vn -0.0187621 0.996875 -0.0767339
vn -0.155304 0.981318 -0.113555
vn -0.0187079 0.997344 -0.0703848
vn -0.0187621 0.996875 -0.0767339
vn -0.155709 0.980494 -0.119944
vn -0.352805 0.919475 -0.17348
vn -0.155304 0.981318 -0.113555
vn -0.155709 0.980494 -0.119944
vn -0.353294 0.917719 -0.181592
vn -0.603509 0.75902 -0.244266
vn -0.352805 0.919475 -0.17348
vn -0.353294 0.917719 -0.181592
vn -0.602823 0.755877 -0.255448
vn -0.806611 0.512716 -0.29411
vn -0.603509 0.75902 -0.244266
vn -0.602823 0.755877 -0.255448
vn -0.803509 0.509142 -0.30846
vn -0.950685 0.0241532 -0.309218
vn -0.806611 0.512716 -0.29411
vn -0.803509 0.509142 -0.30846
vn -0.944307 0.0241052 -0.328182
vn -0.78986 -0.572986 -0.218651
vn -0.950685 0.0241532 -0.309218
vn -0.944307 0.0241052 -0.328182
vn -0.786513 -0.56928 -0.239411
vn -0.469427 -0.877814 -0.0952946
vn -0.78986 -0.572986 -0.218651
vn -0.786513 -0.56928 -0.239411
vn -0.469505 -0.875551 -0.113911
vn 0 0 -1
vn 0 0 -1
vn 0 0 -1
vn 0 0 1
vn 0 0 1
vn 0 0 1
vn 0.98983 0 0.142253
vn 0.98983 0 0.142253
vn 0.98983 0 0.142253
vn 0.98983 0 0.142253
vt 0.352188 0.114673
vt 0.343006 0.112554
vt 0.368148 0.118356
vt 0.368368 0.118407
vt 0.352188 0.114673
vt 0.322278 0.107771
vt 0.32032 0.107319
vt 0.343006 0.112554
vt 0.322278 0.107771
vt 0.315606 0.106231
vt 0.315648 0.106241
vt 0.32032 0.107319
vt 0.316926 0.110318
vt 0.316422 0.109293
vt 0.315648 0.106241
vt 0.315606 0.106231
vt 0.318783 0.114098
vt 0.317837 0.112172
vt 0.316422 0.109293
vt 0.316926 0.110318
vt 0.318783 0.114098
vt 0.322207 0.12107
vt 0.321254 0.119129
vt 0.317837 0.112172
vt 0.325723 0.128229
vt 0.324768 0.126284
vt 0.321254 0.119129
vt 0.322207 0.12107
vt 0.325723 0.128229
vt 0.329431 0.135778
vt 0.328476 0.133834
vt 0.324768 0.126284
vt 0.333137 0.143323
vt 0.332183 0.141381
vt 0.328476 0.133834
vt 0.329431 0.135778
vt 0.333137 0.143323
vt 0.336262 0.149685
vt 0.335307 0.147741
vt 0.332183 0.141381
vt 0.336262 0.149685
vt 0.338831 0.154915
vt 0.337872 0.152964
vt 0.335307 0.147741
vt 0.340113 0.157526
vt 0.339152 0.155568
vt 0.337872 0.152964
vt 0.338831 0.154915
vt 0.340181 0.157664
vt 0.339152 0.155568
vt 0.340113 0.157526
vt 0.341147 0.159631
vt 0.340181 0.157664
vt 0.341147 0.159631
vt 0.349287 0.160065
vt 0.350137 0.158195
vt 0.350137 0.158195
vt 0.349287 0.160065
vt 0.35024 0.157967
vt 0.351093 0.156088
vt 0.35024 0.157967
vt 0.351413 0.155385
vt 0.352268 0.153501
vt 0.351093 0.156088
vt 0.353769 0.150196
vt 0.354628 0.148306
vt 0.352268 0.153501
vt 0.351413 0.155385
vt 0.356589 0.143986
vt 0.357448 0.142095
vt 0.354628 0.148306
vt 0.353769 0.150196
vt 0.356589 0.143986
vt 0.359902 0.136691
vt 0.36076 0.134801
vt 0.357448 0.142095
vt 0.363213 0.129399
vt 0.364071 0.127511
vt 0.36076 0.134801
vt 0.359902 0.136691
vt 0.363213 0.129399
vt 0.366458 0.122255
vt 0.367317 0.120363
vt 0.364071 0.127511
vt 0.366458 0.122255
vt 0.367012 0.121034
vt 0.367634 0.119665
vt 0.367317 0.120363
vt 0.367012 0.121034
vt 0.367302 0.120397
vt 0.367693 0.119535
vt 0.367634 0.119665
vt 0.367302 0.120397
vt 0.368368 0.118407
vt 0.368148 0.118356
vt 0.367693 0.119535
vt 0.373365 0.118456
vt 0.373752 0.117655
vt 0.373056 0.119095
vt 0.373056 0.119095
vt 0.373752 0.117655
vt 0.373365 0.118456
vt 0.367302 0.120397
vt 0.367693 0.119535
vt 0.368148 0.118356
vt 0.368368 0.118407
vt 0.367012 0.121034
vt 0.367634 0.119665
vt 0.367693 0.119535
vt 0.367302 0.120397
vt 0.366458 0.122255
vt 0.367317 0.120363
vt 0.367634 0.119665
vt 0.367012 0.121034
vt 0.363213 0.129399
vt 0.364071 0.127511
vt 0.367317 0.120363
vt 0.366458 0.122255
vt 0.363213 0.129399
vt 0.359902 0.136691
vt 0.36076 0.134801
vt 0.364071 0.127511
vt 0.356589 0.143986
vt 0.357448 0.142095
vt 0.36076 0.134801
vt 0.359902 0.136691
vt 0.356589 0.143986
vt 0.353769 0.150196
vt 0.354628 0.148306
vt 0.357448 0.142095
vt 0.353769 0.150196
vt 0.351413 0.155385
vt 0.352268 0.153501
vt 0.354628 0.148306
vt 0.35024 0.157967
vt 0.351093 0.156088
vt 0.352268 0.153501
vt 0.351413 0.155385
vt 0.350137 0.158195
vt 0.351093 0.156088
vt 0.35024 0.157967
vt 0.349287 0.160065
vt 0.340181 0.157664
vt 0.350137 0.158195
vt 0.349287 0.160065
vt 0.341147 0.159631
vt 0.340181 0.157664
vt 0.341147 0.159631
vt 0.340113 0.157526
vt 0.339152 0.155568
vt 0.340113 0.157526
vt 0.338831 0.154915
vt 0.337872 0.152964
vt 0.339152 0.155568
vt 0.336262 0.149685
vt 0.335307 0.147741
vt 0.337872 0.152964
vt 0.338831 0.154915
vt 0.333137 0.143323
vt 0.332183 0.141381
vt 0.335307 0.147741
vt 0.336262 0.149685
vt 0.333137 0.143323
vt 0.329431 0.135778
vt 0.328476 0.133834
vt 0.332183 0.141381
vt 0.325723 0.128229
vt 0.324768 0.126284
vt 0.328476 0.133834
vt 0.329431 0.135778
vt 0.325723 0.128229
vt 0.322207 0.12107
vt 0.321254 0.119129
vt 0.324768 0.126284
vt 0.318783 0.114098
vt 0.317837 0.112172
vt 0.321254 0.119129
vt 0.322207 0.12107
vt 0.318783 0.114098
vt 0.316926 0.110318
vt 0.316422 0.109293
vt 0.317837 0.112172
vt 0.316926 0.110318
vt 0.315606 0.106231
vt 0.315648 0.106241
vt 0.316422 0.109293
vt 0.322278 0.107771
vt 0.32032 0.107319
vt 0.315648 0.106241
vt 0.315606 0.106231
vt 0.352188 0.114673
vt 0.343006 0.112554
vt 0.32032 0.107319
vt 0.322278 0.107771
vt 0.352188 0.114673
vt 0.368368 0.118407
vt 0.368148 0.118356
vt 0.343006 0.112554
vt 0.368368 0.118407
vt 0.367302 0.120397
vt 0.372124 0.121023
vt 0.370156 0.115071
vt 0.368368 0.118407
vt 0.372124 0.121023
vt 0.368368 0.118407
vt 0.370156 0.115071
vt 0.352188 0.114673
vt 0.368148 0.118356
vt 0.370156 0.113156
vt 0.3725 0.120245
vt 0.367693 0.119535
vt 0.368148 0.118356
vt 0.3725 0.120245
vt 0.343006 0.112554
vt 0.370156 0.113156
vt 0.368148 0.118356
vt 0.368148 0.118356
vt 0.367693 0.119535
vt 0.3725 0.120245
vt 0.370156 0.113156
vt 0.368148 0.118356
vt 0.3725 0.120245
vt 0.368148 0.118356
vt 0.370156 0.113156
vt 0.343006 0.112554
vt 0.368368 0.118407
vt 0.370156 0.115071
vt 0.372124 0.121023
vt 0.367302 0.120397
vt 0.368368 0.118407
vt 0.372124 0.121023
vt 0.352188 0.114673
vt 0.370156 0.115071
vt 0.368368 0.118407
vt 0.337718 0.100422
vt 0.322278 0.107771
vt 0.352188 0.114673
vt 0.370156 0.115071
vt 0.313523 0.0997839
vt 0.315606 0.106231
vt 0.322278 0.107771
vt 0.337718 0.100422
vt 0.315606 0.106231
vt 0.313523 0.0997839
vt 0.313523 0.108785
vt 0.316926 0.110318
vt 0.315606 0.106231
vt 0.313523 0.108785
vt 0.337718 0.098507
vt 0.32032 0.107319
vt 0.315648 0.106241
vt 0.313523 0.0978684
vt 0.315648 0.106241
vt 0.316422 0.109293
vt 0.313523 0.108785
vt 0.313523 0.0978684
vt 0.315648 0.106241
vt 0.313523 0.108785
vt 0.370156 0.113156
vt 0.343006 0.112554
vt 0.32032 0.107319
vt 0.337718 0.098507
vt 0.337718 0.098507
vt 0.32032 0.107319
vt 0.343006 0.112554
vt 0.370156 0.113156
vt 0.313523 0.0978684
vt 0.315648 0.106241
vt 0.32032 0.107319
vt 0.337718 0.098507
vt 0.315648 0.106241
vt 0.313523 0.0978684
vt 0.313523 0.108785
vt 0.316422 0.109293
vt 0.315648 0.106241
vt 0.313523 0.108785
vt 0.337718 0.100422
vt 0.322278 0.107771
vt 0.315606 0.106231
vt 0.313523 0.0997839
vt 0.315606 0.106231
vt 0.316926 0.110318
vt 0.313523 0.108785
vt 0.313523 0.0997839
vt 0.315606 0.106231
vt 0.313523 0.108785
vt 0.370156 0.115071
vt 0.352188 0.114673
vt 0.322278 0.107771
vt 0.337718 0.100422
vt 0.349287 0.160065
vt 0.341147 0.159631
vt 0.352101 0.162427
vt 0.353144 0.160271
vt 0.349287 0.160065
vt 0.352101 0.162427
vt 0.349287 0.160065
vt 0.353144 0.160271
vt 0.354175 0.158138
vt 0.35024 0.157967
vt 0.35024 0.157967
vt 0.354175 0.158138
vt 0.355434 0.155534
vt 0.351413 0.155385
vt 0.351413 0.155385
vt 0.355434 0.155534
vt 0.357957 0.150318
vt 0.353769 0.150196
vt 0.353769 0.150196
vt 0.357957 0.150318
vt 0.360959 0.14411
vt 0.356589 0.143986
vt 0.353 0.160569
vt 0.34917 0.160322
vt 0.350137 0.158195
vt 0.354047 0.158404
vt 0.354047 0.158404
vt 0.350137 0.158195
vt 0.351093 0.156088
vt 0.355083 0.156262
vt 0.355083 0.156262
vt 0.351093 0.156088
vt 0.352268 0.153501
vt 0.356344 0.153653
vt 0.356344 0.153653
vt 0.352268 0.153501
vt 0.354628 0.148306
vt 0.35887 0.14843
vt 0.35887 0.14843
vt 0.354628 0.148306
vt 0.357448 0.142095
vt 0.361873 0.14222
vt 0.356589 0.143986
vt 0.360959 0.14411
vt 0.364481 0.136828
vt 0.359902 0.136691
vt 0.359902 0.136691
vt 0.364481 0.136828
vt 0.368001 0.129549
vt 0.363213 0.129399
vt 0.364071 0.127511
vt 0.368913 0.127662
vt 0.365394 0.13494
vt 0.36076 0.134801
vt 0.36076 0.134801
vt 0.365394 0.13494
vt 0.361873 0.14222
vt 0.357448 0.142095
vt 0.363213 0.129399
vt 0.368001 0.129549
vt 0.371463 0.122389
vt 0.366458 0.122255
vt 0.372124 0.121023
vt 0.367302 0.120397
vt 0.367012 0.121034
vt 0.371793 0.121706
vt 0.366458 0.122255
vt 0.371463 0.122389
vt 0.371793 0.121706
vt 0.367012 0.121034
vt 0.367634 0.119665
vt 0.372439 0.120372
vt 0.372377 0.120498
vt 0.367317 0.120363
vt 0.372439 0.120372
vt 0.367634 0.119665
vt 0.367693 0.119535
vt 0.3725 0.120245
vt 0.367317 0.120363
vt 0.372377 0.120498
vt 0.368913 0.127662
vt 0.364071 0.127511
vt 0.364071 0.127511
vt 0.368913 0.127662
vt 0.372377 0.120498
vt 0.367317 0.120363
vt 0.3725 0.120245
vt 0.367693 0.119535
vt 0.367634 0.119665
vt 0.372439 0.120372
vt 0.367317 0.120363
vt 0.372377 0.120498
vt 0.372439 0.120372
vt 0.367634 0.119665
vt 0.367012 0.121034
vt 0.371793 0.121706
vt 0.371463 0.122389
vt 0.366458 0.122255
vt 0.371793 0.121706
vt 0.367012 0.121034
vt 0.367302 0.120397
vt 0.372124 0.121023
vt 0.366458 0.122255
vt 0.371463 0.122389
vt 0.368001 0.129549
vt 0.363213 0.129399
vt 0.357448 0.142095
vt 0.361873 0.14222
vt 0.365394 0.13494
vt 0.36076 0.134801
vt 0.36076 0.134801
vt 0.365394 0.13494
vt 0.368913 0.127662
vt 0.364071 0.127511
vt 0.363213 0.129399
vt 0.368001 0.129549
vt 0.364481 0.136828
vt 0.359902 0.136691
vt 0.359902 0.136691
vt 0.364481 0.136828
vt 0.360959 0.14411
vt 0.356589 0.143986
vt 0.361873 0.14222
vt 0.357448 0.142095
vt 0.354628 0.148306
vt 0.35887 0.14843
vt 0.35887 0.14843
vt 0.354628 0.148306
vt 0.352268 0.153501
vt 0.356344 0.153653
vt 0.356344 0.153653
vt 0.352268 0.153501
vt 0.351093 0.156088
vt 0.355083 0.156262
vt 0.355083 0.156262
vt 0.351093 0.156088
vt 0.350137 0.158195
vt 0.354047 0.158404
vt 0.354047 0.158404
vt 0.350137 0.158195
vt 0.34917 0.160322
vt 0.353 0.160569
vt 0.356589 0.143986
vt 0.360959 0.14411
vt 0.357957 0.150318
vt 0.353769 0.150196
vt 0.353769 0.150196
vt 0.357957 0.150318
vt 0.355434 0.155534
vt 0.351413 0.155385
vt 0.351413 0.155385
vt 0.355434 0.155534
vt 0.354175 0.158138
vt 0.35024 0.157967
vt 0.35024 0.157967
vt 0.354175 0.158138
vt 0.353144 0.160271
vt 0.349287 0.160065
vt 0.349287 0.160065
vt 0.353144 0.160271
vt 0.352101 0.162427
vt 0.341147 0.159631
vt 0.349287 0.160065
vt 0.352101 0.162427
vt 0.316926 0.110318
vt 0.314801 0.111329
vt 0.316079 0.113873
vt 0.318701 0.113931
vt 0.314801 0.111329
vt 0.316926 0.110318
vt 0.313523 0.108785
vt 0.316422 0.109293
vt 0.314315 0.110361
vt 0.313523 0.108785
vt 0.317749 0.111994
vt 0.315106 0.111936
vt 0.314315 0.110361
vt 0.316422 0.109293
vt 0.341147 0.159631
vt 0.339005 0.159517
vt 0.340078 0.161651
vt 0.341147 0.159631
vt 0.340078 0.161651
vt 0.352101 0.162427
vt 0.339005 0.159517
vt 0.341147 0.159631
vt 0.340113 0.157526
vt 0.337958 0.157432
vt 0.337958 0.157432
vt 0.340113 0.157526
vt 0.338831 0.154915
vt 0.336653 0.154834
vt 0.336653 0.154834
vt 0.338831 0.154915
vt 0.336262 0.149685
vt 0.334034 0.14962
vt 0.334034 0.14962
vt 0.336262 0.149685
vt 0.333137 0.143323
vt 0.330839 0.143258
vt 0.341235 0.159811
vt 0.339083 0.159672
vt 0.338017 0.157548
vt 0.340181 0.157664
vt 0.340181 0.157664
vt 0.338017 0.157548
vt 0.336975 0.155474
vt 0.339152 0.155568
vt 0.339152 0.155568
vt 0.336975 0.155474
vt 0.335673 0.152882
vt 0.337872 0.152964
vt 0.337872 0.152964
vt 0.335673 0.152882
vt 0.333058 0.147676
vt 0.335307 0.147741
vt 0.335307 0.147741
vt 0.333058 0.147676
vt 0.329863 0.141315
vt 0.332183 0.141381
vt 0.330839 0.143258
vt 0.333137 0.143323
vt 0.329431 0.135778
vt 0.327046 0.135707
vt 0.327046 0.135707
vt 0.329431 0.135778
vt 0.325723 0.128229
vt 0.323251 0.128152
vt 0.322274 0.126206
vt 0.324768 0.126284
vt 0.328476 0.133834
vt 0.326069 0.133762
vt 0.326069 0.133762
vt 0.328476 0.133834
vt 0.332183 0.141381
vt 0.329863 0.141315
vt 0.323251 0.128152
vt 0.325723 0.128229
vt 0.322207 0.12107
vt 0.31966 0.121002
vt 0.316079 0.113873
vt 0.318864 0.114265
vt 0.318783 0.114098
vt 0.318701 0.113931
vt 0.31966 0.121002
vt 0.322207 0.12107
vt 0.318864 0.114265
vt 0.316079 0.113873
vt 0.315106 0.111936
vt 0.317924 0.112351
vt 0.321254 0.119129
vt 0.318684 0.11906
vt 0.315106 0.111936
vt 0.317749 0.111994
vt 0.317837 0.112172
vt 0.317924 0.112351
vt 0.318684 0.11906
vt 0.321254 0.119129
vt 0.324768 0.126284
vt 0.322274 0.126206
vt 0.322274 0.126206
vt 0.324768 0.126284
vt 0.321254 0.119129
vt 0.318684 0.11906
vt 0.318684 0.11906
vt 0.321254 0.119129
vt 0.317837 0.112172
vt 0.315106 0.111936
vt 0.316079 0.113873
vt 0.318783 0.114098
vt 0.322207 0.12107
vt 0.31966 0.121002
vt 0.31966 0.121002
vt 0.322207 0.12107
vt 0.325723 0.128229
vt 0.323251 0.128152
vt 0.329863 0.141315
vt 0.332183 0.141381
vt 0.328476 0.133834
vt 0.326069 0.133762
vt 0.326069 0.133762
vt 0.328476 0.133834
vt 0.324768 0.126284
vt 0.322274 0.126206
vt 0.323251 0.128152
vt 0.325723 0.128229
vt 0.329431 0.135778
vt 0.327046 0.135707
vt 0.327046 0.135707
vt 0.329431 0.135778
vt 0.333137 0.143323
vt 0.330839 0.143258
vt 0.332183 0.141381
vt 0.329863 0.141315
vt 0.333058 0.147676
vt 0.335307 0.147741
vt 0.335307 0.147741
vt 0.333058 0.147676
vt 0.335673 0.152882
vt 0.337872 0.152964
vt 0.337872 0.152964
vt 0.335673 0.152882
vt 0.336975 0.155474
vt 0.339152 0.155568
vt 0.338017 0.157548
vt 0.340181 0.157664
vt 0.339152 0.155568
vt 0.336975 0.155474
vt 0.340181 0.157664
vt 0.338017 0.157548
vt 0.339083 0.159672
vt 0.341235 0.159811
vt 0.330839 0.143258
vt 0.333137 0.143323
vt 0.336262 0.149685
vt 0.334034 0.14962
vt 0.334034 0.14962
vt 0.336262 0.149685
vt 0.338831 0.154915
vt 0.336653 0.154834
vt 0.336653 0.154834
vt 0.338831 0.154915
vt 0.340113 0.157526
vt 0.337958 0.157432
vt 0.337958 0.157432
vt 0.340113 0.157526
vt 0.341147 0.159631
vt 0.339005 0.159517
vt 0.339005 0.159517
vt 0.341147 0.159631
vt 0.340078 0.161651
vt 0.341147 0.159631
vt 0.352101 0.162427
vt 0.340078 0.161651
vt 0.316422 0.109293
vt 0.314315 0.110361
vt 0.315106 0.111936
vt 0.317837 0.112172
vt 0.314315 0.110361
vt 0.316422 0.109293
vt 0.313523 0.108785
vt 0.316926 0.110318
vt 0.314801 0.111329
vt 0.313523 0.108785
vt 0.318783 0.114098
vt 0.316079 0.113873
vt 0.314801 0.111329
vt 0.316926 0.110318
vt 0.135549 0.0688417
vt 0.135554 0.0680208
vt 0.135336 0.0687854
vt 0.313523 0.0997839
vt 0.337718 0.100422
vt 0.313634 0.0951396
vt 0.370156 0.115071
vt 0.370156 0.107537
vt 0.337718 0.100422
vt 0.135549 0.0688417
vt 0.141382 0.0720437
vt 0.144577 0.0724985
vt 0.215111 0.0769512
vt 0.215134 0.0820775
vt 0.221039 0.0836373
vt 0.135336 0.0687854
vt 0.134099 0.073181
vt 0.135549 0.073503
vt 0.135549 0.0688417
vt 0.135549 0.0788366
vt 0.135549 0.0788544
vt 0.13263 0.0779537
vt 0.132442 0.0778714
vt 0.13263 0.0779537
vt 0.135549 0.0788544
vt 0.135549 0.0778904
vt 0.132908 0.0770865
vt 0.132908 0.0770865
vt 0.135549 0.0778904
vt 0.135549 0.0769268
vt 0.133188 0.076219
vt 0.135549 0.073503
vt 0.134099 0.073181
vt 0.133188 0.076219
vt 0.135549 0.0769268
vt 0.172461 0.0722068
vt 0.160286 0.0708203
vt 0.171988 0.076711
vt 0.190868 0.0789714
vt 0.190868 0.0789714
vt 0.215134 0.0820775
vt 0.215111 0.0769512
vt 0.172461 0.0722068
vt 0.135549 0.0788366
vt 0.140284 0.0818645
vt 0.140369 0.0819108
vt 0.135549 0.0788544
vt 0.135549 0.073503
vt 0.141009 0.0761091
vt 0.141382 0.0720437
vt 0.135549 0.0688417
vt 0.144577 0.0724985
vt 0.151531 0.073591
vt 0.135554 0.0680208
vt 0.135549 0.0688417
vt 0.148445 0.0694955
vt 0.135554 0.0680208
vt 0.151531 0.073591
vt 0.162271 0.0753209
vt 0.160286 0.0708203
vt 0.148445 0.0694955
vt 0.162271 0.0753209
vt 0.171988 0.076711
vt 0.135549 0.0778904
vt 0.140492 0.0809916
vt 0.140611 0.0801226
vt 0.135549 0.0769268
vt 0.135549 0.073503
vt 0.140817 0.078482
vt 0.141009 0.0761091
vt 0.135549 0.0788544
vt 0.140369 0.0819108
vt 0.140492 0.0809916
vt 0.135549 0.0778904
vt 0.135549 0.073503
vt 0.135549 0.0769268
vt 0.140611 0.0801226
vt 0.140817 0.078482
vt 0.13263 0.0779537
vt 0.13263 0.0760276
vt 0.132442 0.0759559
vt 0.132442 0.0778714
vt 0.140284 0.0818645
vt 0.140284 0.079949
vt 0.140369 0.0799842
vt 0.140369 0.0819108
vt 0.203648 0.121287
vt 0.2049 0.119371
vt 0.204399 0.120156
vt 0.203149 0.122071
vt 0.141009 0.0761091
vt 0.141174 0.0741589
vt 0.141382 0.0720674
vt 0.141382 0.0720437
vt 0.135336 0.0687854
vt 0.135336 0.0668259
vt 0.134099 0.0712315
vt 0.134099 0.073181
vt 0.313634 0.0951396
vt 0.313634 0.0932244
vt 0.26445 0.0836906
vt 0.26445 0.0845025
vt 0.215111 0.0769512
vt 0.215111 0.0760178
vt 0.172461 0.0712624
vt 0.172461 0.0722068
vt 0.205713 0.118052
vt 0.206899 0.116137
vt 0.206019 0.117618
vt 0.204767 0.119534
vt 0.148445 0.0694955
vt 0.148445 0.0679277
vt 0.135554 0.06606
vt 0.135554 0.0680208
vt 0.223683 0.08638
vt 0.223683 0.0862849
vt 0.223768 0.0890466
vt 0.223747 0.0890278
vt 0.141382 0.0720437
vt 0.141382 0.0720674
vt 0.144577 0.0724884
vt 0.144577 0.0724985
vt 0.140817 0.078482
vt 0.140961 0.0765371
vt 0.141174 0.0741589
vt 0.141009 0.0761091
vt 0.151531 0.073591
vt 0.151531 0.0735972
vt 0.162271 0.0753435
vt 0.162271 0.0753209
vt 0.26445 0.0845025
vt 0.26445 0.0836906
vt 0.215111 0.0760178
vt 0.215111 0.0769512
vt 0.426789 0.121446
vt 0.426789 0.119531
vt 0.370156 0.105622
vt 0.370156 0.107537
vt 0.134099 0.073181
vt 0.134099 0.0712315
vt 0.133188 0.0742808
vt 0.133188 0.076219
vt 0.133188 0.076219
vt 0.133188 0.0742808
vt 0.132908 0.0751542
vt 0.132908 0.0770865
vt 0.221039 0.0836373
vt 0.221039 0.0835486
vt 0.223683 0.0862849
vt 0.223683 0.08638
vt 0.144577 0.0724985
vt 0.144577 0.0724884
vt 0.151531 0.0735972
vt 0.151531 0.073591
vt 0.140611 0.0801226
vt 0.14085 0.0781839
vt 0.140961 0.0765371
vt 0.140817 0.078482
vt 0.204767 0.119534
vt 0.206019 0.117618
vt 0.205361 0.11865
vt 0.204108 0.120566
vt 0.162271 0.0753209
vt 0.162271 0.0753435
vt 0.171988 0.0767022
vt 0.171988 0.076711
vt 0.171988 0.076711
vt 0.171988 0.0767022
vt 0.190868 0.0789812
vt 0.190868 0.0789714
vt 0.140492 0.0809916
vt 0.140492 0.0790588
vt 0.14085 0.0781839
vt 0.140611 0.0801226
vt 0.215134 0.0820775
vt 0.215134 0.0820199
vt 0.221039 0.0835486
vt 0.221039 0.0836373
vt 0.190868 0.0789714
vt 0.190868 0.0789812
vt 0.215134 0.0820199
vt 0.215134 0.0820775
vt 0.370156 0.107537
vt 0.370156 0.105622
vt 0.337718 0.098507
vt 0.337718 0.100422
vt 0.135554 0.0680208
vt 0.135554 0.06606
vt 0.135336 0.0668259
vt 0.135336 0.0687854
vt 0.172461 0.0722068
vt 0.172461 0.0712624
vt 0.160286 0.0695935
vt 0.160286 0.0708203
vt 0.20686 0.116253
vt 0.208015 0.114337
vt 0.206899 0.116137
vt 0.205713 0.118052
vt 0.132908 0.0770865
vt 0.132908 0.0751542
vt 0.13263 0.0760276
vt 0.13263 0.0779537
vt 0.160286 0.0708203
vt 0.160286 0.0695935
vt 0.148445 0.0679277
vt 0.148445 0.0694955
vt 0.337718 0.100422
vt 0.337718 0.098507
vt 0.313634 0.0932244
vt 0.313634 0.0951396
vt 0.135554 0.06606
vt 0.135549 0.0668822
vt 0.135336 0.0668259
vt 0.337718 0.098507
vt 0.313523 0.0978684
vt 0.313634 0.0932244
vt 0.370156 0.105622
vt 0.370156 0.113156
vt 0.337718 0.098507
vt 0.426789 0.119531
vt 0.370156 0.113156
vt 0.370156 0.105622
vt 0.141382 0.0720674
vt 0.135549 0.0668822
vt 0.144577 0.0724884
vt 0.215134 0.0820199
vt 0.215111 0.0760178
vt 0.221039 0.0835486
vt 0.135549 0.0715533
vt 0.134099 0.0712315
vt 0.135336 0.0668259
vt 0.135549 0.0668822
vt 0.13263 0.0760276
vt 0.135549 0.076928
vt 0.135549 0.0769211
vt 0.132442 0.0759559
vt 0.135549 0.0759579
vt 0.135549 0.076928
vt 0.13263 0.0760276
vt 0.132908 0.0751542
vt 0.135549 0.0749881
vt 0.135549 0.0759579
vt 0.132908 0.0751542
vt 0.133188 0.0742808
vt 0.133188 0.0742808
vt 0.134099 0.0712315
vt 0.135549 0.0715533
vt 0.135549 0.0749881
vt 0.171988 0.0767022
vt 0.160286 0.0695935
vt 0.172461 0.0712624
vt 0.190868 0.0789812
vt 0.215111 0.0760178
vt 0.215134 0.0820199
vt 0.190868 0.0789812
vt 0.172461 0.0712624
vt 0.140369 0.0799842
vt 0.140284 0.079949
vt 0.135549 0.0769211
vt 0.135549 0.076928
vt 0.141382 0.0720674
vt 0.141174 0.0741589
vt 0.135549 0.0715533
vt 0.135549 0.0668822
vt 0.135554 0.06606
vt 0.151531 0.0735972
vt 0.144577 0.0724884
vt 0.135549 0.0668822
vt 0.151531 0.0735972
vt 0.135554 0.06606
vt 0.148445 0.0679277
vt 0.162271 0.0753435
vt 0.162271 0.0753435
vt 0.148445 0.0679277
vt 0.160286 0.0695935
vt 0.171988 0.0767022
vt 0.14085 0.0781839
vt 0.140492 0.0790588
vt 0.135549 0.0759579
vt 0.135549 0.0749881
vt 0.141174 0.0741589
vt 0.140961 0.0765371
vt 0.135549 0.0715533
vt 0.140492 0.0790588
vt 0.140369 0.0799842
vt 0.135549 0.076928
vt 0.135549 0.0759579
vt 0.14085 0.0781839
vt 0.135549 0.0749881
vt 0.135549 0.0715533
vt 0.140961 0.0765371
vt 0.140369 0.0819108
vt 0.140369 0.0799842
vt 0.2049 0.119371
vt 0.203648 0.121287
vt 0.140492 0.0809916
vt 0.204108 0.120566
vt 0.205361 0.11865
vt 0.140492 0.0790588
vt 0.140369 0.0819108
vt 0.203648 0.121287
vt 0.204108 0.120566
vt 0.140492 0.0809916
vt 0.205361 0.11865
vt 0.2049 0.119371
vt 0.140369 0.0799842
vt 0.140492 0.0790588
vt 0.219357 0.0961028
vt 0.219936 0.0951245
vt 0.216814 0.100128
vt 0.216201 0.101253
vt 0.216201 0.101253
vt 0.216814 0.100128
vt 0.213894 0.104899
vt 0.213005 0.106419
vt 0.213005 0.106419
vt 0.213894 0.104899
vt 0.211585 0.108666
vt 0.210461 0.110581
vt 0.210461 0.110581
vt 0.211585 0.108666
vt 0.209656 0.111763
vt 0.208468 0.113679
vt 0.208468 0.113679
vt 0.209656 0.111763
vt 0.208015 0.114337
vt 0.20686 0.116253
vt 0.223747 0.0890278
vt 0.223768 0.0890466
vt 0.222052 0.0916604
vt 0.221505 0.0925654
vt 0.221505 0.0925654
vt 0.222052 0.0916604
vt 0.219936 0.0951245
vt 0.219357 0.0961028
vt 0.30756 0.0990547
vt 0.308706 0.100455
vt 0.313523 0.0997839
vt 0.308706 0.100455
vt 0.30921 0.101072
vt 0.313523 0.0997839
vt 0.30921 0.101072
vt 0.309936 0.101959
vt 0.313523 0.0997839
vt 0.215111 0.0769512
vt 0.221039 0.0836373
vt 0.232145 0.0864788
vt 0.233479 0.0851447
vt 0.313523 0.0997839
vt 0.313634 0.0951396
vt 0.287579 0.0942907
vt 0.30756 0.0990547
vt 0.313634 0.0951396
vt 0.26445 0.0845025
vt 0.267598 0.0895262
vt 0.287579 0.0942907
vt 0.21069 0.121109
vt 0.211888 0.119173
vt 0.20686 0.116253
vt 0.205713 0.118052
vt 0.221039 0.0836373
vt 0.223683 0.08638
vt 0.231358 0.0876667
vt 0.232145 0.0864788
vt 0.26445 0.0845025
vt 0.215111 0.0769512
vt 0.233479 0.0851447
vt 0.267598 0.0895262
vt 0.223683 0.08638
vt 0.223747 0.0890278
vt 0.22992 0.0899928
vt 0.231358 0.0876667
vt 0.203648 0.121287
vt 0.203149 0.122071
vt 0.208128 0.125256
vt 0.20863 0.124446
vt 0.204108 0.120566
vt 0.203648 0.121287
vt 0.20863 0.124446
vt 0.209088 0.123704
vt 0.204767 0.119534
vt 0.204108 0.120566
vt 0.209088 0.123704
vt 0.20973 0.122665
vt 0.313523 0.0997839
vt 0.309936 0.101959
vt 0.31173 0.105372
vt 0.313523 0.108785
vt 0.20973 0.122665
vt 0.21069 0.121109
vt 0.205713 0.118052
vt 0.204767 0.119534
vt 0.307841 0.0993988
vt 0.305415 0.097235
vt 0.313523 0.0978684
vt 0.308482 0.100182
vt 0.307841 0.0993988
vt 0.313523 0.0978684
vt 0.309348 0.101241
vt 0.308482 0.100182
vt 0.313523 0.0978684
vt 0.221039 0.0835486
vt 0.215111 0.0760178
vt 0.23367 0.0849542
vt 0.232168 0.086458
vt 0.26445 0.0836906
vt 0.313634 0.0932244
vt 0.286643 0.0934064
vt 0.267873 0.0895779
vt 0.313634 0.0932244
vt 0.313523 0.0978684
vt 0.305415 0.097235
vt 0.286643 0.0934064
vt 0.206899 0.116137
vt 0.208015 0.114337
vt 0.213064 0.11727
vt 0.211881 0.119184
vt 0.232168 0.086458
vt 0.231373 0.0876382
vt 0.223683 0.0862849
vt 0.221039 0.0835486
vt 0.267873 0.0895779
vt 0.23367 0.0849542
vt 0.215111 0.0760178
vt 0.26445 0.0836906
vt 0.231373 0.0876382
vt 0.22991 0.0900092
vt 0.223768 0.0890466
vt 0.223683 0.0862849
vt 0.209828 0.122507
vt 0.209327 0.123317
vt 0.204399 0.120156
vt 0.2049 0.119371
vt 0.210286 0.121766
vt 0.209828 0.122507
vt 0.2049 0.119371
vt 0.205361 0.11865
vt 0.210929 0.120726
vt 0.210286 0.121766
vt 0.205361 0.11865
vt 0.206019 0.117618
vt 0.313523 0.0978684
vt 0.313523 0.108785
vt 0.311436 0.105013
vt 0.309348 0.101241
vt 0.206019 0.117618
vt 0.206899 0.116137
vt 0.211881 0.119184
vt 0.210929 0.120726
vt 0.219357 0.0961028
vt 0.216201 0.101253
vt 0.221541 0.103552
vt 0.225128 0.0977447
vt 0.216814 0.100128
vt 0.219936 0.0951245
vt 0.225723 0.0967849
vt 0.222214 0.102462
vt 0.213005 0.106419
vt 0.210461 0.110581
vt 0.215849 0.11276
vt 0.218382 0.108664
vt 0.216201 0.101253
vt 0.213005 0.106419
vt 0.218382 0.108664
vt 0.221541 0.103552
vt 0.219308 0.107165
vt 0.21703 0.110853
vt 0.211585 0.108666
vt 0.213894 0.104899
vt 0.222214 0.102462
vt 0.219308 0.107165
vt 0.213894 0.104899
vt 0.216814 0.100128
vt 0.213709 0.116225
vt 0.215849 0.11276
vt 0.210461 0.110581
vt 0.208468 0.113679
vt 0.211888 0.119173
vt 0.213709 0.116225
vt 0.208468 0.113679
vt 0.20686 0.116253
vt 0.214897 0.114302
vt 0.213064 0.11727
vt 0.208015 0.114337
vt 0.209656 0.111763
vt 0.21703 0.110853
vt 0.214897 0.114302
vt 0.209656 0.111763
vt 0.211585 0.108666
vt 0.221505 0.0925654
vt 0.219357 0.0961028
vt 0.225128 0.0977447
vt 0.227523 0.0938717
vt 0.223747 0.0890278
vt 0.221505 0.0925654
vt 0.227523 0.0938717
vt 0.22992 0.0899928
vt 0.222052 0.0916604
vt 0.223768 0.0890466
vt 0.22991 0.0900092
vt 0.228076 0.0929744
vt 0.219936 0.0951245
vt 0.222052 0.0916604
vt 0.228076 0.0929744
vt 0.225723 0.0967849
vt 0.233479 0.0851447
vt 0.23367 0.0849542
vt 0.267873 0.0895779
vt 0.267598 0.0895262
vt 0.232145 0.0864788
vt 0.232168 0.086458
vt 0.23367 0.0849542
vt 0.233479 0.0851447
vt 0.232145 0.0864788
vt 0.231358 0.0876667
vt 0.231373 0.0876382
vt 0.232168 0.086458
vt 0.22992 0.0899928
vt 0.22991 0.0900092
vt 0.231373 0.0876382
vt 0.231358 0.0876667
vt 0.22992 0.0899928
vt 0.227523 0.0938717
vt 0.228076 0.0929744
vt 0.22991 0.0900092
vt 0.225128 0.0977447
vt 0.225723 0.0967849
vt 0.228076 0.0929744
vt 0.227523 0.0938717
vt 0.221541 0.103552
vt 0.222214 0.102462
vt 0.225723 0.0967849
vt 0.225128 0.0977447
vt 0.221541 0.103552
vt 0.218382 0.108664
vt 0.219308 0.107165
vt 0.222214 0.102462
vt 0.215849 0.11276
vt 0.21703 0.110853
vt 0.219308 0.107165
vt 0.218382 0.108664
vt 0.215849 0.11276
vt 0.213709 0.116225
vt 0.214897 0.114302
vt 0.21703 0.110853
vt 0.211888 0.119173
vt 0.213064 0.11727
vt 0.214897 0.114302
vt 0.213709 0.116225
vt 0.211888 0.119173
vt 0.21069 0.121109
vt 0.211881 0.119184
vt 0.213064 0.11727
vt 0.20973 0.122665
vt 0.210929 0.120726
vt 0.211881 0.119184
vt 0.21069 0.121109
vt 0.209088 0.123704
vt 0.210286 0.121766
vt 0.210929 0.120726
vt 0.20973 0.122665
vt 0.20863 0.124446
vt 0.209828 0.122507
vt 0.210286 0.121766
vt 0.209088 0.123704
vt 0.20863 0.124446
vt 0.208128 0.125256
vt 0.209327 0.123317
vt 0.209828 0.122507
vt 0.267598 0.0895262
vt 0.267873 0.0895779
vt 0.286643 0.0934064
vt 0.287579 0.0942907
vt 0.339005 0.159517
vt 0.338017 0.157548
vt 0.339083 0.159672
vt 0.340078 0.161651
vt 0.339005 0.159517
vt 0.337958 0.157432
vt 0.336975 0.155474
vt 0.338017 0.157548
vt 0.337958 0.157432
vt 0.336653 0.154834
vt 0.335673 0.152882
vt 0.336975 0.155474
vt 0.334034 0.14962
vt 0.333058 0.147676
vt 0.335673 0.152882
vt 0.336653 0.154834
vt 0.330839 0.143258
vt 0.329863 0.141315
vt 0.333058 0.147676
vt 0.334034 0.14962
vt 0.330839 0.143258
vt 0.327046 0.135707
vt 0.326069 0.133762
vt 0.329863 0.141315
vt 0.323251 0.128152
vt 0.322274 0.126206
vt 0.326069 0.133762
vt 0.327046 0.135707
vt 0.323251 0.128152
vt 0.31966 0.121002
vt 0.318684 0.11906
vt 0.322274 0.126206
vt 0.316079 0.113873
vt 0.315106 0.111936
vt 0.318684 0.11906
vt 0.31966 0.121002
vt 0.316079 0.113873
vt 0.314801 0.111329
vt 0.314315 0.110361
vt 0.315106 0.111936
vt 0.313523 0.108785
vt 0.313523 0.108785
vt 0.314315 0.110361
vt 0.314801 0.111329
vt 0.313523 0.108785
vt 0.31173 0.105372
vt 0.311436 0.105013
vt 0.313523 0.108785
vt 0.309936 0.101959
vt 0.309348 0.101241
vt 0.311436 0.105013
vt 0.31173 0.105372
vt 0.309936 0.101959
vt 0.30921 0.101072
vt 0.308482 0.100182
vt 0.309348 0.101241
vt 0.30921 0.101072
vt 0.308706 0.100455
vt 0.307841 0.0993988
vt 0.308482 0.100182
vt 0.30756 0.0990547
vt 0.305415 0.097235
vt 0.307841 0.0993988
vt 0.308706 0.100455
vt 0.30756 0.0990547
vt 0.287579 0.0942907
vt 0.286643 0.0934064
vt 0.305415 0.097235
vt 0.426789 0.121446
vt 0.370156 0.107537
vt 0.377029 0.115845
vt 0.377029 0.115845
vt 0.370156 0.107537
vt 0.370156 0.115071
vt 0.373752 0.117655
vt 0.374318 0.117297
vt 0.370156 0.115071
vt 0.373056 0.119095
vt 0.373752 0.117655
vt 0.370156 0.115071
vt 0.374318 0.117297
vt 0.377029 0.115845
vt 0.370156 0.115071
vt 0.431351 0.122581
vt 0.447985 0.124802
vt 0.426789 0.119531
vt 0.426789 0.121446
vt 0.375491 0.116669
vt 0.374629 0.117131
vt 0.370156 0.113156
vt 0.374629 0.117131
vt 0.373365 0.118456
vt 0.370156 0.113156
vt 0.426789 0.119531
vt 0.447985 0.124802
vt 0.437387 0.123387
vt 0.426789 0.121971
vt 0.426789 0.121971
vt 0.375491 0.116669
vt 0.370156 0.113156
vt 0.426789 0.119531
vt 0.372124 0.121023
vt 0.373056 0.119095
vt 0.370156 0.115071
vt 0.373365 0.118456
vt 0.3725 0.120245
vt 0.370156 0.113156
vt 0.426789 0.121446
vt 0.377029 0.115845
vt 0.375491 0.116669
vt 0.426789 0.121971
vt 0.426789 0.121446
vt 0.426789 0.121971
vt 0.437387 0.123387
vt 0.431351 0.122581
vt 0.431351 0.122581
vt 0.437387 0.123387
vt 0.447985 0.124802
vt 0.377029 0.115845
vt 0.374318 0.117297
vt 0.374629 0.117131
vt 0.375491 0.116669
vt 0.373752 0.117655
vt 0.373365 0.118456
vt 0.374629 0.117131
vt 0.374318 0.117297
vt 0.373056 0.119095
vt 0.372124 0.121023
vt 0.3725 0.120245
vt 0.373365 0.118456
vt 0.372124 0.121023
vt 0.371793 0.121706
vt 0.372439 0.120372
vt 0.3725 0.120245
vt 0.371463 0.122389
vt 0.372377 0.120498
vt 0.372439 0.120372
vt 0.371793 0.121706
vt 0.368001 0.129549
vt 0.368913 0.127662
vt 0.372377 0.120498
vt 0.371463 0.122389
vt 0.368001 0.129549
vt 0.364481 0.136828
vt 0.365394 0.13494
vt 0.368913 0.127662
vt 0.360959 0.14411
vt 0.361873 0.14222
vt 0.365394 0.13494
vt 0.364481 0.136828
vt 0.360959 0.14411
vt 0.357957 0.150318
vt 0.35887 0.14843
vt 0.361873 0.14222
vt 0.357957 0.150318
vt 0.355434 0.155534
vt 0.356344 0.153653
vt 0.35887 0.14843
vt 0.354175 0.158138
vt 0.355083 0.156262
vt 0.356344 0.153653
vt 0.355434 0.155534
vt 0.353144 0.160271
vt 0.354047 0.158404
vt 0.355083 0.156262
vt 0.354175 0.158138
vt 0.353144 0.160271
vt 0.352101 0.162427
vt 0.353 0.160569
vt 0.354047 0.158404
vt 0.353144 0.160271
vt 0.354047 0.158404
vt 0.353 0.160569
vt 0.352101 0.162427
vt 0.353144 0.160271
vt 0.354175 0.158138
vt 0.355083 0.156262
vt 0.354047 0.158404
vt 0.354175 0.158138
vt 0.355434 0.155534
vt 0.356344 0.153653
vt 0.355083 0.156262
vt 0.357957 0.150318
vt 0.35887 0.14843
vt 0.356344 0.153653
vt 0.355434 0.155534
vt 0.360959 0.14411
vt 0.361873 0.14222
vt 0.35887 0.14843
vt 0.357957 0.150318
vt 0.360959 0.14411
vt 0.364481 0.136828
vt 0.365394 0.13494
vt 0.361873 0.14222
vt 0.368001 0.129549
vt 0.368913 0.127662
vt 0.365394 0.13494
vt 0.364481 0.136828
vt 0.368001 0.129549
vt 0.371463 0.122389
vt 0.372377 0.120498
vt 0.368913 0.127662
vt 0.371463 0.122389
vt 0.371793 0.121706
vt 0.372439 0.120372
vt 0.372377 0.120498
vt 0.372124 0.121023
vt 0.3725 0.120245
vt 0.372439 0.120372
vt 0.371793 0.121706
vt 0.373056 0.119095
vt 0.373365 0.118456
vt 0.3725 0.120245
vt 0.372124 0.121023
vt 0.373752 0.117655
vt 0.374318 0.117297
vt 0.374629 0.117131
vt 0.373365 0.118456
vt 0.377029 0.115845
vt 0.375491 0.116669
vt 0.374629 0.117131
vt 0.374318 0.117297
vt 0.431351 0.122581
vt 0.447985 0.124802
vt 0.437387 0.123387
vt 0.426789 0.121446
vt 0.431351 0.122581
vt 0.437387 0.123387
vt 0.426789 0.121971
vt 0.426789 0.121446
vt 0.426789 0.121971
vt 0.375491 0.116669
vt 0.377029 0.115845
vt 0.373365 0.118456
vt 0.370156 0.113156
vt 0.3725 0.120245
vt 0.372124 0.121023
vt 0.370156 0.115071
vt 0.373056 0.119095
vt 0.426789 0.121971
vt 0.426789 0.119531
vt 0.370156 0.113156
vt 0.375491 0.116669
vt 0.426789 0.119531
vt 0.426789 0.121971
vt 0.437387 0.123387
vt 0.447985 0.124802
vt 0.374629 0.117131
vt 0.370156 0.113156
vt 0.373365 0.118456
vt 0.375491 0.116669
vt 0.370156 0.113156
vt 0.374629 0.117131
vt 0.431351 0.122581
vt 0.426789 0.121446
vt 0.426789 0.119531
vt 0.447985 0.124802
vt 0.374318 0.117297
vt 0.370156 0.115071
vt 0.377029 0.115845
vt 0.373056 0.119095
vt 0.370156 0.115071
vt 0.373752 0.117655
vt 0.373752 0.117655
vt 0.370156 0.115071
vt 0.374318 0.117297
vt 0.377029 0.115845
vt 0.370156 0.115071
vt 0.370156 0.107537
vt 0.426789 0.121446
vt 0.377029 0.115845
vt 0.370156 0.107537
vt 0.30756 0.0990547
vt 0.305415 0.097235
vt 0.286643 0.0934064
vt 0.287579 0.0942907
vt 0.30756 0.0990547
vt 0.308706 0.100455
vt 0.307841 0.0993988
vt 0.305415 0.097235
vt 0.30921 0.101072
vt 0.308482 0.100182
vt 0.307841 0.0993988
vt 0.308706 0.100455
vt 0.309936 0.101959
vt 0.309348 0.101241
vt 0.308482 0.100182
vt 0.30921 0.101072
vt 0.309936 0.101959
vt 0.31173 0.105372
vt 0.311436 0.105013
vt 0.309348 0.101241
vt 0.313523 0.108785
vt 0.313523 0.108785
vt 0.311436 0.105013
vt 0.31173 0.105372
vt 0.313523 0.108785
vt 0.314801 0.111329
vt 0.314315 0.110361
vt 0.313523 0.108785
vt 0.316079 0.113873
vt 0.315106 0.111936
vt 0.314315 0.110361
vt 0.314801 0.111329
vt 0.316079 0.113873
vt 0.31966 0.121002
vt 0.318684 0.11906
vt 0.315106 0.111936
vt 0.323251 0.128152
vt 0.322274 0.126206
vt 0.318684 0.11906
vt 0.31966 0.121002
vt 0.323251 0.128152
vt 0.327046 0.135707
vt 0.326069 0.133762
vt 0.322274 0.126206
vt 0.330839 0.143258
vt 0.329863 0.141315
vt 0.326069 0.133762
vt 0.327046 0.135707
vt 0.330839 0.143258
vt 0.334034 0.14962
vt 0.333058 0.147676
vt 0.329863 0.141315
vt 0.334034 0.14962
vt 0.336653 0.154834
vt 0.335673 0.152882
vt 0.333058 0.147676
vt 0.337958 0.157432
vt 0.336975 0.155474
vt 0.335673 0.152882
vt 0.336653 0.154834
vt 0.339005 0.159517
vt 0.338017 0.157548
vt 0.336975 0.155474
vt 0.337958 0.157432
vt 0.339005 0.159517
vt 0.340078 0.161651
vt 0.339083 0.159672
vt 0.338017 0.157548
vt 0.267598 0.0895262
vt 0.287579 0.0942907
vt 0.286643 0.0934064
vt 0.267873 0.0895779
vt 0.20863 0.124446
vt 0.209828 0.122507
vt 0.209327 0.123317
vt 0.208128 0.125256
vt 0.20863 0.124446
vt 0.209088 0.123704
vt 0.210286 0.121766
vt 0.209828 0.122507
vt 0.209088 0.123704
vt 0.20973 0.122665
vt 0.210929 0.120726
vt 0.210286 0.121766
vt 0.20973 0.122665
vt 0.21069 0.121109
vt 0.211881 0.119184
vt 0.210929 0.120726
vt 0.211888 0.119173
vt 0.213064 0.11727
vt 0.211881 0.119184
vt 0.21069 0.121109
vt 0.211888 0.119173
vt 0.213709 0.116225
vt 0.214897 0.114302
vt 0.213064 0.11727
vt 0.215849 0.11276
vt 0.21703 0.110853
vt 0.214897 0.114302
vt 0.213709 0.116225
vt 0.215849 0.11276
vt 0.218382 0.108664
vt 0.219308 0.107165
vt 0.21703 0.110853
vt 0.221541 0.103552
vt 0.222214 0.102462
vt 0.219308 0.107165
vt 0.218382 0.108664
vt 0.221541 0.103552
vt 0.225128 0.0977447
vt 0.225723 0.0967849
vt 0.222214 0.102462
vt 0.225128 0.0977447
vt 0.227523 0.0938717
vt 0.228076 0.0929744
vt 0.225723 0.0967849
vt 0.22992 0.0899928
vt 0.22991 0.0900092
vt 0.228076 0.0929744
vt 0.227523 0.0938717
vt 0.22992 0.0899928
vt 0.231358 0.0876667
vt 0.231373 0.0876382
vt 0.22991 0.0900092
vt 0.232145 0.0864788
vt 0.232168 0.086458
vt 0.231373 0.0876382
vt 0.231358 0.0876667
vt 0.232145 0.0864788
vt 0.233479 0.0851447
vt 0.23367 0.0849542
vt 0.232168 0.086458
vt 0.233479 0.0851447
vt 0.267598 0.0895262
vt 0.267873 0.0895779
vt 0.23367 0.0849542
vt 0.219936 0.0951245
vt 0.225723 0.0967849
vt 0.228076 0.0929744
vt 0.222052 0.0916604
vt 0.222052 0.0916604
vt 0.228076 0.0929744
vt 0.22991 0.0900092
vt 0.223768 0.0890466
vt 0.223747 0.0890278
vt 0.22992 0.0899928
vt 0.227523 0.0938717
vt 0.221505 0.0925654
vt 0.221505 0.0925654
vt 0.227523 0.0938717
vt 0.225128 0.0977447
vt 0.219357 0.0961028
vt 0.21703 0.110853
vt 0.211585 0.108666
vt 0.209656 0.111763
vt 0.214897 0.114302
vt 0.214897 0.114302
vt 0.209656 0.111763
vt 0.208015 0.114337
vt 0.213064 0.11727
vt 0.211888 0.119173
vt 0.20686 0.116253
vt 0.208468 0.113679
vt 0.213709 0.116225
vt 0.213709 0.116225
vt 0.208468 0.113679
vt 0.210461 0.110581
vt 0.215849 0.11276
vt 0.222214 0.102462
vt 0.216814 0.100128
vt 0.213894 0.104899
vt 0.219308 0.107165
vt 0.219308 0.107165
vt 0.213894 0.104899
vt 0.211585 0.108666
vt 0.21703 0.110853
vt 0.216201 0.101253
vt 0.221541 0.103552
vt 0.218382 0.108664
vt 0.213005 0.106419
vt 0.213005 0.106419
vt 0.218382 0.108664
vt 0.215849 0.11276
vt 0.210461 0.110581
vt 0.216814 0.100128
vt 0.222214 0.102462
vt 0.225723 0.0967849
vt 0.219936 0.0951245
vt 0.219357 0.0961028
vt 0.225128 0.0977447
vt 0.221541 0.103552
vt 0.216201 0.101253
vt 0.206019 0.117618
vt 0.210929 0.120726
vt 0.211881 0.119184
vt 0.206899 0.116137
vt 0.313523 0.0978684
vt 0.309348 0.101241
vt 0.311436 0.105013
vt 0.313523 0.108785
vt 0.210929 0.120726
vt 0.206019 0.117618
vt 0.205361 0.11865
vt 0.210286 0.121766
vt 0.210286 0.121766
vt 0.205361 0.11865
vt 0.2049 0.119371
vt 0.209828 0.122507
vt 0.209828 0.122507
vt 0.2049 0.119371
vt 0.204399 0.120156
vt 0.209327 0.123317
vt 0.231373 0.0876382
vt 0.223683 0.0862849
vt 0.223768 0.0890466
vt 0.22991 0.0900092
vt 0.267873 0.0895779
vt 0.26445 0.0836906
vt 0.215111 0.0760178
vt 0.23367 0.0849542
vt 0.232168 0.086458
vt 0.221039 0.0835486
vt 0.223683 0.0862849
vt 0.231373 0.0876382
vt 0.206899 0.116137
vt 0.211881 0.119184
vt 0.213064 0.11727
vt 0.208015 0.114337
vt 0.313634 0.0932244
vt 0.286643 0.0934064
vt 0.305415 0.097235
vt 0.313523 0.0978684
vt 0.26445 0.0836906
vt 0.267873 0.0895779
vt 0.286643 0.0934064
vt 0.313634 0.0932244
vt 0.221039 0.0835486
vt 0.232168 0.086458
vt 0.23367 0.0849542
vt 0.215111 0.0760178
vt 0.309348 0.101241
vt 0.313523 0.0978684
vt 0.308482 0.100182
vt 0.308482 0.100182
vt 0.313523 0.0978684
vt 0.307841 0.0993988
vt 0.307841 0.0993988
vt 0.313523 0.0978684
vt 0.305415 0.097235
vt 0.20973 0.122665
vt 0.204767 0.119534
vt 0.205713 0.118052
vt 0.21069 0.121109
vt 0.313523 0.0997839
vt 0.313523 0.108785
vt 0.31173 0.105372
vt 0.309936 0.101959
vt 0.204767 0.119534
vt 0.20973 0.122665
vt 0.209088 0.123704
vt 0.204108 0.120566
vt 0.204108 0.120566
vt 0.209088 0.123704
vt 0.20863 0.124446
vt 0.203648 0.121287
vt 0.203648 0.121287
vt 0.20863 0.124446
vt 0.208128 0.125256
vt 0.203149 0.122071
vt 0.223683 0.08638
vt 0.231358 0.0876667
vt 0.22992 0.0899928
vt 0.223747 0.0890278
vt 0.26445 0.0845025
vt 0.267598 0.0895262
vt 0.233479 0.0851447
vt 0.215111 0.0769512
vt 0.221039 0.0836373
vt 0.232145 0.0864788
vt 0.231358 0.0876667
vt 0.223683 0.08638
vt 0.21069 0.121109
vt 0.205713 0.118052
vt 0.20686 0.116253
vt 0.211888 0.119173
vt 0.313634 0.0951396
vt 0.287579 0.0942907
vt 0.267598 0.0895262
vt 0.26445 0.0845025
vt 0.313523 0.0997839
vt 0.30756 0.0990547
vt 0.287579 0.0942907
vt 0.313634 0.0951396
vt 0.215111 0.0769512
vt 0.233479 0.0851447
vt 0.232145 0.0864788
vt 0.221039 0.0836373
vt 0.30921 0.101072
vt 0.313523 0.0997839
vt 0.309936 0.101959
vt 0.308706 0.100455
vt 0.313523 0.0997839
vt 0.30921 0.101072
vt 0.30756 0.0990547
vt 0.313523 0.0997839
vt 0.308706 0.100455
vt 0.221505 0.0925654
vt 0.219357 0.0961028
vt 0.219936 0.0951245
vt 0.222052 0.0916604
vt 0.223747 0.0890278
vt 0.221505 0.0925654
vt 0.222052 0.0916604
vt 0.223768 0.0890466
vt 0.208468 0.113679
vt 0.20686 0.116253
vt 0.208015 0.114337
vt 0.209656 0.111763
vt 0.210461 0.110581
vt 0.208468 0.113679
vt 0.209656 0.111763
vt 0.211585 0.108666
vt 0.213005 0.106419
vt 0.210461 0.110581
vt 0.211585 0.108666
vt 0.213894 0.104899
vt 0.216201 0.101253
vt 0.213005 0.106419
vt 0.213894 0.104899
vt 0.216814 0.100128
vt 0.219357 0.0961028
vt 0.216201 0.101253
vt 0.216814 0.100128
vt 0.219936 0.0951245
vt 0.205361 0.11865
vt 0.140492 0.0790588
vt 0.140369 0.0799842
vt 0.2049 0.119371
vt 0.140369 0.0819108
vt 0.140492 0.0809916
vt 0.204108 0.120566
vt 0.203648 0.121287
vt 0.140492 0.0809916
vt 0.140492 0.0790588
vt 0.205361 0.11865
vt 0.204108 0.120566
vt 0.140369 0.0819108
vt 0.203648 0.121287
vt 0.2049 0.119371
vt 0.140369 0.0799842
vt 0.14085 0.0781839
vt 0.140961 0.0765371
vt 0.135549 0.0715533
vt 0.135549 0.0749881
vt 0.140492 0.0790588
vt 0.135549 0.0759579
vt 0.135549 0.076928
vt 0.140369 0.0799842
vt 0.141174 0.0741589
vt 0.135549 0.0715533
vt 0.140961 0.0765371
vt 0.14085 0.0781839
vt 0.135549 0.0749881
vt 0.135549 0.0759579
vt 0.140492 0.0790588
vt 0.162271 0.0753435
vt 0.171988 0.0767022
vt 0.160286 0.0695935
vt 0.148445 0.0679277
vt 0.151531 0.0735972
vt 0.162271 0.0753435
vt 0.148445 0.0679277
vt 0.135554 0.06606
vt 0.135554 0.06606
vt 0.135549 0.0668822
vt 0.144577 0.0724884
vt 0.151531 0.0735972
vt 0.141382 0.0720674
vt 0.135549 0.0668822
vt 0.135549 0.0715533
vt 0.141174 0.0741589
vt 0.140369 0.0799842
vt 0.135549 0.076928
vt 0.135549 0.0769211
vt 0.140284 0.079949
vt 0.215111 0.0760178
vt 0.172461 0.0712624
vt 0.190868 0.0789812
vt 0.215134 0.0820199
vt 0.171988 0.0767022
vt 0.190868 0.0789812
vt 0.172461 0.0712624
vt 0.160286 0.0695935
vt 0.133188 0.0742808
vt 0.135549 0.0749881
vt 0.135549 0.0715533
vt 0.134099 0.0712315
vt 0.135549 0.0749881
vt 0.133188 0.0742808
vt 0.132908 0.0751542
vt 0.135549 0.0759579
vt 0.135549 0.0759579
vt 0.132908 0.0751542
vt 0.13263 0.0760276
vt 0.135549 0.076928
vt 0.13263 0.0760276
vt 0.132442 0.0759559
vt 0.135549 0.0769211
vt 0.135549 0.076928
vt 0.135549 0.0715533
vt 0.135549 0.0668822
vt 0.135336 0.0668259
vt 0.134099 0.0712315
vt 0.215134 0.0820199
vt 0.221039 0.0835486
vt 0.215111 0.0760178
vt 0.141382 0.0720674
vt 0.144577 0.0724884
vt 0.135549 0.0668822
vt 0.426789 0.119531
vt 0.370156 0.105622
vt 0.370156 0.113156
vt 0.370156 0.105622
vt 0.337718 0.098507
vt 0.370156 0.113156
vt 0.337718 0.098507
vt 0.313634 0.0932244
vt 0.313523 0.0978684
vt 0.135554 0.06606
vt 0.135336 0.0668259
vt 0.135549 0.0668822
vt 0.337718 0.100422
vt 0.313634 0.0951396
vt 0.313634 0.0932244
vt 0.337718 0.098507
vt 0.160286 0.0708203
vt 0.148445 0.0694955
vt 0.148445 0.0679277
vt 0.160286 0.0695935
vt 0.132908 0.0770865
vt 0.13263 0.0779537
vt 0.13263 0.0760276
vt 0.132908 0.0751542
vt 0.20686 0.116253
vt 0.205713 0.118052
vt 0.206899 0.116137
vt 0.208015 0.114337
vt 0.172461 0.0722068
vt 0.160286 0.0708203
vt 0.160286 0.0695935
vt 0.172461 0.0712624
vt 0.135554 0.0680208
vt 0.135336 0.0687854
vt 0.135336 0.0668259
vt 0.135554 0.06606
vt 0.370156 0.107537
vt 0.337718 0.100422
vt 0.337718 0.098507
vt 0.370156 0.105622
vt 0.190868 0.0789714
vt 0.215134 0.0820775
vt 0.215134 0.0820199
vt 0.190868 0.0789812
vt 0.215134 0.0820775
vt 0.221039 0.0836373
vt 0.221039 0.0835486
vt 0.215134 0.0820199
vt 0.140492 0.0809916
vt 0.140611 0.0801226
vt 0.14085 0.0781839
vt 0.140492 0.0790588
vt 0.171988 0.076711
vt 0.190868 0.0789714
vt 0.190868 0.0789812
vt 0.171988 0.0767022
vt 0.162271 0.0753209
vt 0.171988 0.076711
vt 0.171988 0.0767022
vt 0.162271 0.0753435
vt 0.204767 0.119534
vt 0.204108 0.120566
vt 0.205361 0.11865
vt 0.206019 0.117618
vt 0.140611 0.0801226
vt 0.140817 0.078482
vt 0.140961 0.0765371
vt 0.14085 0.0781839
vt 0.144577 0.0724985
vt 0.151531 0.073591
vt 0.151531 0.0735972
vt 0.144577 0.0724884
vt 0.221039 0.0836373
vt 0.223683 0.08638
vt 0.223683 0.0862849
vt 0.221039 0.0835486
vt 0.133188 0.076219
vt 0.132908 0.0770865
vt 0.132908 0.0751542
vt 0.133188 0.0742808
vt 0.134099 0.073181
vt 0.133188 0.076219
vt 0.133188 0.0742808
vt 0.134099 0.0712315
vt 0.426789 0.121446
vt 0.370156 0.107537
vt 0.370156 0.105622
vt 0.426789 0.119531
vt 0.26445 0.0845025
vt 0.215111 0.0769512
vt 0.215111 0.0760178
vt 0.26445 0.0836906
vt 0.151531 0.073591
vt 0.162271 0.0753209
vt 0.162271 0.0753435
vt 0.151531 0.0735972
vt 0.140817 0.078482
vt 0.141009 0.0761091
vt 0.141174 0.0741589
vt 0.140961 0.0765371
vt 0.141382 0.0720437
vt 0.144577 0.0724985
vt 0.144577 0.0724884
vt 0.141382 0.0720674
vt 0.223683 0.08638
vt 0.223747 0.0890278
vt 0.223768 0.0890466
vt 0.223683 0.0862849
vt 0.148445 0.0694955
vt 0.135554 0.0680208
vt 0.135554 0.06606
vt 0.148445 0.0679277
vt 0.205713 0.118052
vt 0.204767 0.119534
vt 0.206019 0.117618
vt 0.206899 0.116137
vt 0.215111 0.0769512
vt 0.172461 0.0722068
vt 0.172461 0.0712624
vt 0.215111 0.0760178
vt 0.313634 0.0951396
vt 0.26445 0.0845025
vt 0.26445 0.0836906
vt 0.313634 0.0932244
vt 0.135336 0.0687854
vt 0.134099 0.073181
vt 0.134099 0.0712315
vt 0.135336 0.0668259
vt 0.141009 0.0761091
vt 0.141382 0.0720437
vt 0.141382 0.0720674
vt 0.141174 0.0741589
vt 0.203648 0.121287
vt 0.203149 0.122071
vt 0.204399 0.120156
vt 0.2049 0.119371
vt 0.140284 0.0818645
vt 0.140369 0.0819108
vt 0.140369 0.0799842
vt 0.140284 0.079949
vt 0.13263 0.0779537
vt 0.132442 0.0778714
vt 0.132442 0.0759559
vt 0.13263 0.0760276
vt 0.135549 0.073503
vt 0.140817 0.078482
vt 0.140611 0.0801226
vt 0.135549 0.0769268
vt 0.135549 0.0788544
vt 0.135549 0.0778904
vt 0.140492 0.0809916
vt 0.140369 0.0819108
vt 0.135549 0.073503
vt 0.141009 0.0761091
vt 0.140817 0.078482
vt 0.135549 0.0778904
vt 0.135549 0.0769268
vt 0.140611 0.0801226
vt 0.140492 0.0809916
vt 0.160286 0.0708203
vt 0.171988 0.076711
vt 0.162271 0.0753209
vt 0.148445 0.0694955
vt 0.148445 0.0694955
vt 0.162271 0.0753209
vt 0.151531 0.073591
vt 0.135554 0.0680208
vt 0.144577 0.0724985
vt 0.135549 0.0688417
vt 0.135554 0.0680208
vt 0.151531 0.073591
vt 0.135549 0.073503
vt 0.135549 0.0688417
vt 0.141382 0.0720437
vt 0.141009 0.0761091
vt 0.135549 0.0788366
vt 0.135549 0.0788544
vt 0.140369 0.0819108
vt 0.140284 0.0818645
vt 0.190868 0.0789714
vt 0.172461 0.0722068
vt 0.215111 0.0769512
vt 0.215134 0.0820775
vt 0.172461 0.0722068
vt 0.190868 0.0789714
vt 0.171988 0.076711
vt 0.160286 0.0708203
vt 0.135549 0.073503
vt 0.135549 0.0769268
vt 0.133188 0.076219
vt 0.134099 0.073181
vt 0.132908 0.0770865
vt 0.133188 0.076219
vt 0.135549 0.0769268
vt 0.135549 0.0778904
vt 0.13263 0.0779537
vt 0.132908 0.0770865
vt 0.135549 0.0778904
vt 0.135549 0.0788544
vt 0.135549 0.0788366
vt 0.132442 0.0778714
vt 0.13263 0.0779537
vt 0.135549 0.0788544
vt 0.135336 0.0687854
vt 0.135549 0.0688417
vt 0.135549 0.073503
vt 0.134099 0.073181
vt 0.215111 0.0769512
vt 0.221039 0.0836373
vt 0.215134 0.0820775
vt 0.135549 0.0688417
vt 0.144577 0.0724985
vt 0.141382 0.0720437
vt 0.370156 0.115071
vt 0.337718 0.100422
vt 0.370156 0.107537
vt 0.313523 0.0997839
vt 0.313634 0.0951396
vt 0.337718 0.100422
vt 0.135549 0.0688417
vt 0.135336 0.0687854
vt 0.135554 0.0680208
vt 0.34917 0.160322
vt 0.341235 0.159811
vt 0.340181 0.157664
vt 0.350137 0.158195
vt 0.350137 0.158195
vt 0.340181 0.157664
vt 0.341235 0.159811
vt 0.34917 0.160322
vt 0.20863 0.124446
vt 0.209828 0.122507
vt 0.209327 0.123317
vt 0.208128 0.125256
vt 0.20863 0.124446
vt 0.209088 0.123704
vt 0.210286 0.121766
vt 0.209828 0.122507
vt 0.209088 0.123704
vt 0.20973 0.122665
vt 0.210929 0.120726
vt 0.210286 0.121766
vt 0.20973 0.122665
vt 0.21069 0.121109
vt 0.211881 0.119184
vt 0.210929 0.120726
vt 0.211888 0.119173
vt 0.213064 0.11727
vt 0.211881 0.119184
vt 0.21069 0.121109
vt 0.211888 0.119173
vt 0.213709 0.116225
vt 0.214897 0.114302
vt 0.213064 0.11727
vt 0.215849 0.11276
vt 0.21703 0.110853
vt 0.214897 0.114302
vt 0.213709 0.116225
vt 0.215849 0.11276
vt 0.218382 0.108664
vt 0.219308 0.107165
vt 0.21703 0.110853
vt 0.221541 0.103552
vt 0.222214 0.102462
vt 0.219308 0.107165
vt 0.218382 0.108664
vt 0.221541 0.103552
vt 0.225128 0.0977447
vt 0.225723 0.0967849
vt 0.222214 0.102462
vt 0.225128 0.0977447
vt 0.227523 0.0938717
vt 0.228076 0.0929744
vt 0.225723 0.0967849
vt 0.22992 0.0899928
vt 0.22991 0.0900092
vt 0.228076 0.0929744
vt 0.227523 0.0938717
vt 0.22992 0.0899928
vt 0.231358 0.0876667
vt 0.231373 0.0876382
vt 0.22991 0.0900092
vt 0.232145 0.0864788
vt 0.232168 0.086458
vt 0.231373 0.0876382
vt 0.231358 0.0876667
vt 0.232145 0.0864788
vt 0.233479 0.0851447
vt 0.23367 0.0849542
vt 0.232168 0.086458
vt 0.233479 0.0851447
vt 0.267598 0.0895262
vt 0.267873 0.0895779
vt 0.23367 0.0849542
vt 0.287579 0.0942907
vt 0.286643 0.0934064
vt 0.267873 0.0895779
vt 0.267598 0.0895262
vt 0.287579 0.0942907
vt 0.30756 0.0990547
vt 0.305415 0.097235
vt 0.286643 0.0934064
vt 0.30756 0.0990547
vt 0.308706 0.100455
vt 0.307841 0.0993988
vt 0.305415 0.097235
vt 0.30921 0.101072
vt 0.308482 0.100182
vt 0.307841 0.0993988
vt 0.308706 0.100455
vt 0.309936 0.101959
vt 0.309348 0.101241
vt 0.308482 0.100182
vt 0.30921 0.101072
vt 0.31173 0.105372
vt 0.311436 0.105013
vt 0.309348 0.101241
vt 0.309936 0.101959
vt 0.313523 0.108785
vt 0.313523 0.108785
vt 0.311436 0.105013
vt 0.31173 0.105372
vt 0.313523 0.108785
vt 0.316079 0.113873
vt 0.315106 0.111936
vt 0.313523 0.108785
vt 0.316079 0.113873
vt 0.31966 0.121002
vt 0.318684 0.11906
vt 0.315106 0.111936
vt 0.323251 0.128152
vt 0.322274 0.126206
vt 0.318684 0.11906
vt 0.31966 0.121002
vt 0.323251 0.128152
vt 0.327046 0.135707
vt 0.326069 0.133762
vt 0.322274 0.126206
vt 0.330839 0.143258
vt 0.329863 0.141315
vt 0.326069 0.133762
vt 0.327046 0.135707
vt 0.330839 0.143258
vt 0.334034 0.14962
vt 0.333058 0.147676
vt 0.329863 0.141315
vt 0.334034 0.14962
vt 0.336653 0.154834
vt 0.335673 0.152882
vt 0.333058 0.147676
vt 0.337958 0.157432
vt 0.336975 0.155474
vt 0.335673 0.152882
vt 0.336653 0.154834
vt 0.339005 0.159517
vt 0.338017 0.157548
vt 0.336975 0.155474
vt 0.337958 0.157432
vt 0.339005 0.159517
vt 0.340078 0.161651
vt 0.339083 0.159672
vt 0.338017 0.157548
vt 0.313523 0.108785
vt 0.315106 0.111936
vt 0.316079 0.113873
vt 0.313523 0.108785
vt 0.211994 0.127728
vt 0.212521 0.126916
vt 0.213743 0.125
vt 0.213215 0.125813
vt 0.331535 0.159118
vt 0.332566 0.161167
vt 0.332566 0.159252
vt 0.331535 0.157202
vt 0.213668 0.12515
vt 0.214697 0.123568
vt 0.215918 0.121653
vt 0.21489 0.123234
vt 0.242291 0.0890741
vt 0.270751 0.094554
vt 0.270751 0.0945265
vt 0.242291 0.0891044
vt 0.329239 0.154557
vt 0.330523 0.157108
vt 0.330523 0.155193
vt 0.329239 0.152642
vt 0.212521 0.126916
vt 0.213005 0.126173
vt 0.214226 0.124258
vt 0.213743 0.125
vt 0.302108 0.103194
vt 0.304443 0.10529
vt 0.304443 0.105203
vt 0.302108 0.103107
vt 0.214697 0.123568
vt 0.215998 0.121562
vt 0.217153 0.119646
vt 0.215918 0.121653
vt 0.323447 0.143049
vt 0.326417 0.149397
vt 0.326417 0.147482
vt 0.323447 0.141134
vt 0.270751 0.094554
vt 0.299459 0.101744
vt 0.299459 0.101656
vt 0.270751 0.0945265
vt 0.238742 0.0889049
vt 0.242291 0.0890741
vt 0.242291 0.0891044
vt 0.238742 0.0889347
vt 0.235393 0.0908482
vt 0.238742 0.0889049
vt 0.238742 0.0889347
vt 0.235357 0.0908633
vt 0.330523 0.157108
vt 0.331535 0.159118
vt 0.331535 0.157202
vt 0.330523 0.155193
vt 0.304443 0.10529
vt 0.308474 0.113299
vt 0.308474 0.111384
vt 0.304443 0.105203
vt 0.299459 0.101744
vt 0.302108 0.103194
vt 0.302108 0.103107
vt 0.299459 0.101656
vt 0.326417 0.149397
vt 0.329239 0.154557
vt 0.329239 0.152642
vt 0.326417 0.147482
vt 0.213005 0.126173
vt 0.213668 0.12515
vt 0.21489 0.123234
vt 0.214226 0.124258
vt 0.226234 0.105574
vt 0.230149 0.0991734
vt 0.23063 0.0981935
vt 0.226813 0.104449
vt 0.220545 0.114658
vt 0.223063 0.110618
vt 0.223927 0.109098
vt 0.221731 0.112743
vt 0.223063 0.110618
vt 0.226234 0.105574
vt 0.226813 0.104449
vt 0.223927 0.109098
vt 0.215998 0.121562
vt 0.218128 0.118371
vt 0.219344 0.116456
vt 0.217153 0.119646
vt 0.218128 0.118371
vt 0.220545 0.114658
vt 0.221731 0.112743
vt 0.219344 0.116456
vt 0.230149 0.0991734
vt 0.23277 0.0950108
vt 0.23325 0.0941032
vt 0.23063 0.0981935
vt 0.23277 0.0950108
vt 0.235393 0.0908482
vt 0.235357 0.0908633
vt 0.23325 0.0941032
vt 0.315833 0.127921
vt 0.31964 0.135485
vt 0.31964 0.133569
vt 0.315833 0.126005
vt 0.31964 0.135485
vt 0.323447 0.143049
vt 0.323447 0.141134
vt 0.31964 0.133569
vt 0.314678 0.120868
vt 0.315833 0.127921
vt 0.312154 0.12061
vt 0.313523 0.113816
vt 0.314678 0.120868
vt 0.312154 0.12061
vt 0.308474 0.113299
vt 0.308474 0.113299
vt 0.312154 0.12061
vt 0.312154 0.118694
vt 0.308474 0.111384
vt 0.312154 0.12061
vt 0.315833 0.127921
vt 0.315833 0.126005
vt 0.312154 0.118694
vt 0.312154 0.118694
vt 0.315833 0.126005
vt 0.314678 0.118953
vt 0.308474 0.111384
vt 0.312154 0.118694
vt 0.314678 0.118953
vt 0.313523 0.111901
vt 0.308474 0.111384
vt 0.313523 0.111901
vt 0.314678 0.118953
vt 0.312154 0.118694
vt 0.312154 0.118694
vt 0.314678 0.118953
vt 0.315833 0.126005
vt 0.312154 0.12061
vt 0.312154 0.118694
vt 0.315833 0.126005
vt 0.315833 0.127921
vt 0.308474 0.113299
vt 0.308474 0.111384
vt 0.312154 0.118694
vt 0.312154 0.12061
vt 0.313523 0.113816
vt 0.308474 0.113299
vt 0.312154 0.12061
vt 0.314678 0.120868
vt 0.314678 0.120868
vt 0.312154 0.12061
vt 0.315833 0.127921
vt 0.31964 0.135485
vt 0.31964 0.133569
vt 0.323447 0.141134
vt 0.323447 0.143049
vt 0.315833 0.127921
vt 0.315833 0.126005
vt 0.31964 0.133569
vt 0.31964 0.135485
vt 0.23277 0.0950108
vt 0.23325 0.0941032
vt 0.235357 0.0908633
vt 0.235393 0.0908482
vt 0.230149 0.0991734
vt 0.23063 0.0981935
vt 0.23325 0.0941032
vt 0.23277 0.0950108
vt 0.218128 0.118371
vt 0.219344 0.116456
vt 0.221731 0.112743
vt 0.220545 0.114658
vt 0.215998 0.121562
vt 0.217153 0.119646
vt 0.219344 0.116456
vt 0.218128 0.118371
vt 0.223063 0.110618
vt 0.223927 0.109098
vt 0.226813 0.104449
vt 0.226234 0.105574
vt 0.220545 0.114658
vt 0.221731 0.112743
vt 0.223927 0.109098
vt 0.223063 0.110618
vt 0.226234 0.105574
vt 0.226813 0.104449
vt 0.23063 0.0981935
vt 0.230149 0.0991734
vt 0.213005 0.126173
vt 0.214226 0.124258
vt 0.21489 0.123234
vt 0.213668 0.12515
vt 0.326417 0.149397
vt 0.326417 0.147482
vt 0.329239 0.152642
vt 0.329239 0.154557
vt 0.299459 0.101744
vt 0.299459 0.101656
vt 0.302108 0.103107
vt 0.302108 0.103194
vt 0.304443 0.10529
vt 0.304443 0.105203
vt 0.308474 0.111384
vt 0.308474 0.113299
vt 0.330523 0.157108
vt 0.330523 0.155193
vt 0.331535 0.157202
vt 0.331535 0.159118
vt 0.235393 0.0908482
vt 0.235357 0.0908633
vt 0.238742 0.0889347
vt 0.238742 0.0889049
vt 0.238742 0.0889049
vt 0.238742 0.0889347
vt 0.242291 0.0891044
vt 0.242291 0.0890741
vt 0.270751 0.094554
vt 0.270751 0.0945265
vt 0.299459 0.101656
vt 0.299459 0.101744
vt 0.323447 0.143049
vt 0.323447 0.141134
vt 0.326417 0.147482
vt 0.326417 0.149397
vt 0.214697 0.123568
vt 0.215918 0.121653
vt 0.217153 0.119646
vt 0.215998 0.121562
vt 0.302108 0.103194
vt 0.302108 0.103107
vt 0.304443 0.105203
vt 0.304443 0.10529
vt 0.212521 0.126916
vt 0.213743 0.125
vt 0.214226 0.124258
vt 0.213005 0.126173
vt 0.329239 0.154557
vt 0.329239 0.152642
vt 0.330523 0.155193
vt 0.330523 0.157108
vt 0.242291 0.0890741
vt 0.242291 0.0891044
vt 0.270751 0.0945265
vt 0.270751 0.094554
vt 0.213668 0.12515
vt 0.21489 0.123234
vt 0.215918 0.121653
vt 0.214697 0.123568
vt 0.331535 0.159118
vt 0.331535 0.157202
vt 0.332566 0.159252
vt 0.332566 0.161167
vt 0.211994 0.127728
vt 0.213215 0.125813
vt 0.213743 0.125
vt 0.212521 0.126916
vt 0.270751 0.094554
vt 0.30756 0.0990547
vt 0.308706 0.100455
vt 0.299459 0.101744
vt 0.299459 0.101744
vt 0.308706 0.100455
vt 0.30921 0.101072
vt 0.302108 0.103194
vt 0.302108 0.103194
vt 0.30921 0.101072
vt 0.309936 0.101959
vt 0.304443 0.10529
vt 0.233479 0.0851447
vt 0.242291 0.0890741
vt 0.232145 0.0864788
vt 0.313523 0.113816
vt 0.313523 0.108785
vt 0.316079 0.113873
vt 0.270751 0.094554
vt 0.267598 0.0895262
vt 0.287579 0.0942907
vt 0.30756 0.0990547
vt 0.214697 0.123568
vt 0.21069 0.121109
vt 0.211888 0.119173
vt 0.215998 0.121562
vt 0.232145 0.0864788
vt 0.242291 0.0890741
vt 0.238742 0.0889049
vt 0.231358 0.0876667
vt 0.267598 0.0895262
vt 0.270751 0.094554
vt 0.242291 0.0890741
vt 0.233479 0.0851447
vt 0.231358 0.0876667
vt 0.238742 0.0889049
vt 0.235393 0.0908482
vt 0.22992 0.0899928
vt 0.20863 0.124446
vt 0.212521 0.126916
vt 0.211994 0.127728
vt 0.208128 0.125256
vt 0.209088 0.123704
vt 0.213005 0.126173
vt 0.212521 0.126916
vt 0.20863 0.124446
vt 0.20973 0.122665
vt 0.213668 0.12515
vt 0.213005 0.126173
vt 0.209088 0.123704
vt 0.304443 0.10529
vt 0.309936 0.101959
vt 0.31173 0.105372
vt 0.308474 0.113299
vt 0.308474 0.113299
vt 0.31173 0.105372
vt 0.313523 0.108785
vt 0.313523 0.113816
vt 0.213668 0.12515
vt 0.20973 0.122665
vt 0.21069 0.121109
vt 0.214697 0.123568
vt 0.331535 0.159118
vt 0.339005 0.159517
vt 0.340078 0.161651
vt 0.332566 0.161167
vt 0.330523 0.157108
vt 0.337958 0.157432
vt 0.339005 0.159517
vt 0.331535 0.159118
vt 0.329239 0.154557
vt 0.336653 0.154834
vt 0.337958 0.157432
vt 0.330523 0.157108
vt 0.326417 0.149397
vt 0.334034 0.14962
vt 0.336653 0.154834
vt 0.329239 0.154557
vt 0.323447 0.143049
vt 0.330839 0.143258
vt 0.334034 0.14962
vt 0.326417 0.149397
vt 0.299459 0.101656
vt 0.307841 0.0993988
vt 0.305415 0.097235
vt 0.270751 0.0945265
vt 0.302108 0.103107
vt 0.308482 0.100182
vt 0.307841 0.0993988
vt 0.299459 0.101656
vt 0.304443 0.105203
vt 0.309348 0.101241
vt 0.308482 0.100182
vt 0.302108 0.103107
vt 0.232168 0.086458
vt 0.242291 0.0891044
vt 0.23367 0.0849542
vt 0.313523 0.111901
vt 0.315106 0.111936
vt 0.313523 0.108785
vt 0.270751 0.0945265
vt 0.305415 0.097235
vt 0.286643 0.0934064
vt 0.267873 0.0895779
vt 0.211881 0.119184
vt 0.215918 0.121653
vt 0.217153 0.119646
vt 0.213064 0.11727
vt 0.242291 0.0891044
vt 0.232168 0.086458
vt 0.231373 0.0876382
vt 0.238742 0.0889347
vt 0.270751 0.0945265
vt 0.267873 0.0895779
vt 0.23367 0.0849542
vt 0.242291 0.0891044
vt 0.238742 0.0889347
vt 0.231373 0.0876382
vt 0.22991 0.0900092
vt 0.235357 0.0908633
vt 0.213743 0.125
vt 0.209828 0.122507
vt 0.209327 0.123317
vt 0.213215 0.125813
vt 0.214226 0.124258
vt 0.210286 0.121766
vt 0.209828 0.122507
vt 0.213743 0.125
vt 0.21489 0.123234
vt 0.210929 0.120726
vt 0.210286 0.121766
vt 0.214226 0.124258
vt 0.313523 0.111901
vt 0.313523 0.108785
vt 0.311436 0.105013
vt 0.308474 0.111384
vt 0.308474 0.111384
vt 0.311436 0.105013
vt 0.309348 0.101241
vt 0.304443 0.105203
vt 0.210929 0.120726
vt 0.21489 0.123234
vt 0.215918 0.121653
vt 0.211881 0.119184
vt 0.338017 0.157548
vt 0.331535 0.157202
vt 0.332566 0.159252
vt 0.339083 0.159672
vt 0.336975 0.155474
vt 0.330523 0.155193
vt 0.331535 0.157202
vt 0.338017 0.157548
vt 0.335673 0.152882
vt 0.329239 0.152642
vt 0.330523 0.155193
vt 0.336975 0.155474
vt 0.333058 0.147676
vt 0.326417 0.147482
vt 0.329239 0.152642
vt 0.335673 0.152882
vt 0.329863 0.141315
vt 0.323447 0.141134
vt 0.326417 0.147482
vt 0.333058 0.147676
vt 0.225128 0.0977447
vt 0.230149 0.0991734
vt 0.226234 0.105574
vt 0.221541 0.103552
vt 0.222214 0.102462
vt 0.226813 0.104449
vt 0.23063 0.0981935
vt 0.225723 0.0967849
vt 0.218382 0.108664
vt 0.223063 0.110618
vt 0.220545 0.114658
vt 0.215849 0.11276
vt 0.221541 0.103552
vt 0.226234 0.105574
vt 0.223063 0.110618
vt 0.218382 0.108664
vt 0.223927 0.109098
vt 0.219308 0.107165
vt 0.21703 0.110853
vt 0.221731 0.112743
vt 0.226813 0.104449
vt 0.222214 0.102462
vt 0.219308 0.107165
vt 0.223927 0.109098
vt 0.218128 0.118371
vt 0.213709 0.116225
vt 0.215849 0.11276
vt 0.220545 0.114658
vt 0.215998 0.121562
vt 0.211888 0.119173
vt 0.213709 0.116225
vt 0.218128 0.118371
vt 0.219344 0.116456
vt 0.214897 0.114302
vt 0.213064 0.11727
vt 0.217153 0.119646
vt 0.221731 0.112743
vt 0.21703 0.110853
vt 0.214897 0.114302
vt 0.219344 0.116456
vt 0.227523 0.0938717
vt 0.23277 0.0950108
vt 0.230149 0.0991734
vt 0.225128 0.0977447
vt 0.22992 0.0899928
vt 0.235393 0.0908482
vt 0.23277 0.0950108
vt 0.227523 0.0938717
vt 0.228076 0.0929744
vt 0.23325 0.0941032
vt 0.235357 0.0908633
vt 0.22991 0.0900092
vt 0.225723 0.0967849
vt 0.23063 0.0981935
vt 0.23325 0.0941032
vt 0.228076 0.0929744
vt 0.31964 0.135485
vt 0.327046 0.135707
vt 0.330839 0.143258
vt 0.323447 0.143049
vt 0.315833 0.127921
vt 0.323251 0.128152
vt 0.327046 0.135707
vt 0.31964 0.135485
vt 0.31964 0.133569
vt 0.326069 0.133762
vt 0.322274 0.126206
vt 0.315833 0.126005
vt 0.323447 0.141134
vt 0.329863 0.141315
vt 0.326069 0.133762
vt 0.31964 0.133569
vt 0.314678 0.120868
vt 0.31966 0.121002
vt 0.323251 0.128152
vt 0.315833 0.127921
vt 0.313523 0.113816
vt 0.316079 0.113873
vt 0.31966 0.121002
vt 0.314678 0.120868
vt 0.314678 0.118953
vt 0.318684 0.11906
vt 0.315106 0.111936
vt 0.313523 0.111901
vt 0.315833 0.126005
vt 0.322274 0.126206
vt 0.318684 0.11906
vt 0.314678 0.118953
vt 0.314678 0.118953
vt 0.318684 0.11906
vt 0.322274 0.126206
vt 0.315833 0.126005
vt 0.313523 0.111901
vt 0.315106 0.111936
vt 0.318684 0.11906
vt 0.314678 0.118953
vt 0.314678 0.120868
vt 0.31966 0.121002
vt 0.316079 0.113873
vt 0.313523 0.113816
vt 0.315833 0.127921
vt 0.323251 0.128152
vt 0.31966 0.121002
vt 0.314678 0.120868
vt 0.31964 0.133569
vt 0.326069 0.133762
vt 0.329863 0.141315
vt 0.323447 0.141134
vt 0.315833 0.126005
vt 0.322274 0.126206
vt 0.326069 0.133762
vt 0.31964 0.133569
vt 0.31964 0.135485
vt 0.327046 0.135707
vt 0.323251 0.128152
vt 0.315833 0.127921
vt 0.323447 0.143049
vt 0.330839 0.143258
vt 0.327046 0.135707
vt 0.31964 0.135485
vt 0.228076 0.0929744
vt 0.23325 0.0941032
vt 0.23063 0.0981935
vt 0.225723 0.0967849
vt 0.22991 0.0900092
vt 0.235357 0.0908633
vt 0.23325 0.0941032
vt 0.228076 0.0929744
vt 0.227523 0.0938717
vt 0.23277 0.0950108
vt 0.235393 0.0908482
vt 0.22992 0.0899928
vt 0.225128 0.0977447
vt 0.230149 0.0991734
vt 0.23277 0.0950108
vt 0.227523 0.0938717
vt 0.219344 0.116456
vt 0.214897 0.114302
vt 0.21703 0.110853
vt 0.221731 0.112743
vt 0.217153 0.119646
vt 0.213064 0.11727
vt 0.214897 0.114302
vt 0.219344 0.116456
vt 0.218128 0.118371
vt 0.213709 0.116225
vt 0.211888 0.119173
vt 0.215998 0.121562
vt 0.220545 0.114658
vt 0.215849 0.11276
vt 0.213709 0.116225
vt 0.218128 0.118371
vt 0.223927 0.109098
vt 0.219308 0.107165
vt 0.222214 0.102462
vt 0.226813 0.104449
vt 0.221731 0.112743
vt 0.21703 0.110853
vt 0.219308 0.107165
vt 0.223927 0.109098
vt 0.218382 0.108664
vt 0.223063 0.110618
vt 0.226234 0.105574
vt 0.221541 0.103552
vt 0.215849 0.11276
vt 0.220545 0.114658
vt 0.223063 0.110618
vt 0.218382 0.108664
vt 0.225723 0.0967849
vt 0.23063 0.0981935
vt 0.226813 0.104449
vt 0.222214 0.102462
vt 0.221541 0.103552
vt 0.226234 0.105574
vt 0.230149 0.0991734
vt 0.225128 0.0977447
vt 0.333058 0.147676
vt 0.326417 0.147482
vt 0.323447 0.141134
vt 0.329863 0.141315
vt 0.335673 0.152882
vt 0.329239 0.152642
vt 0.326417 0.147482
vt 0.333058 0.147676
vt 0.336975 0.155474
vt 0.330523 0.155193
vt 0.329239 0.152642
vt 0.335673 0.152882
vt 0.338017 0.157548
vt 0.331535 0.157202
vt 0.330523 0.155193
vt 0.336975 0.155474
vt 0.339083 0.159672
vt 0.332566 0.159252
vt 0.331535 0.157202
vt 0.338017 0.157548
vt 0.211881 0.119184
vt 0.215918 0.121653
vt 0.21489 0.123234
vt 0.210929 0.120726
vt 0.304443 0.105203
vt 0.309348 0.101241
vt 0.311436 0.105013
vt 0.308474 0.111384
vt 0.308474 0.111384
vt 0.311436 0.105013
vt 0.313523 0.108785
vt 0.313523 0.111901
vt 0.214226 0.124258
vt 0.210286 0.121766
vt 0.210929 0.120726
vt 0.21489 0.123234
vt 0.213743 0.125
vt 0.209828 0.122507
vt 0.210286 0.121766
vt 0.214226 0.124258
vt 0.213215 0.125813
vt 0.209327 0.123317
vt 0.209828 0.122507
vt 0.213743 0.125
vt 0.235357 0.0908633
vt 0.22991 0.0900092
vt 0.231373 0.0876382
vt 0.238742 0.0889347
vt 0.242291 0.0891044
vt 0.23367 0.0849542
vt 0.267873 0.0895779
vt 0.270751 0.0945265
vt 0.238742 0.0889347
vt 0.231373 0.0876382
vt 0.232168 0.086458
vt 0.242291 0.0891044
vt 0.213064 0.11727
vt 0.217153 0.119646
vt 0.215918 0.121653
vt 0.211881 0.119184
vt 0.270751 0.0945265
vt 0.267873 0.0895779
vt 0.286643 0.0934064
vt 0.305415 0.097235
vt 0.313523 0.111901
vt 0.313523 0.108785
vt 0.315106 0.111936
vt 0.23367 0.0849542
vt 0.242291 0.0891044
vt 0.232168 0.086458
vt 0.302108 0.103107
vt 0.308482 0.100182
vt 0.309348 0.101241
vt 0.304443 0.105203
vt 0.299459 0.101656
vt 0.307841 0.0993988
vt 0.308482 0.100182
vt 0.302108 0.103107
vt 0.270751 0.0945265
vt 0.305415 0.097235
vt 0.307841 0.0993988
vt 0.299459 0.101656
vt 0.326417 0.149397
vt 0.334034 0.14962
vt 0.330839 0.143258
vt 0.323447 0.143049
vt 0.329239 0.154557
vt 0.336653 0.154834
vt 0.334034 0.14962
vt 0.326417 0.149397
vt 0.330523 0.157108
vt 0.337958 0.157432
vt 0.336653 0.154834
vt 0.329239 0.154557
vt 0.331535 0.159118
vt 0.339005 0.159517
vt 0.337958 0.157432
vt 0.330523 0.157108
vt 0.332566 0.161167
vt 0.340078 0.161651
vt 0.339005 0.159517
vt 0.331535 0.159118
vt 0.214697 0.123568
vt 0.21069 0.121109
vt 0.20973 0.122665
vt 0.213668 0.12515
vt 0.313523 0.113816
vt 0.313523 0.108785
vt 0.31173 0.105372
vt 0.308474 0.113299
vt 0.308474 0.113299
vt 0.31173 0.105372
vt 0.309936 0.101959
vt 0.304443 0.10529
vt 0.209088 0.123704
vt 0.213005 0.126173
vt 0.213668 0.12515
vt 0.20973 0.122665
vt 0.20863 0.124446
vt 0.212521 0.126916
vt 0.213005 0.126173
vt 0.209088 0.123704
vt 0.208128 0.125256
vt 0.211994 0.127728
vt 0.212521 0.126916
vt 0.20863 0.124446
vt 0.22992 0.0899928
vt 0.235393 0.0908482
vt 0.238742 0.0889049
vt 0.231358 0.0876667
vt 0.233479 0.0851447
vt 0.242291 0.0890741
vt 0.270751 0.094554
vt 0.267598 0.0895262
vt 0.231358 0.0876667
vt 0.238742 0.0889049
vt 0.242291 0.0890741
vt 0.232145 0.0864788
vt 0.215998 0.121562
vt 0.211888 0.119173
vt 0.21069 0.121109
vt 0.214697 0.123568
vt 0.270751 0.094554
vt 0.30756 0.0990547
vt 0.287579 0.0942907
vt 0.267598 0.0895262
vt 0.313523 0.108785
vt 0.313523 0.113816
vt 0.316079 0.113873
vt 0.232145 0.0864788
vt 0.242291 0.0890741
vt 0.233479 0.0851447
vt 0.304443 0.10529
vt 0.309936 0.101959
vt 0.30921 0.101072
vt 0.302108 0.103194
vt 0.302108 0.103194
vt 0.30921 0.101072
vt 0.308706 0.100455
vt 0.299459 0.101744
vt 0.299459 0.101744
vt 0.308706 0.100455
vt 0.30756 0.0990547
vt 0.270751 0.094554
vt 0.368913 0.127662
vt 0.372377 0.120498
vt 0.375015 0.127852
vt 0.372585 0.122419
vt 0.372124 0.121023
vt 0.371463 0.122389
vt 0.371463 0.122389
vt 0.368001 0.129549
vt 0.375015 0.129768
vt 0.372585 0.122419
vt 0.361873 0.14222
vt 0.365394 0.13494
vt 0.371368 0.135119
vt 0.367722 0.142385
vt 0.365394 0.13494
vt 0.368913 0.127662
vt 0.375015 0.127852
vt 0.371368 0.135119
vt 0.368001 0.129549
vt 0.364481 0.136828
vt 0.371368 0.137034
vt 0.375015 0.129768
vt 0.364481 0.136828
vt 0.360959 0.14411
vt 0.367722 0.144301
vt 0.371368 0.137034
vt 0.367722 0.142385
vt 0.364827 0.148604
vt 0.35887 0.14843
vt 0.361873 0.14222
vt 0.364827 0.148604
vt 0.361963 0.153863
vt 0.356344 0.153653
vt 0.35887 0.14843
vt 0.361963 0.153863
vt 0.360637 0.156504
vt 0.355083 0.156262
vt 0.356344 0.153653
vt 0.360637 0.156504
vt 0.359537 0.158697
vt 0.354047 0.158404
vt 0.355083 0.156262
vt 0.359537 0.158697
vt 0.358422 0.160919
vt 0.353 0.160569
vt 0.354047 0.158404
vt 0.360959 0.14411
vt 0.357957 0.150318
vt 0.364827 0.150519
vt 0.367722 0.144301
vt 0.357957 0.150318
vt 0.355434 0.155534
vt 0.361963 0.155778
vt 0.364827 0.150519
vt 0.355434 0.155534
vt 0.354175 0.158138
vt 0.360637 0.15842
vt 0.361963 0.155778
vt 0.354175 0.158138
vt 0.353144 0.160271
vt 0.359537 0.160612
vt 0.360637 0.15842
vt 0.353144 0.160271
vt 0.352102 0.162427
vt 0.358422 0.162835
vt 0.359537 0.160612
vt 0.377367 0.125068
vt 0.372377 0.120498
vt 0.3725 0.120245
vt 0.373365 0.118456
vt 0.372585 0.122419
vt 0.377367 0.125079
vt 0.373056 0.119095
vt 0.372124 0.121023
vt 0.426789 0.130489
vt 0.385551 0.123294
vt 0.375491 0.116669
vt 0.426789 0.121971
vt 0.453375 0.13512
vt 0.426789 0.130489
vt 0.426789 0.121971
vt 0.437387 0.123387
vt 0.461192 0.128087
vt 0.453375 0.13512
vt 0.437387 0.123387
vt 0.447985 0.124802
vt 0.381342 0.123097
vt 0.377367 0.125068
vt 0.373365 0.118456
vt 0.374629 0.117131
vt 0.385551 0.123294
vt 0.381342 0.123097
vt 0.374629 0.117131
vt 0.375491 0.116669
vt 0.461192 0.130003
vt 0.461192 0.128087
vt 0.447985 0.124802
vt 0.431351 0.122581
vt 0.377029 0.115845
vt 0.374318 0.117297
vt 0.426789 0.121971
vt 0.385551 0.123305
vt 0.426789 0.130487
vt 0.426789 0.121971
vt 0.374318 0.117297
vt 0.377029 0.115845
vt 0.426789 0.121971
vt 0.426789 0.121446
vt 0.453375 0.135117
vt 0.461192 0.130003
vt 0.431351 0.122581
vt 0.42907 0.122276
vt 0.426789 0.130487
vt 0.453375 0.135117
vt 0.42907 0.122276
vt 0.426789 0.121971
vt 0.426789 0.121446
vt 0.426789 0.121971
vt 0.42907 0.122276
vt 0.431351 0.122581
vt 0.377367 0.125079
vt 0.381342 0.123108
vt 0.373752 0.117655
vt 0.373056 0.119095
vt 0.381342 0.123108
vt 0.385551 0.123305
vt 0.374318 0.117297
vt 0.373752 0.117655
vt 0.372377 0.120498
vt 0.377367 0.125068
vt 0.375015 0.127852
vt 0.375015 0.129768
vt 0.377367 0.125079
vt 0.372585 0.122419
vt 0.371368 0.137034
vt 0.371368 0.135119
vt 0.375015 0.127852
vt 0.375015 0.129768
vt 0.367722 0.144301
vt 0.367722 0.142385
vt 0.371368 0.135119
vt 0.371368 0.137034
vt 0.461192 0.128087
vt 0.45619 0.136241
vt 0.453375 0.13512
vt 0.463084 0.148299
vt 0.460487 0.141804
vt 0.466424 0.141686
vt 0.468964 0.148253
vt 0.465581 0.154547
vt 0.463084 0.148299
vt 0.468964 0.148253
vt 0.471504 0.154524
vt 0.466501 0.156849
vt 0.465581 0.154547
vt 0.471504 0.154524
vt 0.472114 0.156854
vt 0.467019 0.158145
vt 0.466501 0.156849
vt 0.472114 0.156854
vt 0.472723 0.158061
vt 0.467019 0.158145
vt 0.472723 0.158061
vt 0.473656 0.160485
vt 0.467997 0.160593
vt 0.45619 0.136241
vt 0.461192 0.128087
vt 0.466424 0.141686
vt 0.458467 0.138666
vt 0.460487 0.141804
vt 0.458467 0.138666
vt 0.466424 0.141686
vt 0.472114 0.158769
vt 0.472114 0.156854
vt 0.471504 0.154524
vt 0.471504 0.15644
vt 0.471504 0.15644
vt 0.471504 0.154524
vt 0.468964 0.148253
vt 0.468964 0.150168
vt 0.465581 0.156463
vt 0.465581 0.154547
vt 0.466501 0.156849
vt 0.466501 0.158765
vt 0.377367 0.125079
vt 0.377367 0.125068
vt 0.381342 0.123097
vt 0.381342 0.123108
vt 0.458467 0.138664
vt 0.458467 0.138666
vt 0.460487 0.141804
vt 0.460487 0.143719
vt 0.381342 0.123108
vt 0.381342 0.123097
vt 0.385551 0.123294
vt 0.385551 0.123305
vt 0.45619 0.136239
vt 0.45619 0.136241
vt 0.458467 0.138666
vt 0.458467 0.138664
vt 0.466424 0.143601
vt 0.466424 0.141686
vt 0.461192 0.128087
vt 0.461192 0.130003
vt 0.468964 0.150168
vt 0.468964 0.148253
vt 0.466424 0.141686
vt 0.466424 0.143601
vt 0.472723 0.159976
vt 0.472723 0.158061
vt 0.472114 0.156854
vt 0.472114 0.158769
vt 0.426789 0.130487
vt 0.426789 0.130489
vt 0.453375 0.13512
vt 0.453375 0.135117
vt 0.359537 0.160612
vt 0.359537 0.158697
vt 0.360637 0.156504
vt 0.360637 0.15842
vt 0.360637 0.15842
vt 0.360637 0.156504
vt 0.361963 0.153863
vt 0.361963 0.155778
vt 0.361963 0.155778
vt 0.361963 0.153863
vt 0.364827 0.148604
vt 0.364827 0.150519
vt 0.364827 0.150519
vt 0.364827 0.148604
vt 0.367722 0.142385
vt 0.367722 0.144301
vt 0.385551 0.123305
vt 0.385551 0.123294
vt 0.426789 0.130489
vt 0.426789 0.130487
vt 0.453375 0.135117
vt 0.453375 0.13512
vt 0.45619 0.136241
vt 0.45619 0.136239
vt 0.460487 0.143719
vt 0.460487 0.141804
vt 0.463084 0.148299
vt 0.463084 0.150215
vt 0.463084 0.150215
vt 0.463084 0.148299
vt 0.465581 0.154547
vt 0.465581 0.156463
vt 0.466501 0.158765
vt 0.466501 0.156849
vt 0.467019 0.158145
vt 0.467019 0.16006
vt 0.375015 0.129768
vt 0.375015 0.127852
vt 0.377367 0.125068
vt 0.377367 0.125079
vt 0.467019 0.16006
vt 0.467019 0.158145
vt 0.467997 0.160593
vt 0.467997 0.162508
vt 0.358422 0.162835
vt 0.358422 0.160919
vt 0.359537 0.158697
vt 0.359537 0.160612
vt 0.473656 0.162401
vt 0.473656 0.160485
vt 0.472723 0.158061
vt 0.472723 0.159976
vt 0.45619 0.136239
vt 0.461192 0.130003
vt 0.453375 0.135117
vt 0.466424 0.143601
vt 0.460487 0.143719
vt 0.463084 0.150215
vt 0.468964 0.150168
vt 0.468964 0.150168
vt 0.463084 0.150215
vt 0.465581 0.156463
vt 0.471504 0.15644
vt 0.471504 0.15644
vt 0.465581 0.156463
vt 0.466501 0.158765
vt 0.472114 0.158769
vt 0.472114 0.158769
vt 0.466501 0.158765
vt 0.467019 0.16006
vt 0.472723 0.159976
vt 0.473656 0.162401
vt 0.472723 0.159976
vt 0.467019 0.16006
vt 0.467997 0.162508
vt 0.466424 0.143601
vt 0.461192 0.130003
vt 0.45619 0.136239
vt 0.458467 0.138664
vt 0.458467 0.138664
vt 0.460487 0.143719
vt 0.466424 0.143601
vt 0.353 0.160569
vt 0.352102 0.162427
vt 0.353144 0.160271
vt 0.354047 0.158404
vt 0.355083 0.156262
vt 0.354047 0.158404
vt 0.353144 0.160271
vt 0.354175 0.158138
vt 0.356344 0.153653
vt 0.355083 0.156262
vt 0.354175 0.158138
vt 0.355434 0.155534
vt 0.35887 0.14843
vt 0.356344 0.153653
vt 0.355434 0.155534
vt 0.357957 0.150318
vt 0.35887 0.14843
vt 0.357957 0.150318
vt 0.360959 0.14411
vt 0.361873 0.14222
vt 0.365394 0.13494
vt 0.361873 0.14222
vt 0.360959 0.14411
vt 0.364481 0.136828
vt 0.365394 0.13494
vt 0.364481 0.136828
vt 0.368001 0.129549
vt 0.368913 0.127662
vt 0.372377 0.120498
vt 0.368913 0.127662
vt 0.368001 0.129549
vt 0.371463 0.122389
vt 0.372377 0.120498
vt 0.371463 0.122389
vt 0.372124 0.121023
vt 0.3725 0.120245
vt 0.3725 0.120245
vt 0.372124 0.121023
vt 0.373056 0.119095
vt 0.373365 0.118456
vt 0.373365 0.118456
vt 0.373056 0.119095
vt 0.373752 0.117655
vt 0.374629 0.117131
vt 0.374629 0.117131
vt 0.373752 0.117655
vt 0.374318 0.117297
vt 0.375491 0.116669
vt 0.375491 0.116669
vt 0.374318 0.117297
vt 0.377029 0.115845
vt 0.426789 0.121971
vt 0.375491 0.116669
vt 0.377029 0.115845
vt 0.426789 0.121446
vt 0.437387 0.123387
vt 0.426789 0.121971
vt 0.426789 0.121446
vt 0.431351 0.122581
vt 0.437387 0.123387
vt 0.431351 0.122581
vt 0.447985 0.124802
vt 0.437387 0.123387
vt 0.431351 0.122581
vt 0.426789 0.121446
vt 0.426789 0.121971
vt 0.426789 0.121971
vt 0.426789 0.121446
vt 0.377029 0.115845
vt 0.375491 0.116669
vt 0.375491 0.116669
vt 0.377029 0.115845
vt 0.374318 0.117297
vt 0.374629 0.117131
vt 0.375491 0.116669
vt 0.374318 0.117297
vt 0.373752 0.117655
vt 0.373365 0.118456
vt 0.374629 0.117131
vt 0.373752 0.117655
vt 0.373056 0.119095
vt 0.3725 0.120245
vt 0.373365 0.118456
vt 0.373056 0.119095
vt 0.372124 0.121023
vt 0.372377 0.120498
vt 0.3725 0.120245
vt 0.372124 0.121023
vt 0.371463 0.122389
vt 0.372377 0.120498
vt 0.371463 0.122389
vt 0.368001 0.129549
vt 0.368913 0.127662
vt 0.365394 0.13494
vt 0.368913 0.127662
vt 0.368001 0.129549
vt 0.364481 0.136828
vt 0.365394 0.13494
vt 0.364481 0.136828
vt 0.360959 0.14411
vt 0.361873 0.14222
vt 0.353 0.160569
vt 0.354047 0.158404
vt 0.353144 0.160271
vt 0.352102 0.162427
vt 0.458467 0.138664
vt 0.466424 0.143601
vt 0.460487 0.143719
vt 0.466424 0.143601
vt 0.458467 0.138664
vt 0.45619 0.136239
vt 0.461192 0.130003
vt 0.473656 0.162401
vt 0.467997 0.162508
vt 0.467019 0.16006
vt 0.472723 0.159976
vt 0.472114 0.158769
vt 0.472723 0.159976
vt 0.467019 0.16006
vt 0.466501 0.158765
vt 0.471504 0.15644
vt 0.472114 0.158769
vt 0.466501 0.158765
vt 0.465581 0.156463
vt 0.468964 0.150168
vt 0.471504 0.15644
vt 0.465581 0.156463
vt 0.463084 0.150215
vt 0.466424 0.143601
vt 0.468964 0.150168
vt 0.463084 0.150215
vt 0.460487 0.143719
vt 0.45619 0.136239
vt 0.453375 0.135117
vt 0.461192 0.130003
vt 0.473656 0.162401
vt 0.472723 0.159976
vt 0.472723 0.158061
vt 0.473656 0.160485
vt 0.358422 0.162835
vt 0.359537 0.160612
vt 0.359537 0.158697
vt 0.358422 0.160919
vt 0.467019 0.16006
vt 0.467997 0.162508
vt 0.467997 0.160593
vt 0.467019 0.158145
vt 0.375015 0.129768
vt 0.377367 0.125079
vt 0.377367 0.125068
vt 0.375015 0.127852
vt 0.466501 0.158765
vt 0.467019 0.16006
vt 0.467019 0.158145
vt 0.466501 0.156849
vt 0.463084 0.150215
vt 0.465581 0.156463
vt 0.465581 0.154547
vt 0.463084 0.148299
vt 0.460487 0.143719
vt 0.463084 0.150215
vt 0.463084 0.148299
vt 0.460487 0.141804
vt 0.453375 0.135117
vt 0.45619 0.136239
vt 0.45619 0.136241
vt 0.453375 0.13512
vt 0.385551 0.123305
vt 0.426789 0.130487
vt 0.426789 0.130489
vt 0.385551 0.123294
vt 0.364827 0.150519
vt 0.367722 0.144301
vt 0.367722 0.142385
vt 0.364827 0.148604
vt 0.361963 0.155778
vt 0.364827 0.150519
vt 0.364827 0.148604
vt 0.361963 0.153863
vt 0.360637 0.15842
vt 0.361963 0.155778
vt 0.361963 0.153863
vt 0.360637 0.156504
vt 0.359537 0.160612
vt 0.360637 0.15842
vt 0.360637 0.156504
vt 0.359537 0.158697
vt 0.426789 0.130487
vt 0.453375 0.135117
vt 0.453375 0.13512
vt 0.426789 0.130489
vt 0.472723 0.159976
vt 0.472114 0.158769
vt 0.472114 0.156854
vt 0.472723 0.158061
vt 0.468964 0.150168
vt 0.466424 0.143601
vt 0.466424 0.141686
vt 0.468964 0.148253
vt 0.466424 0.143601
vt 0.461192 0.130003
vt 0.461192 0.128087
vt 0.466424 0.141686
vt 0.45619 0.136239
vt 0.458467 0.138664
vt 0.458467 0.138666
vt 0.45619 0.136241
vt 0.381342 0.123108
vt 0.385551 0.123305
vt 0.385551 0.123294
vt 0.381342 0.123097
vt 0.458467 0.138664
vt 0.460487 0.143719
vt 0.460487 0.141804
vt 0.458467 0.138666
vt 0.377367 0.125079
vt 0.381342 0.123108
vt 0.381342 0.123097
vt 0.377367 0.125068
vt 0.465581 0.156463
vt 0.466501 0.158765
vt 0.466501 0.156849
vt 0.465581 0.154547
vt 0.471504 0.15644
vt 0.468964 0.150168
vt 0.468964 0.148253
vt 0.471504 0.154524
vt 0.472114 0.158769
vt 0.471504 0.15644
vt 0.471504 0.154524
vt 0.472114 0.156854
vt 0.460487 0.141804
vt 0.466424 0.141686
vt 0.458467 0.138666
vt 0.45619 0.136241
vt 0.458467 0.138666
vt 0.466424 0.141686
vt 0.461192 0.128087
vt 0.467019 0.158145
vt 0.467997 0.160593
vt 0.473656 0.160485
vt 0.472723 0.158061
vt 0.467019 0.158145
vt 0.472723 0.158061
vt 0.472114 0.156854
vt 0.466501 0.156849
vt 0.466501 0.156849
vt 0.472114 0.156854
vt 0.471504 0.154524
vt 0.465581 0.154547
vt 0.465581 0.154547
vt 0.471504 0.154524
vt 0.468964 0.148253
vt 0.463084 0.148299
vt 0.463084 0.148299
vt 0.468964 0.148253
vt 0.466424 0.141686
vt 0.460487 0.141804
vt 0.461192 0.128087
vt 0.453375 0.13512
vt 0.45619 0.136241
vt 0.367722 0.144301
vt 0.371368 0.137034
vt 0.371368 0.135119
vt 0.367722 0.142385
vt 0.371368 0.137034
vt 0.375015 0.129768
vt 0.375015 0.127852
vt 0.371368 0.135119
vt 0.375015 0.129768
vt 0.372585 0.122419
vt 0.377367 0.125079
vt 0.372377 0.120498
vt 0.375015 0.127852
vt 0.377367 0.125068
vt 0.381342 0.123108
vt 0.373752 0.117655
vt 0.374318 0.117297
vt 0.385551 0.123305
vt 0.377367 0.125079
vt 0.373056 0.119095
vt 0.373752 0.117655
vt 0.381342 0.123108
vt 0.426789 0.121446
vt 0.431351 0.122581
vt 0.42907 0.122276
vt 0.426789 0.121971
vt 0.426789 0.130487
vt 0.426789 0.121971
vt 0.42907 0.122276
vt 0.453375 0.135117
vt 0.453375 0.135117
vt 0.42907 0.122276
vt 0.431351 0.122581
vt 0.461192 0.130003
vt 0.377029 0.115845
vt 0.426789 0.121446
vt 0.426789 0.121971
vt 0.385551 0.123305
vt 0.374318 0.117297
vt 0.426789 0.121971
vt 0.426789 0.130487
vt 0.377029 0.115845
vt 0.426789 0.121971
vt 0.374318 0.117297
vt 0.461192 0.130003
vt 0.431351 0.122581
vt 0.447985 0.124802
vt 0.461192 0.128087
vt 0.385551 0.123294
vt 0.375491 0.116669
vt 0.374629 0.117131
vt 0.381342 0.123097
vt 0.381342 0.123097
vt 0.374629 0.117131
vt 0.373365 0.118456
vt 0.377367 0.125068
vt 0.461192 0.128087
vt 0.447985 0.124802
vt 0.437387 0.123387
vt 0.453375 0.13512
vt 0.453375 0.13512
vt 0.437387 0.123387
vt 0.426789 0.121971
vt 0.426789 0.130489
vt 0.426789 0.130489
vt 0.426789 0.121971
vt 0.375491 0.116669
vt 0.385551 0.123294
vt 0.372585 0.122419
vt 0.372124 0.121023
vt 0.373056 0.119095
vt 0.377367 0.125079
vt 0.3725 0.120245
vt 0.372377 0.120498
vt 0.377367 0.125068
vt 0.373365 0.118456
vt 0.353144 0.160271
vt 0.359537 0.160612
vt 0.358422 0.162835
vt 0.352102 0.162427
vt 0.354175 0.158138
vt 0.360637 0.15842
vt 0.359537 0.160612
vt 0.353144 0.160271
vt 0.355434 0.155534
vt 0.361963 0.155778
vt 0.360637 0.15842
vt 0.354175 0.158138
vt 0.357957 0.150318
vt 0.364827 0.150519
vt 0.361963 0.155778
vt 0.355434 0.155534
vt 0.360959 0.14411
vt 0.367722 0.144301
vt 0.364827 0.150519
vt 0.357957 0.150318
vt 0.359537 0.158697
vt 0.354047 0.158404
vt 0.353 0.160569
vt 0.358422 0.160919
vt 0.360637 0.156504
vt 0.355083 0.156262
vt 0.354047 0.158404
vt 0.359537 0.158697
vt 0.361963 0.153863
vt 0.356344 0.153653
vt 0.355083 0.156262
vt 0.360637 0.156504
vt 0.364827 0.148604
vt 0.35887 0.14843
vt 0.356344 0.153653
vt 0.361963 0.153863
vt 0.367722 0.142385
vt 0.361873 0.14222
vt 0.35887 0.14843
vt 0.364827 0.148604
vt 0.364481 0.136828
vt 0.371368 0.137034
vt 0.367722 0.144301
vt 0.360959 0.14411
vt 0.368001 0.129549
vt 0.375015 0.129768
vt 0.371368 0.137034
vt 0.364481 0.136828
vt 0.365394 0.13494
vt 0.371368 0.135119
vt 0.375015 0.127852
vt 0.368913 0.127662
vt 0.361873 0.14222
vt 0.367722 0.142385
vt 0.371368 0.135119
vt 0.365394 0.13494
vt 0.371463 0.122389
vt 0.372585 0.122419
vt 0.375015 0.129768
vt 0.368001 0.129549
vt 0.372585 0.122419
vt 0.371463 0.122389
vt 0.372124 0.121023
vt 0.375015 0.127852
vt 0.372377 0.120498
vt 0.368913 0.127662
vt 0.955264 0.332905
vt 0.900354 0.324336
vt 0.895187 0.31975
vt 0.955264 0.332905
vt 0.906076 0.327393
vt 0.900354 0.324336
vt 0.955264 0.332905
vt 0.911048 0.32877
vt 0.906076 0.327393
vt 0.911048 0.32877
vt 0.955264 0.332905
vt 0.906519 0.332937
vt 0.906519 0.332937
vt 0.955264 0.332905
vt 0.904654 0.334667
vt 0.904654 0.334667
vt 0.955264 0.332905
vt 0.903973 0.3353
vt 0.916619 0.13838
vt 0.916642 0.140315
vt 0.849832 0.14214
vt 0.949009 0.303724
vt 0.955264 0.332905
vt 0.921505 0.303724
vt 0.754632 0.145573
vt 0.74546 0.152076
vt 0.692539 0.143805
vt 0.706928 0.14051
vt 0.74546 0.152076
vt 0.741294 0.154578
vt 0.688715 0.14649
vt 0.692539 0.143805
vt 0.741294 0.154578
vt 0.740051 0.155324
vt 0.68736 0.147007
vt 0.688715 0.14649
vt 0.767481 0.152264
vt 0.759286 0.160051
vt 0.74546 0.152076
vt 0.754632 0.145573
vt 0.759286 0.160051
vt 0.754468 0.164705
vt 0.741294 0.154578
vt 0.74546 0.152076
vt 0.754468 0.164705
vt 0.753146 0.1653
vt 0.740051 0.155324
vt 0.741294 0.154578
vt 0.778099 0.165658
vt 0.768482 0.171968
vt 0.759286 0.160051
vt 0.767481 0.152264
vt 0.768482 0.171968
vt 0.764766 0.175547
vt 0.754468 0.164705
vt 0.759286 0.160051
vt 0.764766 0.175547
vt 0.763508 0.176269
vt 0.753146 0.1653
vt 0.754468 0.164705
vt 0.795073 0.184732
vt 0.784901 0.190443
vt 0.768482 0.171968
vt 0.778099 0.165658
vt 0.784901 0.190443
vt 0.780666 0.192821
vt 0.764766 0.175547
vt 0.768482 0.171968
vt 0.780666 0.192821
vt 0.7794 0.193531
vt 0.763508 0.176269
vt 0.764766 0.175547
vt 0.900354 0.324336
vt 0.893721 0.328375
vt 0.888652 0.324333
vt 0.895187 0.31975
vt 0.893721 0.328375
vt 0.890694 0.330057
vt 0.885445 0.327056
vt 0.888652 0.324333
vt 0.890694 0.330057
vt 0.889333 0.330558
vt 0.884143 0.327697
vt 0.885445 0.327056
vt 0.906076 0.327393
vt 0.899742 0.331202
vt 0.893721 0.328375
vt 0.900354 0.324336
vt 0.899742 0.331202
vt 0.897188 0.333059
vt 0.890694 0.330057
vt 0.893721 0.328375
vt 0.897188 0.333059
vt 0.895827 0.333557
vt 0.889333 0.330558
vt 0.890694 0.330057
vt 0.911048 0.32877
vt 0.906519 0.332937
vt 0.899742 0.331202
vt 0.906076 0.327393
vt 0.906519 0.332937
vt 0.904654 0.334667
vt 0.897188 0.333059
vt 0.899742 0.331202
vt 0.904654 0.334667
vt 0.903973 0.3353
vt 0.895827 0.333557
vt 0.897188 0.333059
vt 0.895187 0.31975
vt 0.888652 0.324333
vt 0.784901 0.190443
vt 0.795073 0.184732
vt 0.888652 0.324333
vt 0.885445 0.327056
vt 0.780666 0.192821
vt 0.784901 0.190443
vt 0.885445 0.327056
vt 0.884143 0.327697
vt 0.7794 0.193531
vt 0.780666 0.192821
vt 0.919111 0.133607
vt 0.916619 0.13838
vt 0.849832 0.14214
vt 0.849832 0.14214
vt 0.849832 0.14214
vt 0.916642 0.140315
vt 0.921505 0.303724
vt 0.921505 0.303724
vt 0.849832 0.14214
vt 0.849832 0.14214
vt 0.921505 0.303724
vt 0.921505 0.303724
vt 0.949009 0.303724
vt 0.706928 0.14051
vt 0.919111 0.133607
vt 0.849832 0.14214
vt 0.706928 0.14051
vt 0.849832 0.14214
vt 0.754632 0.145573
vt 0.849832 0.14214
vt 0.767481 0.152264
vt 0.754632 0.145573
vt 0.849832 0.14214
vt 0.778099 0.165658
vt 0.767481 0.152264
vt 0.849832 0.14214
vt 0.795073 0.184732
vt 0.778099 0.165658
vt 0.895187 0.31975
vt 0.795073 0.184732
vt 0.849832 0.14214
vt 0.895187 0.31975
vt 0.849832 0.14214
vt 0.921505 0.303724
vt 0.955264 0.332905
vt 0.895187 0.31975
vt 0.921505 0.303724
vt 0.955264 0.332905
vt 0.921505 0.303724
vt 0.895187 0.31975
vt 0.895187 0.31975
vt 0.921505 0.303724
vt 0.849832 0.14214
vt 0.895187 0.31975
vt 0.849832 0.14214
vt 0.795073 0.184732
vt 0.849832 0.14214
vt 0.778099 0.165658
vt 0.795073 0.184732
vt 0.849832 0.14214
vt 0.767481 0.152264
vt 0.778099 0.165658
vt 0.849832 0.14214
vt 0.754632 0.145573
vt 0.767481 0.152264
vt 0.706928 0.14051
vt 0.754632 0.145573
vt 0.849832 0.14214
vt 0.706928 0.14051
vt 0.849832 0.14214
vt 0.919111 0.133607
vt 0.921505 0.303724
vt 0.949009 0.303724
vt 0.921505 0.303724
vt 0.921505 0.303724
vt 0.849832 0.14214
vt 0.849832 0.14214
vt 0.921505 0.303724
vt 0.849832 0.14214
vt 0.916642 0.140315
vt 0.849832 0.14214
vt 0.919111 0.133607
vt 0.849832 0.14214
vt 0.916619 0.13838
vt 0.885445 0.327056
vt 0.780666 0.192821
vt 0.7794 0.193531
vt 0.884143 0.327697
vt 0.888652 0.324333
vt 0.784901 0.190443
vt 0.780666 0.192821
vt 0.885445 0.327056
vt 0.895187 0.31975
vt 0.795073 0.184732
vt 0.784901 0.190443
vt 0.888652 0.324333
vt 0.904654 0.334667
vt 0.897188 0.333059
vt 0.895827 0.333557
vt 0.903973 0.3353
vt 0.906519 0.332937
vt 0.899742 0.331202
vt 0.897188 0.333059
vt 0.904654 0.334667
vt 0.911048 0.32877
vt 0.906076 0.327393
vt 0.899742 0.331202
vt 0.906519 0.332937
vt 0.897188 0.333059
vt 0.890694 0.330057
vt 0.889333 0.330558
vt 0.895827 0.333557
vt 0.899742 0.331202
vt 0.893721 0.328375
vt 0.890694 0.330057
vt 0.897188 0.333059
vt 0.906076 0.327393
vt 0.900354 0.324336
vt 0.893721 0.328375
vt 0.899742 0.331202
vt 0.890694 0.330057
vt 0.885445 0.327056
vt 0.884143 0.327697
vt 0.889333 0.330558
vt 0.893721 0.328375
vt 0.888652 0.324333
vt 0.885445 0.327056
vt 0.890694 0.330057
vt 0.900354 0.324336
vt 0.895187 0.31975
vt 0.888652 0.324333
vt 0.893721 0.328375
vt 0.780666 0.192821
vt 0.764766 0.175547
vt 0.763508 0.176269
vt 0.7794 0.193531
vt 0.784901 0.190443
vt 0.768482 0.171968
vt 0.764766 0.175547
vt 0.780666 0.192821
vt 0.795073 0.184732
vt 0.778099 0.165658
vt 0.768482 0.171968
vt 0.784901 0.190443
vt 0.764766 0.175547
vt 0.754468 0.164705
vt 0.753146 0.1653
vt 0.763508 0.176269
vt 0.768482 0.171968
vt 0.759286 0.160051
vt 0.754468 0.164705
vt 0.764766 0.175547
vt 0.778099 0.165658
vt 0.767481 0.152264
vt 0.759286 0.160051
vt 0.768482 0.171968
vt 0.754468 0.164705
vt 0.741294 0.154578
vt 0.740051 0.155324
vt 0.753146 0.1653
vt 0.759286 0.160051
vt 0.74546 0.152076
vt 0.741294 0.154578
vt 0.754468 0.164705
vt 0.767481 0.152264
vt 0.754632 0.145573
vt 0.74546 0.152076
vt 0.759286 0.160051
vt 0.741294 0.154578
vt 0.688715 0.14649
vt 0.68736 0.147007
vt 0.740051 0.155324
vt 0.74546 0.152076
vt 0.692539 0.143805
vt 0.688715 0.14649
vt 0.741294 0.154578
vt 0.754632 0.145573
vt 0.706928 0.14051
vt 0.692539 0.143805
vt 0.74546 0.152076
vt 0.949009 0.303724
vt 0.921505 0.303724
vt 0.955264 0.332905
vt 0.916619 0.13838
vt 0.849832 0.14214
vt 0.916642 0.140315
vt 0.904654 0.334667
vt 0.903973 0.3353
vt 0.955264 0.332905
vt 0.906519 0.332937
vt 0.904654 0.334667
vt 0.955264 0.332905
vt 0.911048 0.32877
vt 0.906519 0.332937
vt 0.955264 0.332905
vt 0.955264 0.332905
vt 0.906076 0.327393
vt 0.911048 0.32877
vt 0.955264 0.332905
vt 0.900354 0.324336
vt 0.906076 0.327393
vt 0.955264 0.332905
vt 0.895187 0.31975
vt 0.900354 0.324336
vt 0.459795 0.64427
vt 0.475429 0.503212
vt 0.0201235 0.440748
vt 0.03566 0.509941
vt 0.013289 0.439813
vt 0.0194098 0.44065
vt 0.0339031 0.509941
vt 0.016718 0.48574
vt 0.013289 0.439813
vt 0.0099895 0.395612
vt 0.02915 0.395543
vt 0.0291724 0.44194
vt 0.0194098 0.44065
vt 0.0194098 0.44065
vt 0.479568 0.503779
vt 0.469062 0.648449
vt 0.0339031 0.509941
vt 0.0312268 0.517256
vt 0.03566 0.509941
vt 0.0184749 0.48574
vt 0.0115091 0.490819
vt 0.0299215 0.518843
vt 0.0312268 0.517256
vt 0.0115091 0.490819
vt 0.0096547 0.491919
vt 0.030348 0.517256
vt 0.0299215 0.518843
vt 0.0096547 0.491919
vt 0.0106309 0.490819
vt 0.0339031 0.509941
vt 0.030348 0.517256
vt 0.0106309 0.490819
vt 0.016718 0.48574
vt 0.460943 0.653327
vt 0.459795 0.64427
vt 0.03566 0.509941
vt 0.0312268 0.517256
vt 0.462849 0.656061
vt 0.460943 0.653327
vt 0.0312268 0.517256
vt 0.0299215 0.518843
vt 0.46572 0.655459
vt 0.462849 0.656061
vt 0.0299215 0.518843
vt 0.030348 0.517256
vt 0.469062 0.648449
vt 0.46572 0.655459
vt 0.030348 0.517256
vt 0.0339031 0.509941
vt 0.0115091 0.490819
vt 0.0184749 0.48574
vt 0.0132626 0.45517
vt 0.00430083 0.45916
vt 0.0096547 0.491919
vt 0.0115091 0.490819
vt 0.00430083 0.45916
vt 0.00224239 0.460197
vt 0.0106309 0.490819
vt 0.0096547 0.491919
vt 0.00224239 0.460197
vt 0.00342268 0.45916
vt 0.016718 0.48574
vt 0.0106309 0.490819
vt 0.00342268 0.45916
vt 0.0115057 0.45517
vt 0.00224239 0.460197
vt 0.00430083 0.45916
vt 0.0099895 0.395612
vt 0.00342268 0.45916
vt 0.00224239 0.460197
vt 0.0099895 0.395612
vt 0.00430083 0.45916
vt 0.0132626 0.45517
vt 0.0099895 0.395612
vt 0.0115057 0.45517
vt 0.00342268 0.45916
vt 0.0099895 0.395612
vt 0.0099895 0.395612
vt 0.016718 0.48574
vt 0.0115057 0.45517
vt 0.0291849 0.441974
vt 0.201166 0.465585
vt 0.475429 0.503212
vt 0.479568 0.503779
vt 0.0291724 0.44194
vt 0.0291849 0.441974
vt 0.0291724 0.44194
vt 0.02915 0.395543
vt 0.0132626 0.45517
vt 0.0184749 0.48574
vt 0.03566 0.509941
vt 0.0201235 0.440748
vt 0.0099895 0.395612
vt 0.02915 0.395543
vt 0.0099895 0.395612
vt 0.0201235 0.440748
vt 0.0291849 0.441974
vt 0.968825 0.509941
vt 0.984361 0.440748
vt 0.529056 0.503212
vt 0.54469 0.64427
vt 0.987767 0.48574
vt 0.970582 0.509941
vt 0.985075 0.44065
vt 0.991196 0.439813
vt 0.985075 0.44065
vt 0.975312 0.44194
vt 0.975335 0.395543
vt 0.994495 0.395612
vt 0.991196 0.439813
vt 0.970582 0.509941
vt 0.535423 0.648449
vt 0.524916 0.503779
vt 0.985075 0.44065
vt 0.992976 0.490819
vt 0.98601 0.48574
vt 0.968825 0.509941
vt 0.973258 0.517256
vt 0.99483 0.491919
vt 0.992976 0.490819
vt 0.973258 0.517256
vt 0.974563 0.518843
vt 0.993854 0.490819
vt 0.99483 0.491919
vt 0.974563 0.518843
vt 0.974137 0.517256
vt 0.987767 0.48574
vt 0.993854 0.490819
vt 0.974137 0.517256
vt 0.970582 0.509941
vt 0.973258 0.517256
vt 0.968825 0.509941
vt 0.54469 0.64427
vt 0.543542 0.653327
vt 0.974563 0.518843
vt 0.973258 0.517256
vt 0.543542 0.653327
vt 0.541636 0.656061
vt 0.974137 0.517256
vt 0.974563 0.518843
vt 0.541636 0.656061
vt 0.538764 0.655459
vt 0.970582 0.509941
vt 0.974137 0.517256
vt 0.538764 0.655459
vt 0.535423 0.648449
vt 1.00018 0.45916
vt 0.991222 0.45517
vt 0.98601 0.48574
vt 0.992976 0.490819
vt 1.00224 0.460197
vt 1.00018 0.45916
vt 0.992976 0.490819
vt 0.99483 0.491919
vt 1.00106 0.45916
vt 1.00224 0.460197
vt 0.99483 0.491919
vt 0.993854 0.490819
vt 0.992979 0.45517
vt 1.00106 0.45916
vt 0.993854 0.490819
vt 0.987767 0.48574
vt 0.994495 0.395612
vt 1.00018 0.45916
vt 1.00224 0.460197
vt 0.994495 0.395612
vt 1.00224 0.460197
vt 1.00106 0.45916
vt 0.994495 0.395612
vt 0.991222 0.45517
vt 1.00018 0.45916
vt 0.994495 0.395612
vt 1.00106 0.45916
vt 0.992979 0.45517
vt 0.992979 0.45517
vt 0.987767 0.48574
vt 0.994495 0.395612
vt 0.975312 0.44194
vt 0.524916 0.503779
vt 0.529056 0.503212
vt 0.803318 0.465585
vt 0.9753 0.441974
vt 0.975335 0.395543
vt 0.975312 0.44194
vt 0.9753 0.441974
vt 0.994495 0.395612
vt 0.984361 0.440748
vt 0.968825 0.509941
vt 0.98601 0.48574
vt 0.991222 0.45517
vt 0.9753 0.441974
vt 0.984361 0.440748
vt 0.994495 0.395612
vt 0.975335 0.395543
vt 0.919235 0.0849714
vt 0.919235 0.0913484
vt 0.919235 0.0868623
vt 0.919235 0.0795125
vt 0.919235 0.0868623
vt 0.919235 0.0913484
vt 0.919235 0.10035
vt 0.919235 0.0919328
vt 0.919235 0.0919328
vt 0.919235 0.10035
vt 0.919235 0.103298
vt 0.919235 0.0941909
vt 0.905295 0.0672166
vt 0.905295 0.0600273
vt 0.919235 0.0631023
vt 0.919235 0.0696161
vt 0.905295 0.0750174
vt 0.905295 0.0672166
vt 0.919235 0.0696161
vt 0.919235 0.0771433
vt 0.919235 0.0696161
vt 0.919235 0.0808774
vt 0.919235 0.0849714
vt 0.919235 0.0771433
vt 0.919235 0.10035
vt 0.919235 0.0913484
vt 0.999964 0.106362
vt 0.919235 0.103298
vt 0.919235 0.10035
vt 0.999964 0.106362
vt 0.919235 0.10097
vt 0.919235 0.103298
vt 0.999964 0.106362
vt 0.919235 0.0913484
vt 0.919235 0.10097
vt 0.999964 0.106362
vt 0.919278 0.0998076
vt 0.999964 0.111701
vt 0.999964 0.106362
vt 0.919278 0.0921197
vt 0.919278 0.0921197
vt 0.999964 0.106362
vt 0.999964 0.111701
vt 0.919278 0.0998076
vt 0.999964 0.106362
vt 0.919235 0.0913484
vt 0.919235 0.0849714
vt 0.905295 0.0831302
vt 0.905295 0.0912427
vt 0.919278 0.0921197
vt 0.905295 0.0912427
vt 0.919278 0.0921197
vt 0.999964 0.106362
vt 0.979782 0.102551
vt 0.919235 0.0913484
vt 0.919235 0.0849714
vt 0.905295 0.0831302
vt 0.912285 0.106408
vt 0.919278 0.106893
vt 0.919278 0.10335
vt 0.912285 0.102848
vt 0.905295 0.102638
vt 0.905295 0.106233
vt 0.912285 0.106408
vt 0.912285 0.102848
vt 0.912285 0.0992883
vt 0.905295 0.0990435
vt 0.905295 0.102638
vt 0.912285 0.102848
vt 0.919278 0.10335
vt 0.919278 0.0998076
vt 0.912285 0.0992883
vt 0.912285 0.102848
vt 0.919278 0.10335
vt 0.919278 0.106893
vt 0.999964 0.116622
vt 0.999964 0.111701
vt 0.919278 0.0998076
vt 0.919278 0.0998076
vt 0.999964 0.111701
vt 0.999964 0.116622
vt 0.919278 0.106893
vt 0.919278 0.113103
vt 0.999964 0.120935
vt 0.999964 0.116622
vt 0.919278 0.106893
vt 0.919278 0.106893
vt 0.999964 0.116622
vt 0.999964 0.120935
vt 0.919278 0.113103
vt 0.919278 0.1182
vt 0.999964 0.124475
vt 0.999964 0.120935
vt 0.919278 0.113103
vt 0.919278 0.113103
vt 0.999964 0.120935
vt 0.999964 0.124475
vt 0.919278 0.1182
vt 0.919278 0.12301
vt 0.999982 0.127673
vt 0.999964 0.124475
vt 0.919278 0.1182
vt 0.919278 0.1182
vt 0.999964 0.124475
vt 0.999982 0.127673
vt 0.919278 0.12301
vt 0.919278 0.12301
vt 0.999982 0.127673
vt 0.999992 0.129272
vt 0.919278 0.125415
vt 0.919278 0.125415
vt 0.999992 0.129272
vt 0.999982 0.127673
vt 0.919278 0.12301
vt 0.919278 0.127461
vt 1 0.130616
vt 0.999992 0.129272
vt 0.919278 0.125415
vt 0.919278 0.125415
vt 0.999992 0.129272
vt 1 0.130616
vt 0.919278 0.127461
vt 0.919278 0.130756
vt 0.999982 0.132977
vt 1 0.130616
vt 0.919278 0.127461
vt 0.919278 0.127461
vt 1 0.130616
vt 0.999982 0.132977
vt 0.919278 0.130756
vt 0.919278 0.132944
vt 0.999964 0.134554
vt 0.999982 0.132977
vt 0.919278 0.130756
vt 0.919278 0.130756
vt 0.999982 0.132977
vt 0.999964 0.134554
vt 0.919278 0.132944
vt 0.919278 0.135401
vt 0.999964 0.136204
vt 0.999964 0.134554
vt 0.919278 0.132944
vt 0.919278 0.132944
vt 0.999964 0.134554
vt 0.999964 0.136204
vt 0.919278 0.135401
vt 0.919278 0.125415
vt 0.905318 0.12531
vt 0.90531 0.122775
vt 0.919278 0.12301
vt 0.919278 0.12301
vt 0.90531 0.122775
vt 0.905318 0.12531
vt 0.919278 0.125415
vt 0.919278 0.0921197
vt 0.905295 0.0912427
vt 0.905295 0.0990435
vt 0.912285 0.0992883
vt 0.919278 0.0998076
vt 0.919278 0.132944
vt 0.905295 0.132882
vt 0.905295 0.13545
vt 0.919278 0.135401
vt 0.919278 0.130756
vt 0.90531 0.130735
vt 0.905295 0.132882
vt 0.919278 0.132944
vt 0.919278 0.127461
vt 0.905326 0.127487
vt 0.90531 0.130735
vt 0.919278 0.130756
vt 0.919278 0.125415
vt 0.905318 0.12531
vt 0.905326 0.127487
vt 0.919278 0.127461
vt 0.919278 0.1182
vt 0.905295 0.117706
vt 0.90531 0.122775
vt 0.919278 0.12301
vt 0.919278 0.113103
vt 0.905295 0.112534
vt 0.905295 0.117706
vt 0.919278 0.1182
vt 0.919278 0.106893
vt 0.912285 0.106408
vt 0.905295 0.106233
vt 0.905295 0.112534
vt 0.919278 0.113103
vt 0.919278 0.135401
vt 0.905295 0.13545
vt 0.905295 0.132882
vt 0.919278 0.132944
vt 0.919278 0.132944
vt 0.905295 0.132882
vt 0.90531 0.130735
vt 0.919278 0.130756
vt 0.919278 0.12301
vt 0.90531 0.122775
vt 0.905295 0.117706
vt 0.919278 0.1182
vt 0.919278 0.113103
vt 0.905295 0.112534
vt 0.905295 0.106233
vt 0.919278 0.106893
vt 0.919278 0.1182
vt 0.905295 0.117706
vt 0.905295 0.112534
vt 0.919278 0.113103
vt 0.919278 0.106893
vt 0.905295 0.106233
vt 0.905295 0.0990435
vt 0.919278 0.0998076
vt 0.919278 0.0998076
vt 0.905295 0.0990435
vt 0.905295 0.0912427
vt 0.919278 0.0921197
vt 0.919278 0.127461
vt 0.905326 0.127487
vt 0.905318 0.12531
vt 0.919278 0.125415
vt 0.919278 0.130756
vt 0.90531 0.130735
vt 0.905326 0.127487
vt 0.919278 0.127461
vt 0.000414025 0.0188788
vt 0.000414025 0.0195858
vt 0 0.0162871
vt 0.000414025 0.0180722
vt 0.000414025 0.0188788
vt 0 0.0162871
vt 0.000414025 0.0171973
vt 0.000414025 0.0180722
vt 0 0.0162871
vt 0.000414025 0.0162871
vt 0.000414025 0.0171973
vt 0 0.0162871
vt 0.000414025 0.0153771
vt 0.000414025 0.0162871
vt 0 0.0162871
vt 0.000414025 0.0145022
vt 0.000414025 0.0153771
vt 0 0.0162871
vt 0.000414025 0.0136956
vt 0.000414025 0.0145022
vt 0 0.0162871
vt 0.000414025 0.0129886
vt 0.000414025 0.0136956
vt 0 0.0162871
vt 0.000414025 0.0124086
vt 0.000414025 0.0129886
vt 0 0.0162871
vt 0.000414025 0.0119773
vt 0.000414025 0.0124086
vt 0 0.0162871
vt 0.000414025 0.0117119
vt 0.000414025 0.0119773
vt 0 0.0162871
vt 0.000414025 0.0116224
vt 0.000414025 0.0117119
vt 0 0.0162871
vt 0.000414025 0.0208625
vt 0.000414025 0.020952
vt 0 0.0162871
vt 0.000414025 0.0205971
vt 0.000414025 0.0208625
vt 0 0.0162871
vt 0.000414025 0.0201657
vt 0.000414025 0.0205971
vt 0 0.0162871
vt 0.000414025 0.0195858
vt 0.000414025 0.0201657
vt 0 0.0162871
vt 0.426789 0.116326
vt 0.461192 0.130003
vt 0.426789 0.121446
vt 0.337718 0.100422
vt 0.370156 0.101278
vt 0.370156 0.107537
vt 0.370156 0.107537
vt 0.426789 0.116326
vt 0.426789 0.121446
vt 0.0113009 0.0270579
vt 0.0113009 0.0255449
vt 0.0534286 0.0406849
vt 0.0534286 0.043586
vt 0.0113009 0.0281821
vt 0.0113009 0.0270579
vt 0.0534286 0.043586
vt 0.0534286 0.0457415
vt 0.0113009 0.0288744
vt 0.0113009 0.0281821
vt 0.0534286 0.0457415
vt 0.0534286 0.0470688
vt 0.0113009 0.029108
vt 0.0113009 0.0288744
vt 0.0534286 0.0470688
vt 0.0534286 0.0475168
vt 0.0113009 0.00500981
vt 0.0113009 0.00477602
vt 0.0534286 0.00086468
vt 0.0534286 0.00131296
vt 0.0113009 0.00570216
vt 0.0113009 0.00500981
vt 0.0534286 0.00131296
vt 0.0534286 0.00264032
vt 0.0113009 0.00682659
vt 0.0113009 0.00570216
vt 0.0534286 0.00264032
vt 0.0534286 0.00479582
vt 0.0113009 0.00833938
vt 0.0113009 0.00682659
vt 0.0534286 0.00479582
vt 0.0534286 0.00769667
vt 0.0113009 0.0101832
vt 0.0113009 0.00833938
vt 0.0534286 0.00769667
vt 0.0534286 0.0112315
vt 0.0113009 0.0122862
vt 0.0113009 0.0101832
vt 0.0534286 0.0112315
vt 0.0534286 0.0152642
vt 0.0113009 0.0145688
vt 0.0113009 0.0122862
vt 0.0534286 0.0152642
vt 0.0534286 0.01964
vt 0.0113009 0.0169421
vt 0.0113009 0.0145688
vt 0.0534286 0.01964
vt 0.0534286 0.0241908
vt 0.0113009 0.0193155
vt 0.0113009 0.0169421
vt 0.0534286 0.0241908
vt 0.0534286 0.0287415
vt 0.0113009 0.0215975
vt 0.0113009 0.0193155
vt 0.0534286 0.0287415
vt 0.0534286 0.0331173
vt 0.0113009 0.0237011
vt 0.0113009 0.0215975
vt 0.0534286 0.0331173
vt 0.0534286 0.03715
vt 0.0113009 0.0255449
vt 0.0113009 0.0237011
vt 0.0534286 0.03715
vt 0.0534286 0.0406849
vt 0.0534286 0.0406849
vt 0.0534286 0.03715
vt 0.0981847 0.0513281
vt 0.0981847 0.0562032
vt 0.0534286 0.03715
vt 0.0534286 0.0331173
vt 0.0981847 0.0457661
vt 0.0981847 0.0513281
vt 0.0534286 0.0331173
vt 0.0534286 0.0287415
vt 0.0981847 0.0397312
vt 0.0981847 0.0457661
vt 0.0534286 0.0287415
vt 0.0534286 0.0241908
vt 0.0981847 0.0334552
vt 0.0981847 0.0397312
vt 0.0534286 0.0241908
vt 0.0534286 0.01964
vt 0.0981847 0.0271791
vt 0.0981847 0.0334552
vt 0.0534286 0.01964
vt 0.0534286 0.0152642
vt 0.0981847 0.0211441
vt 0.0981847 0.0271791
vt 0.0534286 0.0152642
vt 0.0534286 0.0112315
vt 0.0981847 0.0155824
vt 0.0981847 0.0211441
vt 0.0534286 0.0112315
vt 0.0534286 0.00769667
vt 0.0981847 0.0107073
vt 0.0981847 0.0155824
vt 0.0534286 0.00769667
vt 0.0534286 0.00479582
vt 0.0981847 0.00670675
vt 0.0981847 0.0107073
vt 0.0534286 0.00479582
vt 0.0534286 0.00264032
vt 0.0981847 0.00373389
vt 0.0981847 0.00670675
vt 0.0534286 0.00264032
vt 0.0534286 0.00131296
vt 0.0981847 0.00190321
vt 0.0981847 0.00373389
vt 0.0534286 0.00131296
vt 0.0534286 0.00086468
vt 0.0981847 0.00128493
vt 0.0981847 0.00190321
vt 0.0534286 0.0475168
vt 0.0534286 0.0470688
vt 0.0981847 0.0650075
vt 0.0981847 0.0656256
vt 0.0534286 0.0470688
vt 0.0534286 0.0457415
vt 0.0981847 0.0631769
vt 0.0981847 0.0650075
vt 0.0534286 0.0457415
vt 0.0534286 0.043586
vt 0.0981847 0.060204
vt 0.0981847 0.0631769
vt 0.0534286 0.043586
vt 0.0534286 0.0406849
vt 0.0981847 0.0562032
vt 0.0981847 0.060204
vt 0.0981847 0.00190321
vt 0.0981847 0.00128493
vt 0.135549 0.000850791
vt 0.135549 0.00159998
vt 0.0981847 0.00373389
vt 0.0981847 0.00190321
vt 0.135549 0.00159998
vt 0.135549 0.00381876
vt 0.0981847 0.00670675
vt 0.0981847 0.00373389
vt 0.135549 0.00381876
vt 0.135549 0.00742224
vt 0.0981847 0.0107073
vt 0.0981847 0.00670675
vt 0.135549 0.00742224
vt 0.135549 0.0122716
vt 0.0981847 0.0155824
vt 0.0981847 0.0107073
vt 0.135549 0.0122716
vt 0.135549 0.0181802
vt 0.0981847 0.0211441
vt 0.0981847 0.0155824
vt 0.135549 0.0181802
vt 0.135549 0.0249217
vt 0.0981847 0.0271791
vt 0.0981847 0.0211441
vt 0.135549 0.0249217
vt 0.135549 0.0322364
vt 0.0981847 0.0334552
vt 0.0981847 0.0271791
vt 0.135549 0.0322364
vt 0.135549 0.0398436
vt 0.0981847 0.0397312
vt 0.0981847 0.0334552
vt 0.135549 0.0398436
vt 0.135549 0.0474507
vt 0.0981847 0.0457661
vt 0.0981847 0.0397312
vt 0.135549 0.0474507
vt 0.135549 0.0547655
vt 0.0981847 0.0513281
vt 0.0981847 0.0457661
vt 0.135549 0.0547655
vt 0.135549 0.0615069
vt 0.0981847 0.0562032
vt 0.0981847 0.0513281
vt 0.135549 0.0615069
vt 0.135554 0.0680352
vt 0.0113009 0.0255449
vt 0.0113009 0.0270579
vt 0.00771826 0.0256596
vt 0.00771826 0.0242903
vt 0.0113009 0.0270579
vt 0.0113009 0.0281821
vt 0.00771826 0.0266765
vt 0.00771826 0.0256596
vt 0.0113009 0.0281821
vt 0.0113009 0.0288744
vt 0.00771826 0.027303
vt 0.00771826 0.0266765
vt 0.0113009 0.0288744
vt 0.0113009 0.029108
vt 0.00771826 0.0275144
vt 0.00771826 0.027303
vt 0.0113009 0.00477602
vt 0.0113009 0.00500981
vt 0.00771826 0.0057109
vt 0.00771826 0.00549924
vt 0.0113009 0.00500981
vt 0.0113009 0.00570216
vt 0.00771826 0.00633716
vt 0.00771826 0.0057109
vt 0.0113009 0.00570216
vt 0.0113009 0.00682659
vt 0.00771826 0.00735435
vt 0.00771826 0.00633716
vt 0.0113009 0.00682659
vt 0.0113009 0.00833938
vt 0.00771826 0.00872363
vt 0.00771826 0.00735435
vt 0.0113009 0.00833938
vt 0.0113009 0.0101832
vt 0.00771826 0.0103912
vt 0.00771826 0.00872363
vt 0.0113009 0.0101832
vt 0.0113009 0.0122862
vt 0.00771826 0.0122944
vt 0.00771826 0.0103912
vt 0.0113009 0.0122862
vt 0.0113009 0.0145688
vt 0.00771826 0.0143594
vt 0.00771826 0.0122944
vt 0.0113009 0.0145688
vt 0.0113009 0.0169421
vt 0.00771826 0.0165067
vt 0.00771826 0.0143594
vt 0.0113009 0.0169421
vt 0.0113009 0.0193155
vt 0.00771826 0.0186542
vt 0.00771826 0.0165067
vt 0.0113009 0.0193155
vt 0.0113009 0.0215975
vt 0.00771826 0.0207192
vt 0.00771826 0.0186542
vt 0.0113009 0.0215975
vt 0.0113009 0.0237011
vt 0.00771826 0.0226222
vt 0.00771826 0.0207192
vt 0.0113009 0.0237011
vt 0.0113009 0.0255449
vt 0.00771826 0.0242903
vt 0.00771826 0.0226222
vt 0.00771826 0.0226222
vt 0.00771826 0.0242903
vt 0.0045368 0.0229048
vt 0.0045368 0.0214867
vt 0.00771826 0.0207192
vt 0.00771826 0.0226222
vt 0.0045368 0.0214867
vt 0.0045368 0.0198687
vt 0.00771826 0.0186542
vt 0.00771826 0.0207192
vt 0.0045368 0.0198687
vt 0.0045368 0.0181131
vt 0.00771826 0.0165067
vt 0.00771826 0.0186542
vt 0.0045368 0.0181131
vt 0.0045368 0.0162871
vt 0.00771826 0.0143594
vt 0.00771826 0.0165067
vt 0.0045368 0.0162871
vt 0.0045368 0.0144613
vt 0.00771826 0.0122944
vt 0.00771826 0.0143594
vt 0.0045368 0.0144613
vt 0.0045368 0.0127057
vt 0.00771826 0.0103912
vt 0.00771826 0.0122944
vt 0.0045368 0.0127057
vt 0.0045368 0.0110877
vt 0.00771826 0.00872363
vt 0.00771826 0.0103912
vt 0.0045368 0.0110877
vt 0.0045368 0.00966957
vt 0.00771826 0.00735435
vt 0.00771826 0.00872363
vt 0.0045368 0.00966957
vt 0.0045368 0.00850553
vt 0.00771826 0.00633716
vt 0.00771826 0.00735435
vt 0.0045368 0.00850553
vt 0.0045368 0.00764086
vt 0.00771826 0.0057109
vt 0.00771826 0.00633716
vt 0.0045368 0.00764086
vt 0.0045368 0.00710822
vt 0.00771826 0.00549924
vt 0.00771826 0.0057109
vt 0.0045368 0.00710822
vt 0.0045368 0.00692844
vt 0.00771826 0.027303
vt 0.00771826 0.0275144
vt 0.0045368 0.0256459
vt 0.0045368 0.0254662
vt 0.00771826 0.0266765
vt 0.00771826 0.027303
vt 0.0045368 0.0254662
vt 0.0045368 0.0249335
vt 0.00771826 0.0256596
vt 0.00771826 0.0266765
vt 0.0045368 0.0249335
vt 0.0045368 0.0240689
vt 0.00771826 0.0242903
vt 0.00771826 0.0256596
vt 0.0045368 0.0240689
vt 0.0045368 0.0229048
vt 0.0045368 0.0229048
vt 0.0045368 0.0240689
vt 0.00262586 0.0230087
vt 0.00262586 0.0220034
vt 0.0045368 0.0240689
vt 0.0045368 0.0249335
vt 0.00262586 0.0237559
vt 0.00262586 0.0230087
vt 0.0045368 0.0249335
vt 0.0045368 0.0254662
vt 0.00262586 0.0242157
vt 0.00262586 0.0237559
vt 0.0045368 0.0254662
vt 0.0045368 0.0256459
vt 0.00262586 0.024371
vt 0.00262586 0.0242157
vt 0.0045368 0.00692844
vt 0.0045368 0.00710822
vt 0.00262586 0.00835867
vt 0.00262586 0.00820333
vt 0.0045368 0.00710822
vt 0.0045368 0.00764086
vt 0.00262586 0.00881853
vt 0.00262586 0.00835867
vt 0.0045368 0.00764086
vt 0.0045368 0.00850553
vt 0.00262586 0.00956567
vt 0.00262586 0.00881853
vt 0.0045368 0.00850553
vt 0.0045368 0.00966957
vt 0.00262586 0.010571
vt 0.00262586 0.00956567
vt 0.0045368 0.00966957
vt 0.0045368 0.0110877
vt 0.00262586 0.011796
vt 0.00262586 0.010571
vt 0.0045368 0.0110877
vt 0.0045368 0.0127057
vt 0.00262586 0.0131936
vt 0.00262586 0.011796
vt 0.0045368 0.0127057
vt 0.0045368 0.0144613
vt 0.00262586 0.01471
vt 0.00262586 0.0131936
vt 0.0045368 0.0144613
vt 0.0045368 0.0162871
vt 0.00262586 0.0162871
vt 0.00262586 0.01471
vt 0.0045368 0.0162871
vt 0.0045368 0.0181131
vt 0.00262586 0.0178644
vt 0.00262586 0.0162871
vt 0.0045368 0.0181131
vt 0.0045368 0.0198687
vt 0.00262586 0.0193808
vt 0.00262586 0.0178644
vt 0.0045368 0.0198687
vt 0.0045368 0.0214867
vt 0.00262586 0.0207784
vt 0.00262586 0.0193808
vt 0.0045368 0.0214867
vt 0.0045368 0.0229048
vt 0.00262586 0.0220034
vt 0.00262586 0.0207784
vt 0.00262586 0.0207784
vt 0.00262586 0.0220034
vt 0.00125765 0.0209515
vt 0.00125765 0.0199518
vt 0.00262586 0.0193808
vt 0.00262586 0.0207784
vt 0.00125765 0.0199518
vt 0.00125765 0.0188114
vt 0.00262586 0.0178644
vt 0.00262586 0.0193808
vt 0.00125765 0.0188114
vt 0.00125765 0.017574
vt 0.00262586 0.0162871
vt 0.00262586 0.0178644
vt 0.00125765 0.017574
vt 0.00125765 0.0162871
vt 0.00262586 0.01471
vt 0.00262586 0.0162871
vt 0.00125765 0.0162871
vt 0.00125765 0.0150003
vt 0.00262586 0.0131936
vt 0.00262586 0.01471
vt 0.00125765 0.0150003
vt 0.00125765 0.013763
vt 0.00262586 0.011796
vt 0.00262586 0.0131936
vt 0.00125765 0.013763
vt 0.00125765 0.0126226
vt 0.00262586 0.010571
vt 0.00262586 0.011796
vt 0.00125765 0.0126226
vt 0.00125765 0.0116229
vt 0.00262586 0.00956567
vt 0.00262586 0.010571
vt 0.00125765 0.0116229
vt 0.00125765 0.0108028
vt 0.00262586 0.00881853
vt 0.00262586 0.00956567
vt 0.00125765 0.0108028
vt 0.00125765 0.0101932
vt 0.00262586 0.00835867
vt 0.00262586 0.00881853
vt 0.00125765 0.0101932
vt 0.00125765 0.00981771
vt 0.00262586 0.00820333
vt 0.00262586 0.00835867
vt 0.00125765 0.00981771
vt 0.00125765 0.00969118
vt 0.00262586 0.0242157
vt 0.00262586 0.024371
vt 0.00125765 0.0228832
vt 0.00125765 0.0227567
vt 0.00262586 0.0237559
vt 0.00262586 0.0242157
vt 0.00125765 0.0227567
vt 0.00125765 0.0223812
vt 0.00262586 0.0230087
vt 0.00262586 0.0237559
vt 0.00125765 0.0223812
vt 0.00125765 0.0217716
vt 0.00262586 0.0220034
vt 0.00262586 0.0230087
vt 0.00125765 0.0217716
vt 0.00125765 0.0209515
vt 0.00125765 0.0209515
vt 0.00125765 0.0217716
vt 0.000414025 0.0201657
vt 0.000414025 0.0195858
vt 0.00125765 0.0217716
vt 0.00125765 0.0223812
vt 0.000414025 0.0205971
vt 0.000414025 0.0201657
vt 0.00125765 0.0223812
vt 0.00125765 0.0227567
vt 0.000414025 0.0208625
vt 0.000414025 0.0205971
vt 0.00125765 0.0227567
vt 0.00125765 0.0228832
vt 0.000414025 0.020952
vt 0.000414025 0.0208625
vt 0.00125765 0.00969118
vt 0.00125765 0.00981771
vt 0.000414025 0.0117119
vt 0.000414025 0.0116224
vt 0.00125765 0.00981771
vt 0.00125765 0.0101932
vt 0.000414025 0.0119773
vt 0.000414025 0.0117119
vt 0.00125765 0.0101932
vt 0.00125765 0.0108028
vt 0.000414025 0.0124086
vt 0.000414025 0.0119773
vt 0.00125765 0.0108028
vt 0.00125765 0.0116229
vt 0.000414025 0.0129886
vt 0.000414025 0.0124086
vt 0.00125765 0.0116229
vt 0.00125765 0.0126226
vt 0.000414025 0.0136956
vt 0.000414025 0.0129886
vt 0.00125765 0.0126226
vt 0.00125765 0.013763
vt 0.000414025 0.0145022
vt 0.000414025 0.0136956
vt 0.00125765 0.013763
vt 0.00125765 0.0150003
vt 0.000414025 0.0153771
vt 0.000414025 0.0145022
vt 0.00125765 0.0150003
vt 0.00125765 0.0162871
vt 0.000414025 0.0162871
vt 0.000414025 0.0153771
vt 0.00125765 0.0162871
vt 0.00125765 0.017574
vt 0.000414025 0.0171973
vt 0.000414025 0.0162871
vt 0.00125765 0.017574
vt 0.00125765 0.0188114
vt 0.000414025 0.0180722
vt 0.000414025 0.0171973
vt 0.000414025 0.0188788
vt 0.000414025 0.0180722
vt 0.00125765 0.0188114
vt 0.00125765 0.0199518
vt 0.000414025 0.0195858
vt 0.000414025 0.0188788
vt 0.00125765 0.0199518
vt 0.00125765 0.0209515
vt 0.135549 0.0474507
vt 0.135549 0.0398436
vt 0.215026 0.0459025
vt 0.215026 0.0547619
vt 0.135549 0.0398436
vt 0.135549 0.0322364
vt 0.215026 0.0370428
vt 0.215026 0.0459025
vt 0.135549 0.0322364
vt 0.135549 0.0249217
vt 0.215026 0.0285239
vt 0.215026 0.0370428
vt 0.135549 0.0249217
vt 0.135549 0.0181802
vt 0.215026 0.0206727
vt 0.215026 0.0285239
vt 0.135549 0.0181802
vt 0.135549 0.0122716
vt 0.215026 0.0111312
vt 0.215026 0.0206727
vt 0.135549 0.0122716
vt 0.135549 0.00742224
vt 0.215026 0.00729494
vt 0.215026 0.0111312
vt 0.135549 0.00742224
vt 0.135549 0.00381876
vt 0.215026 0.00394659
vt 0.215026 0.00729494
vt 0.135549 0.00381876
vt 0.135549 0.00159998
vt 0.215026 0.00136234
vt 0.215026 0.00394659
vt 0.135549 0.00159998
vt 0.135549 0.000850791
vt 0.215026 0.0004897
vt 0.215026 0.00136234
vt 0.426985 0.000557856
vt 0.426985 0
vt 0.474172 0.00047555
vt 0.474172 0.00103983
vt 0.426985 0.0022103
vt 0.426985 0.000557856
vt 0.474172 0.00103983
vt 0.474172 0.00271079
vt 0.426985 0.00489382
vt 0.426985 0.0022103
vt 0.474172 0.00271079
vt 0.474172 0.00542491
vt 0.426985 0.00850501
vt 0.426985 0.00489382
vt 0.474172 0.00542491
vt 0.474172 0.00907701
vt 0.426985 0.0219146
vt 0.426985 0.00850501
vt 0.474172 0.00907701
vt 0.474172 0.0230195
vt 0.426985 0.0308324
vt 0.426985 0.0219146
vt 0.474172 0.0230195
vt 0.474172 0.0320387
vt 0.426985 0.0405089
vt 0.426985 0.0308324
vt 0.474172 0.0320387
vt 0.474172 0.041825
vt 0.426985 0.0505723
vt 0.426985 0.0405089
vt 0.474172 0.041825
vt 0.474172 0.0520022
vt 0.426985 0.0643278
vt 0.426985 0.0505723
vt 0.474172 0.0520022
vt 0.474172 0.0658722
vt 0.474172 0.116213
vt 0.474172 0.103139
vt 0.542275 0.105046
vt 0.542275 0.116885
vt 0.474172 0.103139
vt 0.474172 0.0782186
vt 0.542275 0.0821492
vt 0.542275 0.105046
vt 0.474172 0.0782186
vt 0.474172 0.0658722
vt 0.542275 0.0695642
vt 0.542275 0.0821492
vt 0.474172 0.0658722
vt 0.474172 0.0520022
vt 0.542275 0.0550358
vt 0.542275 0.0695642
vt 0.474172 0.0520022
vt 0.474172 0.041825
vt 0.542275 0.0446103
vt 0.542275 0.0550358
vt 0.474172 0.041825
vt 0.474172 0.0320387
vt 0.542275 0.0345853
vt 0.542275 0.0446103
vt 0.474172 0.0320387
vt 0.474172 0.0230195
vt 0.542275 0.0253463
vt 0.542275 0.0345853
vt 0.474172 0.0230195
vt 0.474172 0.00907701
vt 0.542275 0.0102786
vt 0.542275 0.0253463
vt 0.474172 0.00907701
vt 0.474172 0.00542491
vt 0.542275 0.00653726
vt 0.542275 0.0102786
vt 0.474172 0.00542491
vt 0.474172 0.00271079
vt 0.542275 0.00375703
vt 0.542275 0.00653726
vt 0.474172 0.00271079
vt 0.474172 0.00103983
vt 0.542275 0.00204518
vt 0.542275 0.00375703
vt 0.474172 0.00103983
vt 0.474172 0.00047555
vt 0.542275 0.00146701
vt 0.542275 0.00204518
vt 0.480934 0.162263
vt 0.478956 0.159939
vt 0.542275 0.154734
vt 0.542275 0.157059
vt 0.473458 0.133548
vt 0.474172 0.116213
vt 0.542275 0.116885
vt 0.542275 0.131477
vt 0.542275 0.131477
vt 0.542275 0.116885
vt 0.587439 0.115277
vt 0.587439 0.128622
vt 0.542275 0.157059
vt 0.542275 0.154734
vt 0.587439 0.151515
vt 0.587439 0.153608
vt 0.542275 0.00204518
vt 0.542275 0.00146701
vt 0.587439 0.00220104
vt 0.587439 0.00279231
vt 0.542275 0.00375703
vt 0.542275 0.00204518
vt 0.587439 0.00279231
vt 0.587439 0.00454353
vt 0.542275 0.00653726
vt 0.542275 0.00375703
vt 0.587439 0.00454353
vt 0.587439 0.00738752
vt 0.542275 0.0102786
vt 0.542275 0.00653726
vt 0.587439 0.00738752
vt 0.587439 0.0112148
vt 0.542275 0.0253463
vt 0.542275 0.0102786
vt 0.587439 0.0112148
vt 0.587439 0.0271953
vt 0.542275 0.0345853
vt 0.542275 0.0253463
vt 0.587439 0.0271953
vt 0.587439 0.0366465
vt 0.542275 0.0446103
vt 0.542275 0.0345853
vt 0.587439 0.0366465
vt 0.587439 0.0469014
vt 0.542275 0.0550358
vt 0.542275 0.0446103
vt 0.587439 0.0469014
vt 0.587439 0.0575663
vt 0.542275 0.0695642
vt 0.542275 0.0550358
vt 0.587439 0.0575663
vt 0.587439 0.071103
vt 0.542275 0.0821492
vt 0.542275 0.0695642
vt 0.587439 0.071103
vt 0.587439 0.0839179
vt 0.542275 0.105046
vt 0.542275 0.0821492
vt 0.587439 0.0839179
vt 0.587439 0.105168
vt 0.542275 0.116885
vt 0.542275 0.105046
vt 0.587439 0.105168
vt 0.587439 0.115277
vt 0.587439 0.115277
vt 0.587439 0.105168
vt 0.630893 0.104523
vt 0.630893 0.114339
vt 0.587439 0.105168
vt 0.587439 0.0839179
vt 0.630893 0.084572
vt 0.630893 0.104523
vt 0.587439 0.0839179
vt 0.587439 0.071103
vt 0.630893 0.0727667
vt 0.630893 0.084572
vt 0.587439 0.071103
vt 0.587439 0.0575663
vt 0.630893 0.058549
vt 0.630893 0.0727667
vt 0.587439 0.0575663
vt 0.587439 0.0469014
vt 0.630893 0.0480238
vt 0.630893 0.058549
vt 0.587439 0.0469014
vt 0.587439 0.0366465
vt 0.630893 0.0379028
vt 0.630893 0.0480238
vt 0.587439 0.0366465
vt 0.587439 0.0271953
vt 0.630893 0.0285753
vt 0.630893 0.0379028
vt 0.587439 0.0271953
vt 0.587439 0.0112148
vt 0.630893 0.0120527
vt 0.630893 0.0285753
vt 0.587439 0.0112148
vt 0.587439 0.00738752
vt 0.630893 0.00827534
vt 0.630893 0.0120527
vt 0.587439 0.00738752
vt 0.587439 0.00454353
vt 0.630893 0.00546889
vt 0.630893 0.00827534
vt 0.587439 0.00454353
vt 0.587439 0.00279231
vt 0.630893 0.00374058
vt 0.630893 0.00546889
vt 0.587439 0.00279231
vt 0.587439 0.00220104
vt 0.630893 0.00315701
vt 0.630893 0.00374058
vt 0.587439 0.153608
vt 0.587439 0.151515
vt 0.630893 0.14853
vt 0.630893 0.150183
vt 0.587439 0.128622
vt 0.587439 0.115277
vt 0.630893 0.114339
vt 0.630893 0.126742
vt 0.630893 0.126742
vt 0.630893 0.114339
vt 0.731485 0.109297
vt 0.731485 0.120492
vt 0.630893 0.150183
vt 0.630893 0.14853
vt 0.731485 0.141468
vt 0.731485 0.143654
vt 0.630893 0.00374058
vt 0.630893 0.00315701
vt 0.731485 0.00924032
vt 0.731485 0.0100713
vt 0.630893 0.00546889
vt 0.630893 0.00374058
vt 0.731485 0.0100713
vt 0.731485 0.0125329
vt 0.630893 0.00827534
vt 0.630893 0.00546889
vt 0.731485 0.0125329
vt 0.731485 0.0165299
vt 0.630893 0.0120527
vt 0.630893 0.00827534
vt 0.731485 0.0165299
vt 0.731485 0.021909
vt 0.630893 0.0285753
vt 0.630893 0.0120527
vt 0.731485 0.021909
vt 0.731485 0.0328329
vt 0.630893 0.0379028
vt 0.630893 0.0285753
vt 0.731485 0.0328329
vt 0.731485 0.0419242
vt 0.630893 0.0480238
vt 0.630893 0.0379028
vt 0.731485 0.0419242
vt 0.731485 0.0517893
vt 0.630893 0.058549
vt 0.630893 0.0480238
vt 0.731485 0.0517893
vt 0.731485 0.0620483
vt 0.630893 0.0727667
vt 0.630893 0.058549
vt 0.731485 0.0620483
vt 0.731485 0.0756624
vt 0.630893 0.084572
vt 0.630893 0.0727667
vt 0.731485 0.0756624
vt 0.731485 0.0862972
vt 0.630893 0.104523
vt 0.630893 0.084572
vt 0.731485 0.0862972
vt 0.731485 0.101328
vt 0.630893 0.114339
vt 0.630893 0.104523
vt 0.731485 0.101328
vt 0.731485 0.109297
vt 0.731485 0.109297
vt 0.731485 0.101328
vt 0.806075 0.0994905
vt 0.806075 0.107304
vt 0.731485 0.101328
vt 0.731485 0.0862972
vt 0.806075 0.0905766
vt 0.806075 0.0994905
vt 0.731485 0.0862972
vt 0.731485 0.0756624
vt 0.806075 0.079127
vt 0.806075 0.0905766
vt 0.731485 0.0756624
vt 0.731485 0.0620483
vt 0.806075 0.0686239
vt 0.806075 0.079127
vt 0.731485 0.0620483
vt 0.731485 0.0517893
vt 0.806075 0.0585649
vt 0.806075 0.0686239
vt 0.731485 0.0517893
vt 0.731485 0.0419242
vt 0.806075 0.0488931
vt 0.806075 0.0585649
vt 0.731485 0.0419242
vt 0.731485 0.0328329
vt 0.806075 0.0399791
vt 0.806075 0.0488931
vt 0.731485 0.0328329
vt 0.731485 0.021909
vt 0.806075 0.0295467
vt 0.806075 0.0399791
vt 0.731485 0.021909
vt 0.731485 0.0165299
vt 0.806075 0.0237739
vt 0.806075 0.0295467
vt 0.731485 0.0165299
vt 0.731485 0.0125329
vt 0.806075 0.0198551
vt 0.806075 0.0237739
vt 0.731485 0.0125329
vt 0.731485 0.0100713
vt 0.806075 0.0174416
vt 0.806075 0.0198551
vt 0.731485 0.0100713
vt 0.731485 0.00924032
vt 0.806075 0.0166266
vt 0.806075 0.0174416
vt 0.731485 0.143654
vt 0.731485 0.141468
vt 0.806075 0.137383
vt 0.806075 0.140006
vt 0.731485 0.120492
vt 0.731485 0.109297
vt 0.806075 0.107304
vt 0.806075 0.116491
vt 0.806075 0.116491
vt 0.806075 0.107304
vt 0.852805 0.108565
vt 0.852805 0.11679
vt 0.806075 0.140006
vt 0.806075 0.137383
vt 0.852805 0.136083
vt 0.852805 0.13849
vt 0.806075 0.0174416
vt 0.806075 0.0166266
vt 0.852805 0.0246187
vt 0.852805 0.025558
vt 0.806075 0.0198551
vt 0.806075 0.0174416
vt 0.852805 0.025558
vt 0.852805 0.0283405
vt 0.806075 0.0237739
vt 0.806075 0.0198551
vt 0.852805 0.0283405
vt 0.852805 0.0328591
vt 0.806075 0.0295467
vt 0.806075 0.0237739
vt 0.852805 0.0328591
vt 0.852805 0.0389398
vt 0.806075 0.0399791
vt 0.806075 0.0295467
vt 0.852805 0.0389398
vt 0.852805 0.0468253
vt 0.806075 0.0488931
vt 0.806075 0.0399791
vt 0.852805 0.0468253
vt 0.852805 0.0552786
vt 0.806075 0.0585649
vt 0.806075 0.0488931
vt 0.852805 0.0552786
vt 0.852805 0.064451
vt 0.806075 0.0686239
vt 0.806075 0.0585649
vt 0.852805 0.064451
vt 0.852805 0.0739902
vt 0.806075 0.079127
vt 0.806075 0.0686239
vt 0.852805 0.0739902
vt 0.852805 0.0835296
vt 0.806075 0.0905766
vt 0.806075 0.079127
vt 0.852805 0.0835296
vt 0.852805 0.092702
vt 0.806075 0.0994905
vt 0.806075 0.0905766
vt 0.852805 0.092702
vt 0.852805 0.101156
vt 0.806075 0.107304
vt 0.806075 0.0994905
vt 0.852805 0.101156
vt 0.852805 0.108565
vt 0.852805 0.108565
vt 0.852805 0.101156
vt 0.905295 0.106233
vt 0.905295 0.112534
vt 0.852805 0.101156
vt 0.852805 0.092702
vt 0.905295 0.0990435
vt 0.905295 0.106233
vt 0.852805 0.092702
vt 0.852805 0.0835296
vt 0.905295 0.0912427
vt 0.905295 0.0990435
vt 0.852805 0.0835296
vt 0.852805 0.0739902
vt 0.905295 0.0831302
vt 0.905295 0.0912427
vt 0.852805 0.0739902
vt 0.852805 0.064451
vt 0.905295 0.0750174
vt 0.905295 0.0831302
vt 0.852805 0.064451
vt 0.852805 0.0552786
vt 0.905295 0.0672166
vt 0.905295 0.0750174
vt 0.852805 0.0552786
vt 0.852805 0.0468253
vt 0.905295 0.0600273
vt 0.905295 0.0672166
vt 0.852805 0.0468253
vt 0.852805 0.0389398
vt 0.905295 0.0537259
vt 0.905295 0.0600273
vt 0.852805 0.0389398
vt 0.852805 0.0328591
vt 0.905295 0.0485543
vt 0.905295 0.0537259
vt 0.852805 0.0328591
vt 0.852805 0.0283405
vt 0.905295 0.0447117
vt 0.905295 0.0485543
vt 0.852805 0.0283405
vt 0.852805 0.025558
vt 0.905295 0.0423453
vt 0.905295 0.0447117
vt 0.852805 0.025558
vt 0.852805 0.0246187
vt 0.905295 0.0415464
vt 0.905295 0.0423453
vt 0.852805 0.13849
vt 0.852805 0.136083
vt 0.905295 0.132882
vt 0.905295 0.13545
vt 0.852805 0.11679
vt 0.852805 0.108565
vt 0.905295 0.112534
vt 0.905295 0.117706
vt 0.905295 0.0423453
vt 0.905295 0.0415464
vt 0.919235 0.0448462
vt 0.919235 0.0458256
vt 0.905295 0.0447117
vt 0.905295 0.0423453
vt 0.919235 0.0458256
vt 0.919235 0.0482666
vt 0.905295 0.0485543
vt 0.905295 0.0447117
vt 0.919235 0.0482666
vt 0.919235 0.0521493
vt 0.905295 0.0537259
vt 0.905295 0.0485543
vt 0.919235 0.0521493
vt 0.919235 0.0572096
vt 0.905295 0.0600273
vt 0.905295 0.0537259
vt 0.919235 0.0572096
vt 0.919235 0.0631023
vt 0.905295 0.0831302
vt 0.905295 0.0750174
vt 0.919235 0.0771433
vt 0.919235 0.0849714
vt 0.474172 0.0782186
vt 0.42679 0.0761714
vt 0.426985 0.0643278
vt 0.474172 0.0658722
vt 0.474172 0.103139
vt 0.426789 0.102773
vt 0.42679 0.0761714
vt 0.474172 0.0782186
vt 0.474172 0.116213
vt 0.426789 0.116326
vt 0.426789 0.102773
vt 0.474172 0.103139
vt 0.473458 0.133548
vt 0.461192 0.130003
vt 0.426789 0.116326
vt 0.474172 0.116213
vt 0.215026 0.0004897
vt 0.264548 0.000188011
vt 0.264548 0.00110566
vt 0.215026 0.00136234
vt 0.264548 0.000188011
vt 0.31407 0.000504616
vt 0.31407 0.00104651
vt 0.264548 0.00110566
vt 0.215026 0.00136234
vt 0.264548 0.00110566
vt 0.264548 0.00319713
vt 0.215026 0.00394659
vt 0.264548 0.00110566
vt 0.31407 0.00104651
vt 0.31407 0.00265163
vt 0.264548 0.00319713
vt 0.215026 0.00394659
vt 0.264548 0.00319713
vt 0.264548 0.00611341
vt 0.215026 0.00729494
vt 0.264548 0.00319713
vt 0.31407 0.00265163
vt 0.31407 0.005258
vt 0.264548 0.00611341
vt 0.215026 0.00729494
vt 0.264548 0.00611341
vt 0.264548 0.01091
vt 0.215026 0.0111312
vt 0.264548 0.00611341
vt 0.31407 0.005258
vt 0.31407 0.010285
vt 0.264548 0.01091
vt 0.215026 0.0111312
vt 0.264548 0.01091
vt 0.264548 0.0214134
vt 0.215026 0.0206727
vt 0.264548 0.01091
vt 0.31407 0.010285
vt 0.31407 0.0221541
vt 0.264548 0.0214134
vt 0.215026 0.0206727
vt 0.264548 0.0214134
vt 0.264548 0.0296702
vt 0.215026 0.0285239
vt 0.264548 0.0214134
vt 0.31407 0.0221541
vt 0.31407 0.0308165
vt 0.264548 0.0296702
vt 0.215026 0.0285239
vt 0.264548 0.0296702
vt 0.264548 0.0386291
vt 0.215026 0.0370428
vt 0.264548 0.0296702
vt 0.31407 0.0308165
vt 0.31407 0.0402157
vt 0.264548 0.0386291
vt 0.215026 0.0370428
vt 0.264548 0.0386291
vt 0.264548 0.0479463
vt 0.215026 0.0459025
vt 0.264548 0.0386291
vt 0.31407 0.0402157
vt 0.31407 0.0499905
vt 0.264548 0.0479463
vt 0.215026 0.0459025
vt 0.264548 0.0479463
vt 0.264548 0.0572636
vt 0.215026 0.0547619
vt 0.264548 0.0479463
vt 0.31407 0.0499905
vt 0.31407 0.0597655
vt 0.264548 0.0572636
vt 0.314001 0.0707043
vt 0.264533 0.0671697
vt 0.264548 0.0572636
vt 0.31407 0.0597655
vt 0.264533 0.0671697
vt 0.215191 0.0636354
vt 0.215026 0.0547619
vt 0.264548 0.0572636
vt 0.473571 0.143459
vt 0.473458 0.133548
vt 0.542275 0.131477
vt 0.542275 0.13921
vt 0.542275 0.13921
vt 0.542275 0.131477
vt 0.587439 0.128622
vt 0.587439 0.135437
vt 0.587439 0.135437
vt 0.587439 0.128622
vt 0.630893 0.126742
vt 0.630854 0.132029
vt 0.630854 0.132029
vt 0.630893 0.126742
vt 0.731485 0.120492
vt 0.731476 0.125635
vt 0.731476 0.125635
vt 0.731485 0.120492
vt 0.806075 0.116491
vt 0.80608 0.122443
vt 0.80608 0.122443
vt 0.806075 0.116491
vt 0.852805 0.11679
vt 0.852815 0.12246
vt 0.852815 0.12246
vt 0.852805 0.11679
vt 0.905295 0.117706
vt 0.90531 0.122775
vt 0.31407 0.0499905
vt 0.370527 0.0502814
vt 0.370527 0.0620465
vt 0.31407 0.0597655
vt 0.370527 0.0502814
vt 0.426985 0.0505723
vt 0.426985 0.0643278
vt 0.370527 0.0620465
vt 0.31407 0.0402157
vt 0.370527 0.0403623
vt 0.370527 0.0502814
vt 0.31407 0.0499905
vt 0.370527 0.0403623
vt 0.426985 0.0405089
vt 0.426985 0.0505723
vt 0.370527 0.0502814
vt 0.31407 0.0308165
vt 0.370527 0.0308245
vt 0.370527 0.0403623
vt 0.31407 0.0402157
vt 0.370527 0.0308245
vt 0.426985 0.0308324
vt 0.426985 0.0405089
vt 0.370527 0.0403623
vt 0.31407 0.0221541
vt 0.370527 0.0220342
vt 0.370527 0.0308245
vt 0.31407 0.0308165
vt 0.370527 0.0220342
vt 0.426985 0.0219146
vt 0.426985 0.0308324
vt 0.370527 0.0308245
vt 0.31407 0.010285
vt 0.370527 0.0101544
vt 0.370527 0.0220342
vt 0.31407 0.0221541
vt 0.370527 0.0101544
vt 0.426985 0.00850501
vt 0.426985 0.0219146
vt 0.370527 0.0220342
vt 0.31407 0.005258
vt 0.370527 0.0050759
vt 0.370527 0.0101544
vt 0.31407 0.010285
vt 0.370527 0.0050759
vt 0.426985 0.00489382
vt 0.426985 0.00850501
vt 0.370527 0.0101544
vt 0.31407 0.00265163
vt 0.370527 0.00243096
vt 0.370527 0.0050759
vt 0.31407 0.005258
vt 0.370527 0.00243096
vt 0.426985 0.0022103
vt 0.426985 0.00489382
vt 0.370527 0.0050759
vt 0.31407 0.00104651
vt 0.370527 0.00080218
vt 0.370527 0.00243096
vt 0.31407 0.00265163
vt 0.370527 0.00080218
vt 0.426985 0.000557856
vt 0.426985 0.0022103
vt 0.370527 0.00243096
vt 0.31407 0.000504616
vt 0.370527 0.000252312
vt 0.370527 0.00080218
vt 0.31407 0.00104651
vt 0.370527 0.000252312
vt 0.426985 0
vt 0.426985 0.000557856
vt 0.370527 0.00080218
vt 0.42679 0.0761714
vt 0.370396 0.0737211
vt 0.370527 0.0620465
vt 0.426985 0.0643278
vt 0.370396 0.0737211
vt 0.314001 0.0707043
vt 0.31407 0.0597655
vt 0.370527 0.0620465
vt 0.426789 0.102773
vt 0.370156 0.101278
vt 0.370396 0.0737211
vt 0.42679 0.0761714
vt 0.370156 0.101278
vt 0.337718 0.100422
vt 0.314001 0.0707043
vt 0.370396 0.0737211
vt 0.426789 0.116326
vt 0.370156 0.107537
vt 0.370156 0.101278
vt 0.426789 0.102773
vt 0.0981847 0.0631769
vt 0.0981847 0.060204
vt 0.134212 0.0731877
vt 0.133188 0.0761971
vt 0.0981847 0.0650075
vt 0.0981847 0.0631769
vt 0.133188 0.0761971
vt 0.13263 0.0779257
vt 0.0981847 0.0656256
vt 0.0981847 0.0650075
vt 0.13263 0.0779257
vt 0.132442 0.0778714
vt 0.478956 0.159939
vt 0.480934 0.162263
vt 0.473656 0.162401
vt 0.472723 0.159976
vt 0.473458 0.133548
vt 0.473571 0.143459
vt 0.466424 0.143601
vt 0.461192 0.130003
vt 0.0981847 0.060204
vt 0.0981847 0.0562032
vt 0.135554 0.0680352
vt 0.134212 0.0731877
vt 0.478956 0.159939
vt 0.476564 0.158757
vt 0.542275 0.153245
vt 0.542275 0.154734
vt 0.476564 0.158757
vt 0.474172 0.156453
vt 0.542275 0.149961
vt 0.542275 0.153245
vt 0.542275 0.154734
vt 0.542275 0.153245
vt 0.587439 0.149564
vt 0.587439 0.151515
vt 0.542275 0.153245
vt 0.542275 0.149961
vt 0.587439 0.146154
vt 0.587439 0.149564
vt 0.587439 0.151515
vt 0.587439 0.149564
vt 0.630854 0.146148
vt 0.630893 0.14853
vt 0.587439 0.149564
vt 0.587439 0.146154
vt 0.630816 0.142326
vt 0.630854 0.146148
vt 0.630893 0.14853
vt 0.630854 0.146148
vt 0.731476 0.138837
vt 0.731485 0.141468
vt 0.630854 0.146148
vt 0.630816 0.142326
vt 0.731466 0.134734
vt 0.731476 0.138837
vt 0.731485 0.141468
vt 0.731476 0.138837
vt 0.80608 0.134686
vt 0.806075 0.137383
vt 0.731476 0.138837
vt 0.731466 0.134734
vt 0.806085 0.130774
vt 0.80608 0.134686
vt 0.806075 0.137383
vt 0.80608 0.134686
vt 0.852815 0.133586
vt 0.852805 0.136083
vt 0.80608 0.134686
vt 0.806085 0.130774
vt 0.852823 0.129882
vt 0.852815 0.133586
vt 0.852805 0.136083
vt 0.852815 0.133586
vt 0.90531 0.130735
vt 0.905295 0.132882
vt 0.852815 0.133586
vt 0.852823 0.129882
vt 0.905326 0.127487
vt 0.90531 0.130735
vt 0.474172 0.156453
vt 0.476564 0.158757
vt 0.472114 0.15877
vt 0.471504 0.156441
vt 0.476564 0.158757
vt 0.478956 0.159939
vt 0.472723 0.159976
vt 0.472114 0.15877
vt 0.474172 0.156453
vt 0.473872 0.150138
vt 0.542275 0.144927
vt 0.542275 0.149961
vt 0.473872 0.150138
vt 0.473571 0.143459
vt 0.542275 0.13921
vt 0.542275 0.144927
vt 0.542275 0.149961
vt 0.542275 0.144927
vt 0.587439 0.140979
vt 0.587439 0.146154
vt 0.542275 0.144927
vt 0.542275 0.13921
vt 0.587439 0.135437
vt 0.587439 0.140979
vt 0.587439 0.146154
vt 0.587439 0.140979
vt 0.630835 0.137519
vt 0.630816 0.142326
vt 0.587439 0.140979
vt 0.587439 0.135437
vt 0.630854 0.132029
vt 0.630835 0.137519
vt 0.630816 0.142326
vt 0.630835 0.137519
vt 0.731471 0.130533
vt 0.731466 0.134734
vt 0.630835 0.137519
vt 0.630854 0.132029
vt 0.731476 0.125635
vt 0.731471 0.130533
vt 0.731466 0.134734
vt 0.731471 0.130533
vt 0.806083 0.126806
vt 0.806085 0.130774
vt 0.731471 0.130533
vt 0.731476 0.125635
vt 0.80608 0.122443
vt 0.806083 0.126806
vt 0.806085 0.130774
vt 0.806083 0.126806
vt 0.852818 0.126367
vt 0.852823 0.129882
vt 0.806083 0.126806
vt 0.80608 0.122443
vt 0.852815 0.12246
vt 0.852818 0.126367
vt 0.852823 0.129882
vt 0.852818 0.126367
vt 0.905318 0.12531
vt 0.905326 0.127487
vt 0.852818 0.126367
vt 0.852815 0.12246
vt 0.90531 0.122775
vt 0.905318 0.12531
vt 0.473571 0.143459
vt 0.473872 0.150138
vt 0.468964 0.150204
vt 0.466424 0.143601
vt 0.473872 0.150138
vt 0.474172 0.156453
vt 0.471504 0.156441
vt 0.468964 0.150204
vt 0.215026 0.0547619
vt 0.215191 0.0636354
vt 0.135549 0.0547655
vt 0.135549 0.0474507
vt 0.313634 0.0951396
vt 0.313818 0.0829221
vt 0.337718 0.100422
vt 0.313818 0.0829221
vt 0.314001 0.0707043
vt 0.337718 0.100422
vt 0.314001 0.0707043
vt 0.313818 0.0829221
vt 0.264491 0.0762169
vt 0.264533 0.0671697
vt 0.313818 0.0829221
vt 0.313634 0.0951396
vt 0.26445 0.0852641
vt 0.264491 0.0762169
vt 0.264533 0.0671697
vt 0.264491 0.0762169
vt 0.215149 0.0703139
vt 0.215191 0.0636354
vt 0.264491 0.0762169
vt 0.26445 0.0852641
vt 0.215111 0.0769923
vt 0.215149 0.0703139
vt 0.215191 0.0636354
vt 0.215149 0.0703139
vt 0.135549 0.0615069
vt 0.135549 0.0547655
vt 0.135554 0.0680352
vt 0.135549 0.0615069
vt 0.148445 0.0695055
vt 0.135549 0.0615069
vt 0.215149 0.0703139
vt 0.160286 0.0708267
vt 0.148445 0.0695055
vt 0.172461 0.072213
vt 0.160286 0.0708267
vt 0.215149 0.0703139
vt 0.215111 0.0769923
vt 0.172461 0.072213
vt 0.215149 0.0703139
vt 0.215111 0.0769923
vt 0.215149 0.0703139
vt 0.172461 0.072213
vt 0.172461 0.072213
vt 0.215149 0.0703139
vt 0.160286 0.0708267
vt 0.135549 0.0615069
vt 0.148445 0.0695055
vt 0.160286 0.0708267
vt 0.215149 0.0703139
vt 0.135554 0.0680352
vt 0.148445 0.0695055
vt 0.135549 0.0615069
vt 0.215191 0.0636354
vt 0.135549 0.0547655
vt 0.135549 0.0615069
vt 0.215149 0.0703139
vt 0.264491 0.0762169
vt 0.215149 0.0703139
vt 0.215111 0.0769923
vt 0.26445 0.0852641
vt 0.264533 0.0671697
vt 0.215191 0.0636354
vt 0.215149 0.0703139
vt 0.264491 0.0762169
vt 0.313818 0.0829221
vt 0.264491 0.0762169
vt 0.26445 0.0852641
vt 0.313634 0.0951396
vt 0.314001 0.0707043
vt 0.264533 0.0671697
vt 0.264491 0.0762169
vt 0.313818 0.0829221
vt 0.313818 0.0829221
vt 0.337718 0.100422
vt 0.314001 0.0707043
vt 0.313634 0.0951396
vt 0.337718 0.100422
vt 0.313818 0.0829221
vt 0.215026 0.0547619
vt 0.135549 0.0474507
vt 0.135549 0.0547655
vt 0.215191 0.0636354
vt 0.473872 0.150138
vt 0.468964 0.150204
vt 0.471504 0.156441
vt 0.474172 0.156453
vt 0.473571 0.143459
vt 0.466424 0.143601
vt 0.468964 0.150204
vt 0.473872 0.150138
vt 0.852818 0.126367
vt 0.905318 0.12531
vt 0.90531 0.122775
vt 0.852815 0.12246
vt 0.852823 0.129882
vt 0.905326 0.127487
vt 0.905318 0.12531
vt 0.852818 0.126367
vt 0.806083 0.126806
vt 0.852818 0.126367
vt 0.852815 0.12246
vt 0.80608 0.122443
vt 0.806085 0.130774
vt 0.852823 0.129882
vt 0.852818 0.126367
vt 0.806083 0.126806
vt 0.731471 0.130533
vt 0.806083 0.126806
vt 0.80608 0.122443
vt 0.731476 0.125635
vt 0.731466 0.134734
vt 0.806085 0.130774
vt 0.806083 0.126806
vt 0.731471 0.130533
vt 0.630835 0.137519
vt 0.731471 0.130533
vt 0.731476 0.125635
vt 0.630854 0.132029
vt 0.630816 0.142326
vt 0.731466 0.134734
vt 0.731471 0.130533
vt 0.630835 0.137519
vt 0.587439 0.140979
vt 0.630835 0.137519
vt 0.630854 0.132029
vt 0.587439 0.135437
vt 0.587439 0.146154
vt 0.630816 0.142326
vt 0.630835 0.137519
vt 0.587439 0.140979
vt 0.542275 0.144927
vt 0.587439 0.140979
vt 0.587439 0.135437
vt 0.542275 0.13921
vt 0.542275 0.149961
vt 0.587439 0.146154
vt 0.587439 0.140979
vt 0.542275 0.144927
vt 0.473872 0.150138
vt 0.542275 0.144927
vt 0.542275 0.13921
vt 0.473571 0.143459
vt 0.474172 0.156453
vt 0.542275 0.149961
vt 0.542275 0.144927
vt 0.473872 0.150138
vt 0.476564 0.158757
vt 0.472114 0.15877
vt 0.472723 0.159976
vt 0.478956 0.159939
vt 0.474172 0.156453
vt 0.471504 0.156441
vt 0.472114 0.15877
vt 0.476564 0.158757
vt 0.852815 0.133586
vt 0.90531 0.130735
vt 0.905326 0.127487
vt 0.852823 0.129882
vt 0.852805 0.136083
vt 0.905295 0.132882
vt 0.90531 0.130735
vt 0.852815 0.133586
vt 0.80608 0.134686
vt 0.852815 0.133586
vt 0.852823 0.129882
vt 0.806085 0.130774
vt 0.806075 0.137383
vt 0.852805 0.136083
vt 0.852815 0.133586
vt 0.80608 0.134686
vt 0.731476 0.138837
vt 0.80608 0.134686
vt 0.806085 0.130774
vt 0.731466 0.134734
vt 0.731485 0.141468
vt 0.806075 0.137383
vt 0.80608 0.134686
vt 0.731476 0.138837
vt 0.630854 0.146148
vt 0.731476 0.138837
vt 0.731466 0.134734
vt 0.630816 0.142326
vt 0.630893 0.14853
vt 0.731485 0.141468
vt 0.731476 0.138837
vt 0.630854 0.146148
vt 0.587439 0.149564
vt 0.630854 0.146148
vt 0.630816 0.142326
vt 0.587439 0.146154
vt 0.587439 0.151515
vt 0.630893 0.14853
vt 0.630854 0.146148
vt 0.587439 0.149564
vt 0.542275 0.153245
vt 0.587439 0.149564
vt 0.587439 0.146154
vt 0.542275 0.149961
vt 0.542275 0.154734
vt 0.587439 0.151515
vt 0.587439 0.149564
vt 0.542275 0.153245
vt 0.476564 0.158757
vt 0.542275 0.153245
vt 0.542275 0.149961
vt 0.474172 0.156453
vt 0.478956 0.159939
vt 0.542275 0.154734
vt 0.542275 0.153245
vt 0.476564 0.158757
vt 0.0981847 0.060204
vt 0.134212 0.0731877
vt 0.135554 0.0680352
vt 0.0981847 0.0562032
vt 0.473458 0.133548
vt 0.461192 0.130003
vt 0.466424 0.143601
vt 0.473571 0.143459
vt 0.478956 0.159939
vt 0.472723 0.159976
vt 0.473656 0.162401
vt 0.480934 0.162263
vt 0.0981847 0.0656256
vt 0.132442 0.0778714
vt 0.13263 0.0779257
vt 0.0981847 0.0650075
vt 0.0981847 0.0650075
vt 0.13263 0.0779257
vt 0.133188 0.0761971
vt 0.0981847 0.0631769
vt 0.0981847 0.0631769
vt 0.133188 0.0761971
vt 0.134212 0.0731877
vt 0.0981847 0.060204
vt 0.426789 0.116326
vt 0.426789 0.102773
vt 0.370156 0.101278
vt 0.370156 0.107537
vt 0.370156 0.101278
vt 0.370396 0.0737211
vt 0.314001 0.0707043
vt 0.337718 0.100422
vt 0.426789 0.102773
vt 0.42679 0.0761714
vt 0.370396 0.0737211
vt 0.370156 0.101278
vt 0.370396 0.0737211
vt 0.370527 0.0620465
vt 0.31407 0.0597655
vt 0.314001 0.0707043
vt 0.42679 0.0761714
vt 0.426985 0.0643278
vt 0.370527 0.0620465
vt 0.370396 0.0737211
vt 0.370527 0.000252312
vt 0.370527 0.00080218
vt 0.426985 0.000557856
vt 0.426985 0
vt 0.31407 0.000504616
vt 0.31407 0.00104651
vt 0.370527 0.00080218
vt 0.370527 0.000252312
vt 0.370527 0.00080218
vt 0.370527 0.00243096
vt 0.426985 0.0022103
vt 0.426985 0.000557856
vt 0.31407 0.00104651
vt 0.31407 0.00265163
vt 0.370527 0.00243096
vt 0.370527 0.00080218
vt 0.370527 0.00243096
vt 0.370527 0.0050759
vt 0.426985 0.00489382
vt 0.426985 0.0022103
vt 0.31407 0.00265163
vt 0.31407 0.005258
vt 0.370527 0.0050759
vt 0.370527 0.00243096
vt 0.370527 0.0050759
vt 0.370527 0.0101544
vt 0.426985 0.00850501
vt 0.426985 0.00489382
vt 0.31407 0.005258
vt 0.31407 0.010285
vt 0.370527 0.0101544
vt 0.370527 0.0050759
vt 0.370527 0.0101544
vt 0.370527 0.0220342
vt 0.426985 0.0219146
vt 0.426985 0.00850501
vt 0.31407 0.010285
vt 0.31407 0.0221541
vt 0.370527 0.0220342
vt 0.370527 0.0101544
vt 0.370527 0.0220342
vt 0.370527 0.0308245
vt 0.426985 0.0308324
vt 0.426985 0.0219146
vt 0.31407 0.0221541
vt 0.31407 0.0308165
vt 0.370527 0.0308245
vt 0.370527 0.0220342
vt 0.370527 0.0308245
vt 0.370527 0.0403623
vt 0.426985 0.0405089
vt 0.426985 0.0308324
vt 0.31407 0.0308165
vt 0.31407 0.0402157
vt 0.370527 0.0403623
vt 0.370527 0.0308245
vt 0.370527 0.0403623
vt 0.370527 0.0502814
vt 0.426985 0.0505723
vt 0.426985 0.0405089
vt 0.31407 0.0402157
vt 0.31407 0.0499905
vt 0.370527 0.0502814
vt 0.370527 0.0403623
vt 0.370527 0.0502814
vt 0.370527 0.0620465
vt 0.426985 0.0643278
vt 0.426985 0.0505723
vt 0.31407 0.0499905
vt 0.31407 0.0597655
vt 0.370527 0.0620465
vt 0.370527 0.0502814
vt 0.852815 0.12246
vt 0.90531 0.122775
vt 0.905295 0.117706
vt 0.852805 0.11679
vt 0.80608 0.122443
vt 0.852815 0.12246
vt 0.852805 0.11679
vt 0.806075 0.116491
vt 0.731476 0.125635
vt 0.80608 0.122443
vt 0.806075 0.116491
vt 0.731485 0.120492
vt 0.630854 0.132029
vt 0.731476 0.125635
vt 0.731485 0.120492
vt 0.630893 0.126742
vt 0.587439 0.135437
vt 0.630854 0.132029
vt 0.630893 0.126742
vt 0.587439 0.128622
vt 0.542275 0.13921
vt 0.587439 0.135437
vt 0.587439 0.128622
vt 0.542275 0.131477
vt 0.473571 0.143459
vt 0.542275 0.13921
vt 0.542275 0.131477
vt 0.473458 0.133548
vt 0.264533 0.0671697
vt 0.264548 0.0572636
vt 0.215026 0.0547619
vt 0.215191 0.0636354
vt 0.314001 0.0707043
vt 0.31407 0.0597655
vt 0.264548 0.0572636
vt 0.264533 0.0671697
vt 0.264548 0.0479463
vt 0.264548 0.0572636
vt 0.31407 0.0597655
vt 0.31407 0.0499905
vt 0.215026 0.0459025
vt 0.215026 0.0547619
vt 0.264548 0.0572636
vt 0.264548 0.0479463
vt 0.264548 0.0386291
vt 0.264548 0.0479463
vt 0.31407 0.0499905
vt 0.31407 0.0402157
vt 0.215026 0.0370428
vt 0.215026 0.0459025
vt 0.264548 0.0479463
vt 0.264548 0.0386291
vt 0.264548 0.0296702
vt 0.264548 0.0386291
vt 0.31407 0.0402157
vt 0.31407 0.0308165
vt 0.215026 0.0285239
vt 0.215026 0.0370428
vt 0.264548 0.0386291
vt 0.264548 0.0296702
vt 0.264548 0.0214134
vt 0.264548 0.0296702
vt 0.31407 0.0308165
vt 0.31407 0.0221541
vt 0.215026 0.0206727
vt 0.215026 0.0285239
vt 0.264548 0.0296702
vt 0.264548 0.0214134
vt 0.264548 0.01091
vt 0.264548 0.0214134
vt 0.31407 0.0221541
vt 0.31407 0.010285
vt 0.215026 0.0111312
vt 0.215026 0.0206727
vt 0.264548 0.0214134
vt 0.264548 0.01091
vt 0.264548 0.00611341
vt 0.264548 0.01091
vt 0.31407 0.010285
vt 0.31407 0.005258
vt 0.215026 0.00729494
vt 0.215026 0.0111312
vt 0.264548 0.01091
vt 0.264548 0.00611341
vt 0.264548 0.00319713
vt 0.264548 0.00611341
vt 0.31407 0.005258
vt 0.31407 0.00265163
vt 0.215026 0.00394659
vt 0.215026 0.00729494
vt 0.264548 0.00611341
vt 0.264548 0.00319713
vt 0.264548 0.00110566
vt 0.264548 0.00319713
vt 0.31407 0.00265163
vt 0.31407 0.00104651
vt 0.215026 0.00136234
vt 0.215026 0.00394659
vt 0.264548 0.00319713
vt 0.264548 0.00110566
vt 0.264548 0.000188011
vt 0.264548 0.00110566
vt 0.31407 0.00104651
vt 0.31407 0.000504616
vt 0.215026 0.0004897
vt 0.215026 0.00136234
vt 0.264548 0.00110566
vt 0.264548 0.000188011
vt 0.473458 0.133548
vt 0.474172 0.116213
vt 0.426789 0.116326
vt 0.461192 0.130003
vt 0.474172 0.116213
vt 0.474172 0.103139
vt 0.426789 0.102773
vt 0.426789 0.116326
vt 0.474172 0.103139
vt 0.474172 0.0782186
vt 0.42679 0.0761714
vt 0.426789 0.102773
vt 0.474172 0.0782186
vt 0.474172 0.0658722
vt 0.426985 0.0643278
vt 0.42679 0.0761714
vt 0.905295 0.0831302
vt 0.919235 0.0849714
vt 0.919235 0.0771433
vt 0.905295 0.0750174
vt 0.905295 0.0600273
vt 0.919235 0.0631023
vt 0.919235 0.0572096
vt 0.905295 0.0537259
vt 0.905295 0.0537259
vt 0.919235 0.0572096
vt 0.919235 0.0521493
vt 0.905295 0.0485543
vt 0.905295 0.0485543
vt 0.919235 0.0521493
vt 0.919235 0.0482666
vt 0.905295 0.0447117
vt 0.905295 0.0447117
vt 0.919235 0.0482666
vt 0.919235 0.0458256
vt 0.905295 0.0423453
vt 0.905295 0.0423453
vt 0.919235 0.0458256
vt 0.919235 0.0448462
vt 0.905295 0.0415464
vt 0.852805 0.11679
vt 0.905295 0.117706
vt 0.905295 0.112534
vt 0.852805 0.108565
vt 0.852805 0.13849
vt 0.905295 0.13545
vt 0.905295 0.132882
vt 0.852805 0.136083
vt 0.852805 0.025558
vt 0.905295 0.0423453
vt 0.905295 0.0415464
vt 0.852805 0.0246187
vt 0.852805 0.0283405
vt 0.905295 0.0447117
vt 0.905295 0.0423453
vt 0.852805 0.025558
vt 0.852805 0.0328591
vt 0.905295 0.0485543
vt 0.905295 0.0447117
vt 0.852805 0.0283405
vt 0.852805 0.0389398
vt 0.905295 0.0537259
vt 0.905295 0.0485543
vt 0.852805 0.0328591
vt 0.852805 0.0468253
vt 0.905295 0.0600273
vt 0.905295 0.0537259
vt 0.852805 0.0389398
vt 0.852805 0.0552786
vt 0.905295 0.0672166
vt 0.905295 0.0600273
vt 0.852805 0.0468253
vt 0.852805 0.064451
vt 0.905295 0.0750174
vt 0.905295 0.0672166
vt 0.852805 0.0552786
vt 0.852805 0.0739902
vt 0.905295 0.0831302
vt 0.905295 0.0750174
vt 0.852805 0.064451
vt 0.852805 0.0835296
vt 0.905295 0.0912427
vt 0.905295 0.0831302
vt 0.852805 0.0739902
vt 0.852805 0.092702
vt 0.905295 0.0990435
vt 0.905295 0.0912427
vt 0.852805 0.0835296
vt 0.852805 0.101156
vt 0.905295 0.106233
vt 0.905295 0.102638
vt 0.905295 0.0990435
vt 0.852805 0.092702
vt 0.852805 0.108565
vt 0.905295 0.112534
vt 0.905295 0.106233
vt 0.852805 0.101156
vt 0.806075 0.107304
vt 0.852805 0.108565
vt 0.852805 0.101156
vt 0.806075 0.0994905
vt 0.806075 0.0994905
vt 0.852805 0.101156
vt 0.852805 0.092702
vt 0.806075 0.0905766
vt 0.806075 0.0905766
vt 0.852805 0.092702
vt 0.852805 0.0835296
vt 0.806075 0.079127
vt 0.806075 0.079127
vt 0.852805 0.0835296
vt 0.852805 0.0739902
vt 0.806075 0.0686239
vt 0.806075 0.0686239
vt 0.852805 0.0739902
vt 0.852805 0.064451
vt 0.806075 0.0585649
vt 0.806075 0.0585649
vt 0.852805 0.064451
vt 0.852805 0.0552786
vt 0.806075 0.0488931
vt 0.806075 0.0488931
vt 0.852805 0.0552786
vt 0.852805 0.0468253
vt 0.806075 0.0399791
vt 0.806075 0.0399791
vt 0.852805 0.0468253
vt 0.852805 0.0389398
vt 0.806075 0.0295467
vt 0.806075 0.0295467
vt 0.852805 0.0389398
vt 0.852805 0.0328591
vt 0.806075 0.0237739
vt 0.806075 0.0237739
vt 0.852805 0.0328591
vt 0.852805 0.0283405
vt 0.806075 0.0198551
vt 0.806075 0.0198551
vt 0.852805 0.0283405
vt 0.852805 0.025558
vt 0.806075 0.0174416
vt 0.806075 0.0174416
vt 0.852805 0.025558
vt 0.852805 0.0246187
vt 0.806075 0.0166266
vt 0.806075 0.140006
vt 0.852805 0.13849
vt 0.852805 0.136083
vt 0.806075 0.137383
vt 0.806075 0.116491
vt 0.852805 0.11679
vt 0.852805 0.108565
vt 0.806075 0.107304
vt 0.731485 0.120492
vt 0.806075 0.116491
vt 0.806075 0.107304
vt 0.731485 0.109297
vt 0.731485 0.143654
vt 0.806075 0.140006
vt 0.806075 0.137383
vt 0.731485 0.141468
vt 0.731485 0.0100713
vt 0.806075 0.0174416
vt 0.806075 0.0166266
vt 0.731485 0.00924032
vt 0.731485 0.0125329
vt 0.806075 0.0198551
vt 0.806075 0.0174416
vt 0.731485 0.0100713
vt 0.731485 0.0165299
vt 0.806075 0.0237739
vt 0.806075 0.0198551
vt 0.731485 0.0125329
vt 0.731485 0.021909
vt 0.806075 0.0295467
vt 0.806075 0.0237739
vt 0.731485 0.0165299
vt 0.731485 0.0328329
vt 0.806075 0.0399791
vt 0.806075 0.0295467
vt 0.731485 0.021909
vt 0.731485 0.0419242
vt 0.806075 0.0488931
vt 0.806075 0.0399791
vt 0.731485 0.0328329
vt 0.731485 0.0517893
vt 0.806075 0.0585649
vt 0.806075 0.0488931
vt 0.731485 0.0419242
vt 0.731485 0.0620483
vt 0.806075 0.0686239
vt 0.806075 0.0585649
vt 0.731485 0.0517893
vt 0.731485 0.0756624
vt 0.806075 0.079127
vt 0.806075 0.0686239
vt 0.731485 0.0620483
vt 0.731485 0.0862972
vt 0.806075 0.0905766
vt 0.806075 0.079127
vt 0.731485 0.0756624
vt 0.731485 0.101328
vt 0.806075 0.0994905
vt 0.806075 0.0905766
vt 0.731485 0.0862972
vt 0.731485 0.109297
vt 0.806075 0.107304
vt 0.806075 0.0994905
vt 0.731485 0.101328
vt 0.630893 0.114339
vt 0.731485 0.109297
vt 0.731485 0.101328
vt 0.630893 0.104523
vt 0.630893 0.104523
vt 0.731485 0.101328
vt 0.731485 0.0862972
vt 0.630893 0.084572
vt 0.630893 0.084572
vt 0.731485 0.0862972
vt 0.731485 0.0756624
vt 0.630893 0.0727667
vt 0.630893 0.0727667
vt 0.731485 0.0756624
vt 0.731485 0.0620483
vt 0.630893 0.058549
vt 0.630893 0.058549
vt 0.731485 0.0620483
vt 0.731485 0.0517893
vt 0.630893 0.0480238
vt 0.630893 0.0480238
vt 0.731485 0.0517893
vt 0.731485 0.0419242
vt 0.630893 0.0379028
vt 0.630893 0.0379028
vt 0.731485 0.0419242
vt 0.731485 0.0328329
vt 0.630893 0.0285753
vt 0.630893 0.0285753
vt 0.731485 0.0328329
vt 0.731485 0.021909
vt 0.630893 0.0120527
vt 0.630893 0.0120527
vt 0.731485 0.021909
vt 0.731485 0.0165299
vt 0.630893 0.00827534
vt 0.630893 0.00827534
vt 0.731485 0.0165299
vt 0.731485 0.0125329
vt 0.630893 0.00546889
vt 0.630893 0.00546889
vt 0.731485 0.0125329
vt 0.731485 0.0100713
vt 0.630893 0.00374058
vt 0.630893 0.00374058
vt 0.731485 0.0100713
vt 0.731485 0.00924032
vt 0.630893 0.00315701
vt 0.630893 0.150183
vt 0.731485 0.143654
vt 0.731485 0.141468
vt 0.630893 0.14853
vt 0.630893 0.126742
vt 0.731485 0.120492
vt 0.731485 0.109297
vt 0.630893 0.114339
vt 0.587439 0.128622
vt 0.630893 0.126742
vt 0.630893 0.114339
vt 0.587439 0.115277
vt 0.587439 0.153608
vt 0.630893 0.150183
vt 0.630893 0.14853
vt 0.587439 0.151515
vt 0.587439 0.00279231
vt 0.630893 0.00374058
vt 0.630893 0.00315701
vt 0.587439 0.00220104
vt 0.587439 0.00454353
vt 0.630893 0.00546889
vt 0.630893 0.00374058
vt 0.587439 0.00279231
vt 0.587439 0.00738752
vt 0.630893 0.00827534
vt 0.630893 0.00546889
vt 0.587439 0.00454353
vt 0.587439 0.0112148
vt 0.630893 0.0120527
vt 0.630893 0.00827534
vt 0.587439 0.00738752
vt 0.587439 0.0271953
vt 0.630893 0.0285753
vt 0.630893 0.0120527
vt 0.587439 0.0112148
vt 0.587439 0.0366465
vt 0.630893 0.0379028
vt 0.630893 0.0285753
vt 0.587439 0.0271953
vt 0.587439 0.0469014
vt 0.630893 0.0480238
vt 0.630893 0.0379028
vt 0.587439 0.0366465
vt 0.587439 0.0575663
vt 0.630893 0.058549
vt 0.630893 0.0480238
vt 0.587439 0.0469014
vt 0.587439 0.071103
vt 0.630893 0.0727667
vt 0.630893 0.058549
vt 0.587439 0.0575663
vt 0.587439 0.0839179
vt 0.630893 0.084572
vt 0.630893 0.0727667
vt 0.587439 0.071103
vt 0.587439 0.105168
vt 0.630893 0.104523
vt 0.630893 0.084572
vt 0.587439 0.0839179
vt 0.587439 0.115277
vt 0.630893 0.114339
vt 0.630893 0.104523
vt 0.587439 0.105168
vt 0.542275 0.116885
vt 0.587439 0.115277
vt 0.587439 0.105168
vt 0.542275 0.105046
vt 0.542275 0.105046
vt 0.587439 0.105168
vt 0.587439 0.0839179
vt 0.542275 0.0821492
vt 0.542275 0.0821492
vt 0.587439 0.0839179
vt 0.587439 0.071103
vt 0.542275 0.0695642
vt 0.542275 0.0695642
vt 0.587439 0.071103
vt 0.587439 0.0575663
vt 0.542275 0.0550358
vt 0.542275 0.0550358
vt 0.587439 0.0575663
vt 0.587439 0.0469014
vt 0.542275 0.0446103
vt 0.542275 0.0446103
vt 0.587439 0.0469014
vt 0.587439 0.0366465
vt 0.542275 0.0345853
vt 0.542275 0.0345853
vt 0.587439 0.0366465
vt 0.587439 0.0271953
vt 0.542275 0.0253463
vt 0.542275 0.0253463
vt 0.587439 0.0271953
vt 0.587439 0.0112148
vt 0.542275 0.0102786
vt 0.542275 0.0102786
vt 0.587439 0.0112148
vt 0.587439 0.00738752
vt 0.542275 0.00653726
vt 0.542275 0.00653726
vt 0.587439 0.00738752
vt 0.587439 0.00454353
vt 0.542275 0.00375703
vt 0.542275 0.00375703
vt 0.587439 0.00454353
vt 0.587439 0.00279231
vt 0.542275 0.00204518
vt 0.542275 0.00204518
vt 0.587439 0.00279231
vt 0.587439 0.00220104
vt 0.542275 0.00146701
vt 0.542275 0.157059
vt 0.587439 0.153608
vt 0.587439 0.151515
vt 0.542275 0.154734
vt 0.542275 0.131477
vt 0.587439 0.128622
vt 0.587439 0.115277
vt 0.542275 0.116885
vt 0.473458 0.133548
vt 0.542275 0.131477
vt 0.542275 0.116885
vt 0.474172 0.116213
vt 0.480934 0.162263
vt 0.542275 0.157059
vt 0.542275 0.154734
vt 0.478956 0.159939
vt 0.474172 0.00103983
vt 0.542275 0.00204518
vt 0.542275 0.00146701
vt 0.474172 0.00047555
vt 0.474172 0.00271079
vt 0.542275 0.00375703
vt 0.542275 0.00204518
vt 0.474172 0.00103983
vt 0.474172 0.00542491
vt 0.542275 0.00653726
vt 0.542275 0.00375703
vt 0.474172 0.00271079
vt 0.474172 0.00907701
vt 0.542275 0.0102786
vt 0.542275 0.00653726
vt 0.474172 0.00542491
vt 0.474172 0.0230195
vt 0.542275 0.0253463
vt 0.542275 0.0102786
vt 0.474172 0.00907701
vt 0.474172 0.0320387
vt 0.542275 0.0345853
vt 0.542275 0.0253463
vt 0.474172 0.0230195
vt 0.474172 0.041825
vt 0.542275 0.0446103
vt 0.542275 0.0345853
vt 0.474172 0.0320387
vt 0.474172 0.0520022
vt 0.542275 0.0550358
vt 0.542275 0.0446103
vt 0.474172 0.041825
vt 0.474172 0.0658722
vt 0.542275 0.0695642
vt 0.542275 0.0550358
vt 0.474172 0.0520022
vt 0.474172 0.0782186
vt 0.542275 0.0821492
vt 0.542275 0.0695642
vt 0.474172 0.0658722
vt 0.474172 0.103139
vt 0.542275 0.105046
vt 0.542275 0.0821492
vt 0.474172 0.0782186
vt 0.474172 0.116213
vt 0.542275 0.116885
vt 0.542275 0.105046
vt 0.474172 0.103139
vt 0.426985 0.0643278
vt 0.474172 0.0658722
vt 0.474172 0.0520022
vt 0.426985 0.0505723
vt 0.426985 0.0505723
vt 0.474172 0.0520022
vt 0.474172 0.041825
vt 0.426985 0.0405089
vt 0.426985 0.0405089
vt 0.474172 0.041825
vt 0.474172 0.0320387
vt 0.426985 0.0308324
vt 0.426985 0.0308324
vt 0.474172 0.0320387
vt 0.474172 0.0230195
vt 0.426985 0.0219146
vt 0.426985 0.0219146
vt 0.474172 0.0230195
vt 0.474172 0.00907701
vt 0.426985 0.00850501
vt 0.426985 0.00850501
vt 0.474172 0.00907701
vt 0.474172 0.00542491
vt 0.426985 0.00489382
vt 0.426985 0.00489382
vt 0.474172 0.00542491
vt 0.474172 0.00271079
vt 0.426985 0.0022103
vt 0.426985 0.0022103
vt 0.474172 0.00271079
vt 0.474172 0.00103983
vt 0.426985 0.000557856
vt 0.426985 0.000557856
vt 0.474172 0.00103983
vt 0.474172 0.00047555
vt 0.426985 0
vt 0.135549 0.00159998
vt 0.215026 0.00136234
vt 0.215026 0.0004897
vt 0.135549 0.000850791
vt 0.135549 0.00381876
vt 0.215026 0.00394659
vt 0.215026 0.00136234
vt 0.135549 0.00159998
vt 0.135549 0.00742224
vt 0.215026 0.00729494
vt 0.215026 0.00394659
vt 0.135549 0.00381876
vt 0.135549 0.0122716
vt 0.215026 0.0111312
vt 0.215026 0.00729494
vt 0.135549 0.00742224
vt 0.135549 0.0181802
vt 0.215026 0.0206727
vt 0.215026 0.0111312
vt 0.135549 0.0122716
vt 0.135549 0.0249217
vt 0.215026 0.0285239
vt 0.215026 0.0206727
vt 0.135549 0.0181802
vt 0.135549 0.0322364
vt 0.215026 0.0370428
vt 0.215026 0.0285239
vt 0.135549 0.0249217
vt 0.135549 0.0398436
vt 0.215026 0.0459025
vt 0.215026 0.0370428
vt 0.135549 0.0322364
vt 0.135549 0.0474507
vt 0.215026 0.0547619
vt 0.215026 0.0459025
vt 0.135549 0.0398436
vt 0.000414025 0.0195858
vt 0.00125765 0.0209515
vt 0.00125765 0.0199518
vt 0.000414025 0.0188788
vt 0.000414025 0.0188788
vt 0.00125765 0.0199518
vt 0.00125765 0.0188114
vt 0.000414025 0.0180722
vt 0.00125765 0.017574
vt 0.000414025 0.0171973
vt 0.000414025 0.0180722
vt 0.00125765 0.0188114
vt 0.00125765 0.0162871
vt 0.000414025 0.0162871
vt 0.000414025 0.0171973
vt 0.00125765 0.017574
vt 0.00125765 0.0150003
vt 0.000414025 0.0153771
vt 0.000414025 0.0162871
vt 0.00125765 0.0162871
vt 0.00125765 0.013763
vt 0.000414025 0.0145022
vt 0.000414025 0.0153771
vt 0.00125765 0.0150003
vt 0.00125765 0.0126226
vt 0.000414025 0.0136956
vt 0.000414025 0.0145022
vt 0.00125765 0.013763
vt 0.00125765 0.0116229
vt 0.000414025 0.0129886
vt 0.000414025 0.0136956
vt 0.00125765 0.0126226
vt 0.00125765 0.0108028
vt 0.000414025 0.0124086
vt 0.000414025 0.0129886
vt 0.00125765 0.0116229
vt 0.00125765 0.0101932
vt 0.000414025 0.0119773
vt 0.000414025 0.0124086
vt 0.00125765 0.0108028
vt 0.00125765 0.00981771
vt 0.000414025 0.0117119
vt 0.000414025 0.0119773
vt 0.00125765 0.0101932
vt 0.00125765 0.00969118
vt 0.000414025 0.0116224
vt 0.000414025 0.0117119
vt 0.00125765 0.00981771
vt 0.00125765 0.0227567
vt 0.000414025 0.0208625
vt 0.000414025 0.020952
vt 0.00125765 0.0228832
vt 0.00125765 0.0223812
vt 0.000414025 0.0205971
vt 0.000414025 0.0208625
vt 0.00125765 0.0227567
vt 0.00125765 0.0217716
vt 0.000414025 0.0201657
vt 0.000414025 0.0205971
vt 0.00125765 0.0223812
vt 0.00125765 0.0209515
vt 0.000414025 0.0195858
vt 0.000414025 0.0201657
vt 0.00125765 0.0217716
vt 0.00262586 0.0220034
vt 0.00125765 0.0209515
vt 0.00125765 0.0217716
vt 0.00262586 0.0230087
vt 0.00262586 0.0230087
vt 0.00125765 0.0217716
vt 0.00125765 0.0223812
vt 0.00262586 0.0237559
vt 0.00262586 0.0237559
vt 0.00125765 0.0223812
vt 0.00125765 0.0227567
vt 0.00262586 0.0242157
vt 0.00262586 0.0242157
vt 0.00125765 0.0227567
vt 0.00125765 0.0228832
vt 0.00262586 0.024371
vt 0.00262586 0.00820333
vt 0.00125765 0.00969118
vt 0.00125765 0.00981771
vt 0.00262586 0.00835867
vt 0.00262586 0.00835867
vt 0.00125765 0.00981771
vt 0.00125765 0.0101932
vt 0.00262586 0.00881853
vt 0.00262586 0.00881853
vt 0.00125765 0.0101932
vt 0.00125765 0.0108028
vt 0.00262586 0.00956567
vt 0.00262586 0.00956567
vt 0.00125765 0.0108028
vt 0.00125765 0.0116229
vt 0.00262586 0.010571
vt 0.00262586 0.010571
vt 0.00125765 0.0116229
vt 0.00125765 0.0126226
vt 0.00262586 0.011796
vt 0.00262586 0.011796
vt 0.00125765 0.0126226
vt 0.00125765 0.013763
vt 0.00262586 0.0131936
vt 0.00262586 0.0131936
vt 0.00125765 0.013763
vt 0.00125765 0.0150003
vt 0.00262586 0.01471
vt 0.00262586 0.01471
vt 0.00125765 0.0150003
vt 0.00125765 0.0162871
vt 0.00262586 0.0162871
vt 0.00262586 0.0162871
vt 0.00125765 0.0162871
vt 0.00125765 0.017574
vt 0.00262586 0.0178644
vt 0.00262586 0.0178644
vt 0.00125765 0.017574
vt 0.00125765 0.0188114
vt 0.00262586 0.0193808
vt 0.00262586 0.0193808
vt 0.00125765 0.0188114
vt 0.00125765 0.0199518
vt 0.00262586 0.0207784
vt 0.00262586 0.0207784
vt 0.00125765 0.0199518
vt 0.00125765 0.0209515
vt 0.00262586 0.0220034
vt 0.0045368 0.0214867
vt 0.00262586 0.0207784
vt 0.00262586 0.0220034
vt 0.0045368 0.0229048
vt 0.0045368 0.0198687
vt 0.00262586 0.0193808
vt 0.00262586 0.0207784
vt 0.0045368 0.0214867
vt 0.0045368 0.0181131
vt 0.00262586 0.0178644
vt 0.00262586 0.0193808
vt 0.0045368 0.0198687
vt 0.0045368 0.0162871
vt 0.00262586 0.0162871
vt 0.00262586 0.0178644
vt 0.0045368 0.0181131
vt 0.0045368 0.0144613
vt 0.00262586 0.01471
vt 0.00262586 0.0162871
vt 0.0045368 0.0162871
vt 0.0045368 0.0127057
vt 0.00262586 0.0131936
vt 0.00262586 0.01471
vt 0.0045368 0.0144613
vt 0.0045368 0.0110877
vt 0.00262586 0.011796
vt 0.00262586 0.0131936
vt 0.0045368 0.0127057
vt 0.0045368 0.00966957
vt 0.00262586 0.010571
vt 0.00262586 0.011796
vt 0.0045368 0.0110877
vt 0.0045368 0.00850553
vt 0.00262586 0.00956567
vt 0.00262586 0.010571
vt 0.0045368 0.00966957
vt 0.0045368 0.00764086
vt 0.00262586 0.00881853
vt 0.00262586 0.00956567
vt 0.0045368 0.00850553
vt 0.0045368 0.00710822
vt 0.00262586 0.00835867
vt 0.00262586 0.00881853
vt 0.0045368 0.00764086
vt 0.0045368 0.00692844
vt 0.00262586 0.00820333
vt 0.00262586 0.00835867
vt 0.0045368 0.00710822
vt 0.0045368 0.0254662
vt 0.00262586 0.0242157
vt 0.00262586 0.024371
vt 0.0045368 0.0256459
vt 0.0045368 0.0249335
vt 0.00262586 0.0237559
vt 0.00262586 0.0242157
vt 0.0045368 0.0254662
vt 0.0045368 0.0240689
vt 0.00262586 0.0230087
vt 0.00262586 0.0237559
vt 0.0045368 0.0249335
vt 0.0045368 0.0229048
vt 0.00262586 0.0220034
vt 0.00262586 0.0230087
vt 0.0045368 0.0240689
vt 0.00771826 0.0242903
vt 0.0045368 0.0229048
vt 0.0045368 0.0240689
vt 0.00771826 0.0256596
vt 0.00771826 0.0256596
vt 0.0045368 0.0240689
vt 0.0045368 0.0249335
vt 0.00771826 0.0266765
vt 0.00771826 0.0266765
vt 0.0045368 0.0249335
vt 0.0045368 0.0254662
vt 0.00771826 0.027303
vt 0.00771826 0.027303
vt 0.0045368 0.0254662
vt 0.0045368 0.0256459
vt 0.00771826 0.0275144
vt 0.00771826 0.00549924
vt 0.0045368 0.00692844
vt 0.0045368 0.00710822
vt 0.00771826 0.0057109
vt 0.00771826 0.0057109
vt 0.0045368 0.00710822
vt 0.0045368 0.00764086
vt 0.00771826 0.00633716
vt 0.00771826 0.00633716
vt 0.0045368 0.00764086
vt 0.0045368 0.00850553
vt 0.00771826 0.00735435
vt 0.00771826 0.00735435
vt 0.0045368 0.00850553
vt 0.0045368 0.00966957
vt 0.00771826 0.00872363
vt 0.00771826 0.00872363
vt 0.0045368 0.00966957
vt 0.0045368 0.0110877
vt 0.00771826 0.0103912
vt 0.00771826 0.0103912
vt 0.0045368 0.0110877
vt 0.0045368 0.0127057
vt 0.00771826 0.0122944
vt 0.00771826 0.0122944
vt 0.0045368 0.0127057
vt 0.0045368 0.0144613
vt 0.00771826 0.0143594
vt 0.00771826 0.0143594
vt 0.0045368 0.0144613
vt 0.0045368 0.0162871
vt 0.00771826 0.0165067
vt 0.00771826 0.0165067
vt 0.0045368 0.0162871
vt 0.0045368 0.0181131
vt 0.00771826 0.0186542
vt 0.00771826 0.0186542
vt 0.0045368 0.0181131
vt 0.0045368 0.0198687
vt 0.00771826 0.0207192
vt 0.00771826 0.0207192
vt 0.0045368 0.0198687
vt 0.0045368 0.0214867
vt 0.00771826 0.0226222
vt 0.00771826 0.0226222
vt 0.0045368 0.0214867
vt 0.0045368 0.0229048
vt 0.00771826 0.0242903
vt 0.0113009 0.0237011
vt 0.00771826 0.0226222
vt 0.00771826 0.0242903
vt 0.0113009 0.0255449
vt 0.0113009 0.0215975
vt 0.00771826 0.0207192
vt 0.00771826 0.0226222
vt 0.0113009 0.0237011
vt 0.0113009 0.0193155
vt 0.00771826 0.0186542
vt 0.00771826 0.0207192
vt 0.0113009 0.0215975
vt 0.0113009 0.0169421
vt 0.00771826 0.0165067
vt 0.00771826 0.0186542
vt 0.0113009 0.0193155
vt 0.0113009 0.0145688
vt 0.00771826 0.0143594
vt 0.00771826 0.0165067
vt 0.0113009 0.0169421
vt 0.0113009 0.0122862
vt 0.00771826 0.0122944
vt 0.00771826 0.0143594
vt 0.0113009 0.0145688
vt 0.0113009 0.0101832
vt 0.00771826 0.0103912
vt 0.00771826 0.0122944
vt 0.0113009 0.0122862
vt 0.0113009 0.00833938
vt 0.00771826 0.00872363
vt 0.00771826 0.0103912
vt 0.0113009 0.0101832
vt 0.0113009 0.00682659
vt 0.00771826 0.00735435
vt 0.00771826 0.00872363
vt 0.0113009 0.00833938
vt 0.0113009 0.00570216
vt 0.00771826 0.00633716
vt 0.00771826 0.00735435
vt 0.0113009 0.00682659
vt 0.0113009 0.00500981
vt 0.00771826 0.0057109
vt 0.00771826 0.00633716
vt 0.0113009 0.00570216
vt 0.0113009 0.00477602
vt 0.00771826 0.00549924
vt 0.00771826 0.0057109
vt 0.0113009 0.00500981
vt 0.0113009 0.0288744
vt 0.00771826 0.027303
vt 0.00771826 0.0275144
vt 0.0113009 0.029108
vt 0.0113009 0.0281821
vt 0.00771826 0.0266765
vt 0.00771826 0.027303
vt 0.0113009 0.0288744
vt 0.0113009 0.0270579
vt 0.00771826 0.0256596
vt 0.00771826 0.0266765
vt 0.0113009 0.0281821
vt 0.0113009 0.0255449
vt 0.00771826 0.0242903
vt 0.00771826 0.0256596
vt 0.0113009 0.0270579
vt 0.0981847 0.0562032
vt 0.135554 0.0680352
vt 0.135549 0.0615069
vt 0.0981847 0.0513281
vt 0.0981847 0.0513281
vt 0.135549 0.0615069
vt 0.135549 0.0547655
vt 0.0981847 0.0457661
vt 0.0981847 0.0457661
vt 0.135549 0.0547655
vt 0.135549 0.0474507
vt 0.0981847 0.0397312
vt 0.0981847 0.0397312
vt 0.135549 0.0474507
vt 0.135549 0.0398436
vt 0.0981847 0.0334552
vt 0.0981847 0.0334552
vt 0.135549 0.0398436
vt 0.135549 0.0322364
vt 0.0981847 0.0271791
vt 0.0981847 0.0271791
vt 0.135549 0.0322364
vt 0.135549 0.0249217
vt 0.0981847 0.0211441
vt 0.0981847 0.0211441
vt 0.135549 0.0249217
vt 0.135549 0.0181802
vt 0.0981847 0.0155824
vt 0.0981847 0.0155824
vt 0.135549 0.0181802
vt 0.135549 0.0122716
vt 0.0981847 0.0107073
vt 0.0981847 0.0107073
vt 0.135549 0.0122716
vt 0.135549 0.00742224
vt 0.0981847 0.00670675
vt 0.0981847 0.00670675
vt 0.135549 0.00742224
vt 0.135549 0.00381876
vt 0.0981847 0.00373389
vt 0.0981847 0.00373389
vt 0.135549 0.00381876
vt 0.135549 0.00159998
vt 0.0981847 0.00190321
vt 0.0981847 0.00190321
vt 0.135549 0.00159998
vt 0.135549 0.000850791
vt 0.0981847 0.00128493
vt 0.0534286 0.043586
vt 0.0981847 0.060204
vt 0.0981847 0.0562032
vt 0.0534286 0.0406849
vt 0.0534286 0.0457415
vt 0.0981847 0.0631769
vt 0.0981847 0.060204
vt 0.0534286 0.043586
vt 0.0534286 0.0470688
vt 0.0981847 0.0650075
vt 0.0981847 0.0631769
vt 0.0534286 0.0457415
vt 0.0534286 0.0475168
vt 0.0981847 0.0656256
vt 0.0981847 0.0650075
vt 0.0534286 0.0470688
vt 0.0534286 0.00131296
vt 0.0981847 0.00190321
vt 0.0981847 0.00128493
vt 0.0534286 0.00086468
vt 0.0534286 0.00264032
vt 0.0981847 0.00373389
vt 0.0981847 0.00190321
vt 0.0534286 0.00131296
vt 0.0534286 0.00479582
vt 0.0981847 0.00670675
vt 0.0981847 0.00373389
vt 0.0534286 0.00264032
vt 0.0534286 0.00769667
vt 0.0981847 0.0107073
vt 0.0981847 0.00670675
vt 0.0534286 0.00479582
vt 0.0534286 0.0112315
vt 0.0981847 0.0155824
vt 0.0981847 0.0107073
vt 0.0534286 0.00769667
vt 0.0534286 0.0152642
vt 0.0981847 0.0211441
vt 0.0981847 0.0155824
vt 0.0534286 0.0112315
vt 0.0534286 0.01964
vt 0.0981847 0.0271791
vt 0.0981847 0.0211441
vt 0.0534286 0.0152642
vt 0.0534286 0.0241908
vt 0.0981847 0.0334552
vt 0.0981847 0.0271791
vt 0.0534286 0.01964
vt 0.0534286 0.0287415
vt 0.0981847 0.0397312
vt 0.0981847 0.0334552
vt 0.0534286 0.0241908
vt 0.0534286 0.0331173
vt 0.0981847 0.0457661
vt 0.0981847 0.0397312
vt 0.0534286 0.0287415
vt 0.0534286 0.03715
vt 0.0981847 0.0513281
vt 0.0981847 0.0457661
vt 0.0534286 0.0331173
vt 0.0534286 0.0406849
vt 0.0981847 0.0562032
vt 0.0981847 0.0513281
vt 0.0534286 0.03715
vt 0.0113009 0.0255449
vt 0.0534286 0.0406849
vt 0.0534286 0.03715
vt 0.0113009 0.0237011
vt 0.0113009 0.0237011
vt 0.0534286 0.03715
vt 0.0534286 0.0331173
vt 0.0113009 0.0215975
vt 0.0113009 0.0215975
vt 0.0534286 0.0331173
vt 0.0534286 0.0287415
vt 0.0113009 0.0193155
vt 0.0113009 0.0193155
vt 0.0534286 0.0287415
vt 0.0534286 0.0241908
vt 0.0113009 0.0169421
vt 0.0113009 0.0169421
vt 0.0534286 0.0241908
vt 0.0534286 0.01964
vt 0.0113009 0.0145688
vt 0.0113009 0.0145688
vt 0.0534286 0.01964
vt 0.0534286 0.0152642
vt 0.0113009 0.0122862
vt 0.0113009 0.0122862
vt 0.0534286 0.0152642
vt 0.0534286 0.0112315
vt 0.0113009 0.0101832
vt 0.0113009 0.0101832
vt 0.0534286 0.0112315
vt 0.0534286 0.00769667
vt 0.0113009 0.00833938
vt 0.0113009 0.00833938
vt 0.0534286 0.00769667
vt 0.0534286 0.00479582
vt 0.0113009 0.00682659
vt 0.0113009 0.00682659
vt 0.0534286 0.00479582
vt 0.0534286 0.00264032
vt 0.0113009 0.00570216
vt 0.0113009 0.00570216
vt 0.0534286 0.00264032
vt 0.0534286 0.00131296
vt 0.0113009 0.00500981
vt 0.0113009 0.00500981
vt 0.0534286 0.00131296
vt 0.0534286 0.00086468
vt 0.0113009 0.00477602
vt 0.0113009 0.029108
vt 0.0534286 0.0475168
vt 0.0534286 0.0470688
vt 0.0113009 0.0288744
vt 0.0113009 0.0288744
vt 0.0534286 0.0470688
vt 0.0534286 0.0457415
vt 0.0113009 0.0281821
vt 0.0113009 0.0281821
vt 0.0534286 0.0457415
vt 0.0534286 0.043586
vt 0.0113009 0.0270579
vt 0.0113009 0.0270579
vt 0.0534286 0.043586
vt 0.0534286 0.0406849
vt 0.0113009 0.0255449
vt 0.370156 0.107537
vt 0.426789 0.121446
vt 0.426789 0.116326
vt 0.337718 0.100422
vt 0.370156 0.107537
vt 0.370156 0.101278
vt 0.426789 0.116326
vt 0.426789 0.121446
vt 0.461192 0.130003
vt 0.000414025 0.0195858
vt 0 0.0162871
vt 0.000414025 0.0201657
vt 0.000414025 0.0201657
vt 0 0.0162871
vt 0.000414025 0.0205971
vt 0.000414025 0.0205971
vt 0 0.0162871
vt 0.000414025 0.0208625
vt 0.000414025 0.0208625
vt 0 0.0162871
vt 0.000414025 0.020952
vt 0.000414025 0.0116224
vt 0 0.0162871
vt 0.000414025 0.0117119
vt 0.000414025 0.0117119
vt 0 0.0162871
vt 0.000414025 0.0119773
vt 0.000414025 0.0119773
vt 0 0.0162871
vt 0.000414025 0.0124086
vt 0.000414025 0.0124086
vt 0 0.0162871
vt 0.000414025 0.0129886
vt 0.000414025 0.0129886
vt 0 0.0162871
vt 0.000414025 0.0136956
vt 0.000414025 0.0136956
vt 0 0.0162871
vt 0.000414025 0.0145022
vt 0.000414025 0.0145022
vt 0 0.0162871
vt 0.000414025 0.0153771
vt 0.000414025 0.0153771
vt 0 0.0162871
vt 0.000414025 0.0162871
vt 0.000414025 0.0162871
vt 0 0.0162871
vt 0.000414025 0.0171973
vt 0.000414025 0.0171973
vt 0 0.0162871
vt 0.000414025 0.0180722
vt 0.000414025 0.0180722
vt 0 0.0162871
vt 0.000414025 0.0188788
vt 0.000414025 0.0188788
vt 0 0.0162871
vt 0.000414025 0.0195858
vt 0.919235 0.0920204
vt 0.919235 0.0941909
vt 0.919235 0.103298
vt 0.919235 0.10097
vt 0.919235 0.0920204
vt 0.919235 0.10097
vt 0.919235 0.0913484
vt 0.919235 0.0869206
vt 0.919235 0.0808774
vt 0.919235 0.0869206
vt 0.919235 0.0913484
vt 0.919235 0.0849714
vt 0.919235 0.0771433
vt 0.919235 0.0849714
vt 0.919235 0.0795125
vt 0.919235 0.0696161
vt 0.905295 0.0750174
vt 0.919235 0.0771433
vt 0.919235 0.0696161
vt 0.905295 0.0672166
vt 0.905295 0.0672166
vt 0.919235 0.0696161
vt 0.919235 0.0631023
vt 0.905295 0.0600273
vt 0.291159 0.358074
vt 0.281887 0.360379
vt 0.238108 0.338211
vt 0.238463 0.336578
vt 0.238463 0.336578
vt 0.238463 0.336578
vt 0.0485401 0.257792
vt 0.0502645 0.258161
vt 0.491667 0.312222
vt 0.238463 0.283019
vt 0.238463 0.256877
vt 0.491667 0.283384
vt 0.491667 0.283384
vt 0.238463 0.256877
vt 0.238463 0.227053
vt 0.491667 0.250483
vt 0.491667 0.250483
vt 0.238463 0.227053
vt 0.238463 0.194692
vt 0.491667 0.214782
vt 0.491667 0.214782
vt 0.238463 0.194692
vt 0.238463 0.161037
vt 0.491667 0.177654
vt 0.491667 0.177654
vt 0.238463 0.161037
vt 0.238463 0.127382
vt 0.491667 0.140527
vt 0.491667 0.140527
vt 0.238463 0.127382
vt 0.238463 0.0950211
vt 0.491667 0.104826
vt 0.491667 0.104826
vt 0.238463 0.0950211
vt 0.238463 0.0651968
vt 0.491667 0.0719249
vt 0.491667 0.0719249
vt 0.238463 0.0651968
vt 0.238463 0.0390552
vt 0.491667 0.0430851
vt 0.491667 0.0430851
vt 0.238463 0.0390552
vt 0.238463 0.0176019
vt 0.491667 0.0194177
vt 0.491667 0.0194177
vt 0.238463 0.0176019
vt 0.238463 0.00688495
vt 0.491667 0.00759532
vt 0.491667 0.00759532
vt 0.238463 0.00688495
vt 0.238463 0.000618985
vt 0.491667 0.000683523
vt 0.491667 0.000683523
vt 0.238463 0.000618985
vt 0.238463 0
vt 0.491667 0
vt 0.491667 0
vt 0.238463 0
vt 0.238463 0.000618985
vt 0.491667 0.000683523
vt 0.491667 0.000683523
vt 0.238463 0.000618985
vt 0.238463 0.00166064
vt 0.491667 0.00183171
vt 0.491667 0.00183171
vt 0.238463 0.00166064
vt 0.238463 0.00195169
vt 0.491667 0.00376745
vt 0.491667 0.00376745
vt 0.238463 0.00195169
vt 0.238463 0.00211606
vt 0.491667 0.00684386
vt 0.238463 0.333546
vt 0.238463 0.330231
vt 0.3058 0.355613
vt 0.3058 0.355613
vt 0.238463 0.330231
vt 0.238463 0.320415
vt 0.313469 0.353669
vt 0.313469 0.353669
vt 0.238463 0.320415
vt 0.238463 0.304473
vt 0.491667 0.33589
vt 0.238463 0.283019
vt 0.491667 0.312222
vt 0.491667 0.33589
vt 0.238463 0.304473
vt 0.491667 0.33589
vt 0.491667 0.312222
vt 0.92355 0.300641
vt 0.491667 0.000683523
vt 0.491667 0
vt 1 0.0152636
vt 0.491667 0.00759532
vt 0.491667 0.000683523
vt 1 0.0152636
vt 1 0.0171666
vt 0.491667 0.0194177
vt 0.491667 0.00759532
vt 1 0.0171666
vt 1 0.0228027
vt 0.491667 0.0430851
vt 0.491667 0.0194177
vt 1 0.0228027
vt 1 0.0319547
vt 0.491667 0.0719249
vt 0.491667 0.0430851
vt 1 0.0319547
vt 1 0.0442727
vt 0.491667 0.104826
vt 0.491667 0.0719249
vt 1 0.0442727
vt 1 0.0981537
vt 0.491667 0.140527
vt 0.491667 0.104826
vt 1 0.0981537
vt 1 0.128571
vt 0.491667 0.177654
vt 0.491667 0.140527
vt 1 0.128571
vt 1 0.161576
vt 0.491667 0.214782
vt 0.491667 0.177654
vt 1 0.161576
vt 1 0.195899
vt 0.491667 0.250483
vt 0.491667 0.214782
vt 1 0.195899
vt 1 0.242263
vt 0.491667 0.283384
vt 0.491667 0.250483
vt 1 0.242263
vt 1 0.280761
vt 0.491667 0.312222
vt 0.491667 0.283384
vt 1 0.280761
vt 0.92355 0.300641
vt 0.695464 0.151615
vt 0.695464 0.229555
vt 0.695464 0.212852
vt 0.695464 0.151615
vt 0.695464 0.212852
vt 0.695464 0.193796
vt 0.695464 0.151615
vt 0.695464 0.193796
vt 0.695464 0.173119
vt 0.695464 0.151615
vt 0.695464 0.173119
vt 0.695464 0.151615
vt 0.695464 0.151615
vt 0.695464 0.151615
vt 0.695464 0.130112
vt 0.695464 0.151615
vt 0.695464 0.130112
vt 0.695464 0.109434
vt 0.695464 0.151615
vt 0.695464 0.109434
vt 0.695464 0.0903781
vt 0.695464 0.151615
vt 0.695464 0.0903781
vt 0.695464 0.0736752
vt 0.695464 0.151615
vt 0.695464 0.0736752
vt 0.695464 0.0599674
vt 0.695464 0.151615
vt 0.695464 0.0599674
vt 0.695464 0.0497814
vt 0.695464 0.151615
vt 0.695464 0.0497814
vt 0.695464 0.0491163
vt 0.695464 0.151615
vt 0.695464 0.0491163
vt 0.695464 0.0487204
vt 0.695464 0.151615
vt 0.695464 0.0487204
vt 0.695464 0.0491163
vt 0.695464 0.151615
vt 0.695464 0.0491163
vt 0.695464 0.0497814
vt 0.695464 0.151615
vt 0.695464 0.0497814
vt 0.695464 0.0599674
vt 0.695464 0.151615
vt 0.695464 0.259721
vt 0.695464 0.26184
vt 0.695464 0.151615
vt 0.695464 0.26184
vt 0.695464 0.259721
vt 0.695464 0.151615
vt 0.695464 0.259721
vt 0.695464 0.253449
vt 0.695464 0.151615
vt 0.695464 0.253449
vt 0.695464 0.243263
vt 0.695464 0.243263
vt 0.695464 0.229555
vt 0.695464 0.151615
vt 0.238463 0.283019
vt 0.238463 0.304473
vt 0.0645652 0.238764
vt 0.0645652 0.224803
vt 0.238463 0.304473
vt 0.238463 0.320415
vt 0.0645652 0.249137
vt 0.0645652 0.238764
vt 0.238463 0.320415
vt 0.238463 0.330231
vt 0.0628492 0.255525
vt 0.0645652 0.249137
vt 0.238463 0.330231
vt 0.238463 0.333546
vt 0.0555793 0.258161
vt 0.0628492 0.255525
vt 0.238463 0.333546
vt 0.238463 0.336578
vt 0.0502645 0.258161
vt 0.0555793 0.258245
vt 0.0555793 0.258161
vt 0.238463 0.00211606
vt 0.238463 0.00195169
vt 0.0502645 0.0520937
vt 0.0502645 0.0267597
vt 0.238463 0.00195169
vt 0.238463 0.00166064
vt 0.0502645 0.0417206
vt 0.0502645 0.0520937
vt 0.238463 0.00166064
vt 0.238463 0.000618985
vt 0.0502645 0.0410429
vt 0.0502645 0.0417206
vt 0.238463 0.000618985
vt 0.238463 0
vt 0.0559844 0.0406395
vt 0.0502645 0.0410429
vt 0.238463 0
vt 0.238463 0.000618985
vt 0.0628492 0.0410429
vt 0.0559844 0.0406395
vt 0.238463 0.000618985
vt 0.238463 0.00688495
vt 0.0645652 0.0417206
vt 0.0628492 0.0410429
vt 0.238463 0.00688495
vt 0.238463 0.0176019
vt 0.0645652 0.0520937
vt 0.0645652 0.0417206
vt 0.238463 0.0176019
vt 0.238463 0.0390552
vt 0.0645652 0.0660539
vt 0.0645652 0.0520937
vt 0.238463 0.0390552
vt 0.238463 0.0651968
vt 0.0645652 0.0830645
vt 0.0645652 0.0660539
vt 0.238463 0.0651968
vt 0.238463 0.0950211
vt 0.0645652 0.102471
vt 0.0645652 0.0830645
vt 0.238463 0.0950211
vt 0.238463 0.127382
vt 0.0645652 0.123529
vt 0.0645652 0.102471
vt 0.238463 0.127382
vt 0.238463 0.161037
vt 0.0645652 0.145429
vt 0.0645652 0.123529
vt 0.238463 0.161037
vt 0.238463 0.194692
vt 0.0645652 0.167328
vt 0.0645652 0.145429
vt 0.238463 0.194692
vt 0.238463 0.227053
vt 0.0645652 0.188386
vt 0.0645652 0.167328
vt 0.238463 0.227053
vt 0.238463 0.256877
vt 0.0645652 0.207793
vt 0.0645652 0.188386
vt 0.238463 0.256877
vt 0.238463 0.283019
vt 0.0645652 0.224803
vt 0.0645652 0.207793
vt 0.0645652 0.207793
vt 0.0645652 0.224803
vt 0.0420946 0.216625
vt 0.0420946 0.201707
vt 0.0645652 0.188386
vt 0.0645652 0.207793
vt 0.0420946 0.201707
vt 0.0420946 0.184686
vt 0.0645652 0.167328
vt 0.0645652 0.188386
vt 0.0420946 0.184686
vt 0.0420946 0.166218
vt 0.0645652 0.145429
vt 0.0645652 0.167328
vt 0.0420946 0.166218
vt 0.0420946 0.147011
vt 0.0645652 0.123529
vt 0.0645652 0.145429
vt 0.0420946 0.147011
vt 0.0420946 0.127804
vt 0.0645652 0.102471
vt 0.0645652 0.123529
vt 0.0420946 0.127804
vt 0.0420946 0.109336
vt 0.0645652 0.0830645
vt 0.0645652 0.102471
vt 0.0420946 0.109336
vt 0.0420946 0.0923155
vt 0.0645652 0.0660539
vt 0.0645652 0.0830645
vt 0.0420946 0.0923155
vt 0.0420946 0.0773966
vt 0.0645652 0.0520937
vt 0.0645652 0.0660539
vt 0.0420946 0.0773966
vt 0.0420946 0.0651531
vt 0.0645652 0.0417206
vt 0.0645652 0.0520937
vt 0.0420946 0.0651531
vt 0.0420946 0.0560557
vt 0.0628492 0.0410429
vt 0.0645652 0.0417206
vt 0.0420946 0.0560557
vt 0.0403787 0.0554619
vt 0.0559844 0.0406395
vt 0.0628492 0.0410429
vt 0.0403787 0.0554619
vt 0.0335138 0.055077
vt 0.0502645 0.0410429
vt 0.0559844 0.0406395
vt 0.0335138 0.055077
vt 0.027793 0.0554619
vt 0.0502645 0.0417206
vt 0.0502645 0.0410429
vt 0.027793 0.0554619
vt 0.027793 0.0561077
vt 0.0502645 0.0520937
vt 0.0502645 0.0417206
vt 0.027793 0.0561077
vt 0.027793 0.0660053
vt 0.0628492 0.255525
vt 0.0555793 0.258161
vt 0.0316989 0.245387
vt 0.0403787 0.243569
vt 0.0645652 0.249137
vt 0.0628492 0.255525
vt 0.0403787 0.243569
vt 0.0420946 0.237967
vt 0.0645652 0.238764
vt 0.0645652 0.249137
vt 0.0420946 0.237967
vt 0.0420946 0.228869
vt 0.0645652 0.224803
vt 0.0645652 0.238764
vt 0.0420946 0.228869
vt 0.0420946 0.216625
vt 0.0420946 0.216625
vt 0.0420946 0.228869
vt 0.023498 0.220746
vt 0.023498 0.209513
vt 0.0420946 0.228869
vt 0.0420946 0.237967
vt 0.023498 0.229093
vt 0.023498 0.220746
vt 0.0420946 0.237967
vt 0.0403787 0.243569
vt 0.020066 0.234233
vt 0.023498 0.229093
vt 0.0403787 0.243569
vt 0.0316989 0.245387
vt 0.0149172 0.235969
vt 0.020066 0.234233
vt 0.0335138 0.055077
vt 0.0403787 0.0554619
vt 0.020066 0.0616499
vt 0.0149172 0.0613253
vt 0.0403787 0.0554619
vt 0.0420946 0.0560557
vt 0.023498 0.062195
vt 0.020066 0.0616499
vt 0.0420946 0.0560557
vt 0.0420946 0.0651531
vt 0.023498 0.0705418
vt 0.023498 0.062195
vt 0.0420946 0.0651531
vt 0.0420946 0.0773966
vt 0.023498 0.0817755
vt 0.023498 0.0705418
vt 0.0420946 0.0773966
vt 0.0420946 0.0923155
vt 0.023498 0.0954623
vt 0.023498 0.0817755
vt 0.0420946 0.0923155
vt 0.0420946 0.109336
vt 0.023498 0.111078
vt 0.023498 0.0954623
vt 0.0420946 0.109336
vt 0.0420946 0.127804
vt 0.023498 0.128023
vt 0.023498 0.111078
vt 0.0420946 0.127804
vt 0.0420946 0.147011
vt 0.023498 0.145644
vt 0.023498 0.128023
vt 0.0420946 0.147011
vt 0.0420946 0.166218
vt 0.023498 0.163266
vt 0.023498 0.145644
vt 0.0420946 0.166218
vt 0.0420946 0.184686
vt 0.023498 0.180209
vt 0.023498 0.163266
vt 0.0420946 0.184686
vt 0.0420946 0.201707
vt 0.023498 0.195826
vt 0.023498 0.180209
vt 0.0420946 0.201707
vt 0.0420946 0.216625
vt 0.023498 0.209513
vt 0.023498 0.195826
vt 0.023498 0.195826
vt 0.023498 0.209513
vt 0.0111003 0.205327
vt 0.0111003 0.192542
vt 0.023498 0.180209
vt 0.023498 0.195826
vt 0.0111003 0.192542
vt 0.0111003 0.177957
vt 0.023498 0.163266
vt 0.023498 0.180209
vt 0.0111003 0.177957
vt 0.0111003 0.162132
vt 0.023498 0.145644
vt 0.023498 0.163266
vt 0.0111003 0.162132
vt 0.0111003 0.145674
vt 0.023498 0.128023
vt 0.023498 0.145644
vt 0.0111003 0.145674
vt 0.0111003 0.129215
vt 0.023498 0.111078
vt 0.023498 0.128023
vt 0.0111003 0.129215
vt 0.0111003 0.11339
vt 0.023498 0.0954623
vt 0.023498 0.111078
vt 0.0111003 0.11339
vt 0.0111003 0.0988045
vt 0.023498 0.0817755
vt 0.023498 0.0954623
vt 0.0111003 0.0988045
vt 0.0111003 0.086021
vt 0.023498 0.0705418
vt 0.023498 0.0817755
vt 0.0111003 0.086021
vt 0.0111003 0.0755296
vt 0.023498 0.062195
vt 0.023498 0.0705418
vt 0.0111003 0.0755296
vt 0.00938431 0.067733
vt 0.020066 0.0616499
vt 0.023498 0.062195
vt 0.00938431 0.067733
vt 0.00766828 0.0672239
vt 0.0149172 0.0613253
vt 0.020066 0.0616499
vt 0.00766828 0.0672239
vt 0.00460705 0.0669211
vt 0.020066 0.234233
vt 0.0149172 0.235969
vt 0.00251948 0.230036
vt 0.00766828 0.228415
vt 0.023498 0.229093
vt 0.020066 0.234233
vt 0.00766828 0.228415
vt 0.00938431 0.223614
vt 0.023498 0.220746
vt 0.023498 0.229093
vt 0.00938431 0.223614
vt 0.0111003 0.215819
vt 0.023498 0.209513
vt 0.023498 0.220746
vt 0.0111003 0.215819
vt 0.0111003 0.205327
vt 0.0111003 0.205327
vt 0.0111003 0.215819
vt 0.00867894 0.21318
vt 0.00867894 0.203086
vt 0.0111003 0.215819
vt 0.00938431 0.223614
vt 0.00696296 0.220681
vt 0.00867894 0.21318
vt 0.00938431 0.223614
vt 0.00766828 0.228415
vt 0.00524698 0.225301
vt 0.00696296 0.220681
vt 0.00766828 0.228415
vt 0.00251948 0.230036
vt 9.81318e-005 0.22686
vt 0.00524698 0.225301
vt 0.00460705 0.0669211
vt 0.00766828 0.0672239
vt 0.00524698 0.0702089
vt 0.00218569 0.0699178
vt 0.00766828 0.0672239
vt 0.00938431 0.067733
vt 0.00696296 0.0706995
vt 0.00524698 0.0702089
vt 0.00938431 0.067733
vt 0.0111003 0.0755296
vt 0.00867894 0.0782
vt 0.00696296 0.0706995
vt 0.0111003 0.0755296
vt 0.0111003 0.086021
vt 0.00867894 0.0882947
vt 0.00867894 0.0782
vt 0.0111003 0.086021
vt 0.0111003 0.0988045
vt 0.00867894 0.100594
vt 0.00867894 0.0882947
vt 0.0111003 0.0988045
vt 0.0111003 0.11339
vt 0.00867894 0.114628
vt 0.00867894 0.100594
vt 0.0111003 0.11339
vt 0.0111003 0.129215
vt 0.00867894 0.129854
vt 0.00867894 0.114628
vt 0.0111003 0.129215
vt 0.0111003 0.145674
vt 0.00867894 0.14569
vt 0.00867894 0.129854
vt 0.0111003 0.145674
vt 0.0111003 0.162132
vt 0.00867894 0.161525
vt 0.00867894 0.14569
vt 0.0111003 0.162132
vt 0.0111003 0.177957
vt 0.00867894 0.176752
vt 0.00867894 0.161525
vt 0.0111003 0.177957
vt 0.0111003 0.192542
vt 0.00867894 0.190785
vt 0.00867894 0.176752
vt 0.0111003 0.192542
vt 0.0111003 0.205327
vt 0.00867894 0.203086
vt 0.00867894 0.190785
vt 0.00867894 0.190785
vt 0.00867894 0.203086
vt 0.00867894 0.200981
vt 0.00867894 0.189135
vt 0.00867894 0.176752
vt 0.00867894 0.190785
vt 0.00867894 0.189135
vt 0.00867894 0.17562
vt 0.00867894 0.161525
vt 0.00867894 0.176752
vt 0.00867894 0.17562
vt 0.00867894 0.160956
vt 0.00867894 0.14569
vt 0.00867894 0.161525
vt 0.00867894 0.160956
vt 0.00867894 0.145705
vt 0.00867894 0.129854
vt 0.00867894 0.14569
vt 0.00867894 0.145705
vt 0.00867894 0.130455
vt 0.00867894 0.114628
vt 0.00867894 0.129854
vt 0.00867894 0.130455
vt 0.00867894 0.115791
vt 0.00867894 0.100594
vt 0.00867894 0.114628
vt 0.00867894 0.115791
vt 0.00867894 0.102276
vt 0.00867894 0.0882947
vt 0.00867894 0.100594
vt 0.00867894 0.102276
vt 0.00867894 0.0904301
vt 0.00867894 0.0782
vt 0.00867894 0.0882947
vt 0.00867894 0.0904301
vt 0.00867894 0.0807078
vt 0.00696296 0.0706995
vt 0.00867894 0.0782
vt 0.00867894 0.0807078
vt 0.00696296 0.073484
vt 0.00524698 0.0702089
vt 0.00696296 0.0706995
vt 0.00696296 0.073484
vt 0.00524698 0.0730127
vt 0.00218569 0.0699178
vt 0.00524698 0.0702089
vt 0.00524698 0.0730127
vt 0.00218569 0.0727317
vt 0.00524698 0.225301
vt 9.81318e-005 0.22686
vt 9.81318e-005 0.223876
vt 0.00524698 0.222374
vt 0.00696296 0.220681
vt 0.00524698 0.225301
vt 0.00524698 0.222374
vt 0.00696296 0.217927
vt 0.00867894 0.21318
vt 0.00696296 0.220681
vt 0.00696296 0.217927
vt 0.00867894 0.210703
vt 0.00867894 0.203086
vt 0.00867894 0.21318
vt 0.00867894 0.210703
vt 0.00867894 0.200981
vt 0.00867894 0.200981
vt 0.00867894 0.210703
vt 0.0143016 0.208596
vt 0.0143016 0.199191
vt 0.00867894 0.210703
vt 0.00696296 0.217927
vt 0.0125856 0.215584
vt 0.0143016 0.208596
vt 0.00696296 0.217927
vt 0.00524698 0.222374
vt 0.0108696 0.219888
vt 0.0125856 0.215584
vt 0.00524698 0.222374
vt 9.81318e-005 0.223876
vt 0.00572084 0.22134
vt 0.0108696 0.219888
vt 0.00218569 0.0727317
vt 0.00524698 0.0730127
vt 0.0108696 0.0753963
vt 0.00780835 0.0751245
vt 0.00524698 0.0730127
vt 0.00696296 0.073484
vt 0.0125856 0.0758525
vt 0.0108696 0.0753963
vt 0.00696296 0.073484
vt 0.00867894 0.0807078
vt 0.0143016 0.0828406
vt 0.0125856 0.0758525
vt 0.00867894 0.0807078
vt 0.00867894 0.0904301
vt 0.0143016 0.092245
vt 0.0143016 0.0828406
vt 0.00867894 0.0904301
vt 0.00867894 0.102276
vt 0.0143016 0.103705
vt 0.0143016 0.092245
vt 0.00867894 0.102276
vt 0.00867894 0.115791
vt 0.0143016 0.116779
vt 0.0143016 0.103705
vt 0.00867894 0.115791
vt 0.00867894 0.130455
vt 0.0143016 0.130965
vt 0.0143016 0.116779
vt 0.00867894 0.130455
vt 0.00867894 0.145705
vt 0.0143016 0.145718
vt 0.0143016 0.130965
vt 0.00867894 0.145705
vt 0.00867894 0.160956
vt 0.0143016 0.160471
vt 0.0143016 0.145718
vt 0.00867894 0.160956
vt 0.00867894 0.17562
vt 0.0143016 0.174658
vt 0.0143016 0.160471
vt 0.00867894 0.17562
vt 0.00867894 0.189135
vt 0.0143016 0.187732
vt 0.0143016 0.174658
vt 0.00867894 0.189135
vt 0.00867894 0.200981
vt 0.0143016 0.199191
vt 0.0143016 0.187732
vt 0.0143016 0.116779
vt 0.0143016 0.130965
vt 0.521895 0.125965
vt 0.521895 0.099764
vt 0.0143016 0.103705
vt 0.0143016 0.116779
vt 0.521895 0.099764
vt 0.521895 0.0756169
vt 0.0143016 0.092245
vt 0.0143016 0.103705
vt 0.521895 0.0756169
vt 0.521895 0.0544521
vt 0.0143016 0.0828406
vt 0.0143016 0.092245
vt 0.521895 0.0544521
vt 0.521895 0.0370825
vt 0.0125856 0.0758525
vt 0.0143016 0.0828406
vt 0.521895 0.0370825
vt 0.521895 0.0241757
vt 0.0108696 0.0753963
vt 0.0125856 0.0758525
vt 0.521895 0.0241757
vt 0.521895 0.0233328
vt 0.00780835 0.0751245
vt 0.0108696 0.0753963
vt 0.521895 0.0233328
vt 0.521895 0.0228312
vt 0.00572084 0.22134
vt 0 0.219888
vt 0.521895 0.2902
vt 0.521895 0.292884
vt 0.0108696 0.219888
vt 0.00572084 0.22134
vt 0.521895 0.292884
vt 0.521895 0.290201
vt 0.0125856 0.215584
vt 0.0108696 0.219888
vt 0.521895 0.290201
vt 0.521895 0.282253
vt 0.0143016 0.208596
vt 0.0125856 0.215584
vt 0.521895 0.282253
vt 0.521895 0.269346
vt 0.0143016 0.199191
vt 0.0143016 0.208596
vt 0.521895 0.269346
vt 0.521895 0.251976
vt 0.521895 0.153214
vt 0.521895 0.230811
vt 0.521895 0.251976
vt 0.521895 0.153214
vt 0.521895 0.206664
vt 0.521895 0.230811
vt 0.521895 0.153214
vt 0.521895 0.180463
vt 0.521895 0.206664
vt 0.521895 0.153214
vt 0.521895 0.153214
vt 0.521895 0.180463
vt 0.521895 0.153214
vt 0.521895 0.125965
vt 0.521895 0.153214
vt 0.521895 0.153214
vt 0.521895 0.099764
vt 0.521895 0.125965
vt 0.521895 0.153214
vt 0.521895 0.0756169
vt 0.521895 0.099764
vt 0.521895 0.153214
vt 0.521895 0.0544521
vt 0.521895 0.0756169
vt 0.521895 0.153214
vt 0.521895 0.0370825
vt 0.521895 0.0544521
vt 0.521895 0.153214
vt 0.521895 0.0241757
vt 0.521895 0.0370825
vt 0.521895 0.153214
vt 0.521895 0.0233328
vt 0.521895 0.0241757
vt 0.521895 0.153214
vt 0.521895 0.0228312
vt 0.521895 0.0233328
vt 0.521895 0.153214
vt 0.521895 0.292884
vt 0.521895 0.2902
vt 0.521895 0.153214
vt 0.521895 0.290201
vt 0.521895 0.292884
vt 0.521895 0.153214
vt 0.521895 0.282253
vt 0.521895 0.290201
vt 0.521895 0.153214
vt 0.521895 0.269346
vt 0.521895 0.282253
vt 0.521895 0.153214
vt 0.521895 0.251976
vt 0.521895 0.269346
vt 0.238463 0.336578
vt 0.238108 0.338211
vt 0.0485401 0.257792
vt 0.0502645 0.258161
vt 1 0.0152636
vt 0.491667 0
vt 0.491667 0.000683523
vt 1 0.0152636
vt 0.491667 0.000683523
vt 0.491667 0.00183171
vt 1 0.0152636
vt 0.491667 0.00183171
vt 0.491667 0.00376745
vt 1 0.0152636
vt 0.491667 0.00376745
vt 0.491667 0.00684386
vt 0.281887 0.360379
vt 0.291159 0.358074
vt 0.3058 0.355613
vt 0.238108 0.338211
vt 0.238463 0.336578
vt 0.3058 0.355613
vt 0.281887 0.360379
vt 0.3058 0.355613
vt 0.238463 0.336578
vt 0.238463 0.333546
vt 0.0485401 0.257792
vt 0.0308736 0.240094
vt 0.0325988 0.240463
vt 0.0502645 0.258161
vt 0.0502645 0.258161
vt 0.0325988 0.240463
vt 0.0336715 0.240547
vt 0.0555793 0.258245
vt 0.0325988 0.240463
vt 0.0336715 0.240547
vt 0.0336715 0.240547
vt 0.0325988 0.240463
vt 0.0140483 0.209
vt 0.0151219 0.209084
vt 0.0336715 0.240547
vt 0.0308736 0.240094
vt 0.012324 0.208631
vt 0.0140483 0.209
vt 0.0325988 0.240463
vt 0.012324 0.208631
vt 0.00492824 0.170778
vt 0.00665347 0.171147
vt 0.0140483 0.209
vt 0.0140483 0.209
vt 0.00665347 0.171147
vt 0.00772617 0.171231
vt 0.0151219 0.209084
vt 0.00492824 0.170778
vt 0.0091394 0.113794
vt 0.0108638 0.114162
vt 0.00665347 0.171147
vt 0.00665347 0.171147
vt 0.0108638 0.114162
vt 0.0119365 0.114246
vt 0.00772617 0.171231
vt 0.0091394 0.113794
vt 0.027793 0.0561077
vt 0.027793 0.0554619
vt 0.0108638 0.114162
vt 0.0108638 0.114162
vt 0.027793 0.0554619
vt 0.0335138 0.055077
vt 0.0119365 0.114246
vt 0.0091394 0.113794
vt 0.027793 0.0660053
vt 0.027793 0.0561077
vt 0.238463 0.336578
vt 0.238108 0.338211
vt 0.281887 0.360379
vt 0.291159 0.358074
vt 0.0502645 0.258161
vt 0.0485401 0.257792
vt 0.238463 0.336578
vt 0.238463 0.336578
vt 0.491667 0.283384
vt 0.238463 0.256877
vt 0.238463 0.283019
vt 0.491667 0.312222
vt 0.491667 0.250483
vt 0.238463 0.227053
vt 0.238463 0.256877
vt 0.491667 0.283384
vt 0.491667 0.214782
vt 0.238463 0.194692
vt 0.238463 0.227053
vt 0.491667 0.250483
vt 0.491667 0.177654
vt 0.238463 0.161037
vt 0.238463 0.194692
vt 0.491667 0.214782
vt 0.491667 0.140527
vt 0.238463 0.127382
vt 0.238463 0.161037
vt 0.491667 0.177654
vt 0.491667 0.104826
vt 0.238463 0.0950211
vt 0.238463 0.127382
vt 0.491667 0.140527
vt 0.491667 0.0719249
vt 0.238463 0.0651968
vt 0.238463 0.0950211
vt 0.491667 0.104826
vt 0.491667 0.0430851
vt 0.238463 0.0390552
vt 0.238463 0.0651968
vt 0.491667 0.0719249
vt 0.491667 0.0194177
vt 0.238463 0.0176019
vt 0.238463 0.0390552
vt 0.491667 0.0430851
vt 0.491667 0.00759532
vt 0.238463 0.00688495
vt 0.238463 0.0176019
vt 0.491667 0.0194177
vt 0.491667 0.000683523
vt 0.238463 0.000618985
vt 0.238463 0.00688495
vt 0.491667 0.00759532
vt 0.491667 0
vt 0.238463 0
vt 0.238463 0.000618985
vt 0.491667 0.000683523
vt 0.491667 0.000683523
vt 0.238463 0.000618985
vt 0.238463 0
vt 0.491667 0
vt 0.491667 0.00183171
vt 0.238463 0.00166064
vt 0.238463 0.000618985
vt 0.491667 0.000683523
vt 0.491667 0.00376745
vt 0.238463 0.00195169
vt 0.238463 0.00166064
vt 0.491667 0.00183171
vt 0.491667 0.00684386
vt 0.238463 0.00211606
vt 0.238463 0.00195169
vt 0.491667 0.00376745
vt 0.3058 0.355613
vt 0.238463 0.330231
vt 0.238463 0.333546
vt 0.313469 0.353669
vt 0.238463 0.320415
vt 0.238463 0.330231
vt 0.3058 0.355613
vt 0.491667 0.33589
vt 0.238463 0.304473
vt 0.238463 0.320415
vt 0.313469 0.353669
vt 0.238463 0.304473
vt 0.491667 0.33589
vt 0.491667 0.312222
vt 0.238463 0.283019
vt 0.92355 0.300641
vt 0.491667 0.312222
vt 0.491667 0.33589
vt 1 0.0152636
vt 0.491667 0
vt 0.491667 0.000683523
vt 1 0.0171666
vt 1 0.0152636
vt 0.491667 0.000683523
vt 0.491667 0.00759532
vt 1 0.0228027
vt 1 0.0171666
vt 0.491667 0.00759532
vt 0.491667 0.0194177
vt 1 0.0319547
vt 1 0.0228027
vt 0.491667 0.0194177
vt 0.491667 0.0430851
vt 1 0.0442727
vt 1 0.0319547
vt 0.491667 0.0430851
vt 0.491667 0.0719249
vt 1 0.0981537
vt 1 0.0442727
vt 0.491667 0.0719249
vt 0.491667 0.104826
vt 1 0.128571
vt 1 0.0981537
vt 0.491667 0.104826
vt 0.491667 0.140527
vt 1 0.161576
vt 1 0.128571
vt 0.491667 0.140527
vt 0.491667 0.177654
vt 1 0.195899
vt 1 0.161576
vt 0.491667 0.177654
vt 0.491667 0.214782
vt 1 0.242263
vt 1 0.195899
vt 0.491667 0.214782
vt 0.491667 0.250483
vt 1 0.280761
vt 1 0.242263
vt 0.491667 0.250483
vt 0.491667 0.283384
vt 0.92355 0.300641
vt 1 0.280761
vt 0.491667 0.283384
vt 0.491667 0.312222
vt 0.695464 0.212852
vt 0.695464 0.229555
vt 0.695464 0.151615
vt 0.695464 0.193796
vt 0.695464 0.212852
vt 0.695464 0.151615
vt 0.695464 0.173119
vt 0.695464 0.193796
vt 0.695464 0.151615
vt 0.695464 0.151615
vt 0.695464 0.173119
vt 0.695464 0.151615
vt 0.695464 0.130112
vt 0.695464 0.151615
vt 0.695464 0.151615
vt 0.695464 0.109434
vt 0.695464 0.130112
vt 0.695464 0.151615
vt 0.695464 0.0903781
vt 0.695464 0.109434
vt 0.695464 0.151615
vt 0.695464 0.0736752
vt 0.695464 0.0903781
vt 0.695464 0.151615
vt 0.695464 0.0599674
vt 0.695464 0.0736752
vt 0.695464 0.151615
vt 0.695464 0.0497814
vt 0.695464 0.0599674
vt 0.695464 0.151615
vt 0.695464 0.0491163
vt 0.695464 0.0497814
vt 0.695464 0.151615
vt 0.695464 0.0487204
vt 0.695464 0.0491163
vt 0.695464 0.151615
vt 0.695464 0.0491163
vt 0.695464 0.0487204
vt 0.695464 0.151615
vt 0.695464 0.0497814
vt 0.695464 0.0491163
vt 0.695464 0.151615
vt 0.695464 0.0599674
vt 0.695464 0.0497814
vt 0.695464 0.151615
vt 0.695464 0.26184
vt 0.695464 0.259721
vt 0.695464 0.151615
vt 0.695464 0.259721
vt 0.695464 0.26184
vt 0.695464 0.151615
vt 0.695464 0.253449
vt 0.695464 0.259721
vt 0.695464 0.151615
vt 0.695464 0.243263
vt 0.695464 0.253449
vt 0.695464 0.151615
vt 0.695464 0.151615
vt 0.695464 0.229555
vt 0.695464 0.243263
vt 0.0645652 0.224803
vt 0.0645652 0.238764
vt 0.238463 0.304473
vt 0.238463 0.283019
vt 0.0645652 0.238764
vt 0.0645652 0.249137
vt 0.238463 0.320415
vt 0.238463 0.304473
vt 0.0645652 0.249137
vt 0.0628492 0.255525
vt 0.238463 0.330231
vt 0.238463 0.320415
vt 0.0628492 0.255525
vt 0.0555793 0.258161
vt 0.238463 0.333546
vt 0.238463 0.330231
vt 0.0555793 0.258161
vt 0.0555793 0.258245
vt 0.0502645 0.258161
vt 0.238463 0.336578
vt 0.238463 0.333546
vt 0.0502645 0.0267597
vt 0.0502645 0.0520937
vt 0.238463 0.00195169
vt 0.238463 0.00211606
vt 0.0502645 0.0520937
vt 0.0502645 0.0417206
vt 0.238463 0.00166064
vt 0.238463 0.00195169
vt 0.0502645 0.0417206
vt 0.0502645 0.0410429
vt 0.238463 0.000618985
vt 0.238463 0.00166064
vt 0.0502645 0.0410429
vt 0.0559844 0.0406395
vt 0.238463 0
vt 0.238463 0.000618985
vt 0.0559844 0.0406395
vt 0.0628492 0.0410429
vt 0.238463 0.000618985
vt 0.238463 0
vt 0.0628492 0.0410429
vt 0.0645652 0.0417206
vt 0.238463 0.00688495
vt 0.238463 0.000618985
vt 0.0645652 0.0417206
vt 0.0645652 0.0520937
vt 0.238463 0.0176019
vt 0.238463 0.00688495
vt 0.0645652 0.0520937
vt 0.0645652 0.0660539
vt 0.238463 0.0390552
vt 0.238463 0.0176019
vt 0.0645652 0.0660539
vt 0.0645652 0.0830645
vt 0.238463 0.0651968
vt 0.238463 0.0390552
vt 0.0645652 0.0830645
vt 0.0645652 0.102471
vt 0.238463 0.0950211
vt 0.238463 0.0651968
vt 0.0645652 0.102471
vt 0.0645652 0.123529
vt 0.238463 0.127382
vt 0.238463 0.0950211
vt 0.0645652 0.123529
vt 0.0645652 0.145429
vt 0.238463 0.161037
vt 0.238463 0.127382
vt 0.0645652 0.145429
vt 0.0645652 0.167328
vt 0.238463 0.194692
vt 0.238463 0.161037
vt 0.0645652 0.167328
vt 0.0645652 0.188386
vt 0.238463 0.227053
vt 0.238463 0.194692
vt 0.0645652 0.188386
vt 0.0645652 0.207793
vt 0.238463 0.256877
vt 0.238463 0.227053
vt 0.0645652 0.207793
vt 0.0645652 0.224803
vt 0.238463 0.283019
vt 0.238463 0.256877
vt 0.0420946 0.201707
vt 0.0420946 0.216625
vt 0.0645652 0.224803
vt 0.0645652 0.207793
vt 0.0420946 0.184686
vt 0.0420946 0.201707
vt 0.0645652 0.207793
vt 0.0645652 0.188386
vt 0.0420946 0.166218
vt 0.0420946 0.184686
vt 0.0645652 0.188386
vt 0.0645652 0.167328
vt 0.0420946 0.147011
vt 0.0420946 0.166218
vt 0.0645652 0.167328
vt 0.0645652 0.145429
vt 0.0420946 0.127804
vt 0.0420946 0.147011
vt 0.0645652 0.145429
vt 0.0645652 0.123529
vt 0.0420946 0.109336
vt 0.0420946 0.127804
vt 0.0645652 0.123529
vt 0.0645652 0.102471
vt 0.0420946 0.0923155
vt 0.0420946 0.109336
vt 0.0645652 0.102471
vt 0.0645652 0.0830645
vt 0.0420946 0.0773966
vt 0.0420946 0.0923155
vt 0.0645652 0.0830645
vt 0.0645652 0.0660539
vt 0.0420946 0.0651531
vt 0.0420946 0.0773966
vt 0.0645652 0.0660539
vt 0.0645652 0.0520937
vt 0.0420946 0.0560557
vt 0.0420946 0.0651531
vt 0.0645652 0.0520937
vt 0.0645652 0.0417206
vt 0.0403787 0.0554619
vt 0.0420946 0.0560557
vt 0.0645652 0.0417206
vt 0.0628492 0.0410429
vt 0.0335138 0.055077
vt 0.0403787 0.0554619
vt 0.0628492 0.0410429
vt 0.0559844 0.0406395
vt 0.027793 0.0554619
vt 0.0335138 0.055077
vt 0.0559844 0.0406395
vt 0.0502645 0.0410429
vt 0.027793 0.0561077
vt 0.027793 0.0554619
vt 0.0502645 0.0410429
vt 0.0502645 0.0417206
vt 0.027793 0.0660053
vt 0.027793 0.0561077
vt 0.0502645 0.0417206
vt 0.0502645 0.0520937
vt 0.0403787 0.243569
vt 0.0316989 0.245387
vt 0.0555793 0.258161
vt 0.0628492 0.255525
vt 0.0420946 0.237967
vt 0.0403787 0.243569
vt 0.0628492 0.255525
vt 0.0645652 0.249137
vt 0.0420946 0.228869
vt 0.0420946 0.237967
vt 0.0645652 0.249137
vt 0.0645652 0.238764
vt 0.0420946 0.216625
vt 0.0420946 0.228869
vt 0.0645652 0.238764
vt 0.0645652 0.224803
vt 0.023498 0.209513
vt 0.023498 0.220746
vt 0.0420946 0.228869
vt 0.0420946 0.216625
vt 0.023498 0.220746
vt 0.023498 0.229093
vt 0.0420946 0.237967
vt 0.0420946 0.228869
vt 0.023498 0.229093
vt 0.020066 0.234233
vt 0.0403787 0.243569
vt 0.0420946 0.237967
vt 0.020066 0.234233
vt 0.0149172 0.235969
vt 0.0316989 0.245387
vt 0.0403787 0.243569
vt 0.0149172 0.0613253
vt 0.020066 0.0616499
vt 0.0403787 0.0554619
vt 0.0335138 0.055077
vt 0.020066 0.0616499
vt 0.023498 0.062195
vt 0.0420946 0.0560557
vt 0.0403787 0.0554619
vt 0.023498 0.062195
vt 0.023498 0.0705418
vt 0.0420946 0.0651531
vt 0.0420946 0.0560557
vt 0.023498 0.0705418
vt 0.023498 0.0817755
vt 0.0420946 0.0773966
vt 0.0420946 0.0651531
vt 0.023498 0.0817755
vt 0.023498 0.0954623
vt 0.0420946 0.0923155
vt 0.0420946 0.0773966
vt 0.023498 0.0954623
vt 0.023498 0.111078
vt 0.0420946 0.109336
vt 0.0420946 0.0923155
vt 0.023498 0.111078
vt 0.023498 0.128023
vt 0.0420946 0.127804
vt 0.0420946 0.109336
vt 0.023498 0.128023
vt 0.023498 0.145644
vt 0.0420946 0.147011
vt 0.0420946 0.127804
vt 0.023498 0.145644
vt 0.023498 0.163266
vt 0.0420946 0.166218
vt 0.0420946 0.147011
vt 0.023498 0.163266
vt 0.023498 0.180209
vt 0.0420946 0.184686
vt 0.0420946 0.166218
vt 0.023498 0.180209
vt 0.023498 0.195826
vt 0.0420946 0.201707
vt 0.0420946 0.184686
vt 0.023498 0.195826
vt 0.023498 0.209513
vt 0.0420946 0.216625
vt 0.0420946 0.201707
vt 0.0111003 0.192542
vt 0.0111003 0.205327
vt 0.023498 0.209513
vt 0.023498 0.195826
vt 0.0111003 0.177957
vt 0.0111003 0.192542
vt 0.023498 0.195826
vt 0.023498 0.180209
vt 0.0111003 0.162132
vt 0.0111003 0.177957
vt 0.023498 0.180209
vt 0.023498 0.163266
vt 0.0111003 0.145674
vt 0.0111003 0.162132
vt 0.023498 0.163266
vt 0.023498 0.145644
vt 0.0111003 0.129215
vt 0.0111003 0.145674
vt 0.023498 0.145644
vt 0.023498 0.128023
vt 0.0111003 0.11339
vt 0.0111003 0.129215
vt 0.023498 0.128023
vt 0.023498 0.111078
vt 0.0111003 0.0988045
vt 0.0111003 0.11339
vt 0.023498 0.111078
vt 0.023498 0.0954623
vt 0.0111003 0.086021
vt 0.0111003 0.0988045
vt 0.023498 0.0954623
vt 0.023498 0.0817755
vt 0.0111003 0.0755296
vt 0.0111003 0.086021
vt 0.023498 0.0817755
vt 0.023498 0.0705418
vt 0.00938431 0.067733
vt 0.0111003 0.0755296
vt 0.023498 0.0705418
vt 0.023498 0.062195
vt 0.00766828 0.0672239
vt 0.00938431 0.067733
vt 0.023498 0.062195
vt 0.020066 0.0616499
vt 0.00460705 0.0669211
vt 0.00766828 0.0672239
vt 0.020066 0.0616499
vt 0.0149172 0.0613253
vt 0.00766828 0.228415
vt 0.00251948 0.230036
vt 0.0149172 0.235969
vt 0.020066 0.234233
vt 0.00938431 0.223614
vt 0.00766828 0.228415
vt 0.020066 0.234233
vt 0.023498 0.229093
vt 0.0111003 0.215819
vt 0.00938431 0.223614
vt 0.023498 0.229093
vt 0.023498 0.220746
vt 0.0111003 0.205327
vt 0.0111003 0.215819
vt 0.023498 0.220746
vt 0.023498 0.209513
vt 0.00867894 0.203086
vt 0.00867894 0.21318
vt 0.0111003 0.215819
vt 0.0111003 0.205327
vt 0.00867894 0.21318
vt 0.00696296 0.220681
vt 0.00938431 0.223614
vt 0.0111003 0.215819
vt 0.00696296 0.220681
vt 0.00524698 0.225301
vt 0.00766828 0.228415
vt 0.00938431 0.223614
vt 0.00524698 0.225301
vt 9.81318e-005 0.22686
vt 0.00251948 0.230036
vt 0.00766828 0.228415
vt 0.00218569 0.0699178
vt 0.00524698 0.0702089
vt 0.00766828 0.0672239
vt 0.00460705 0.0669211
vt 0.00524698 0.0702089
vt 0.00696296 0.0706995
vt 0.00938431 0.067733
vt 0.00766828 0.0672239
vt 0.00696296 0.0706995
vt 0.00867894 0.0782
vt 0.0111003 0.0755296
vt 0.00938431 0.067733
vt 0.00867894 0.0782
vt 0.00867894 0.0882947
vt 0.0111003 0.086021
vt 0.0111003 0.0755296
vt 0.00867894 0.0882947
vt 0.00867894 0.100594
vt 0.0111003 0.0988045
vt 0.0111003 0.086021
vt 0.00867894 0.100594
vt 0.00867894 0.114628
vt 0.0111003 0.11339
vt 0.0111003 0.0988045
vt 0.00867894 0.114628
vt 0.00867894 0.129854
vt 0.0111003 0.129215
vt 0.0111003 0.11339
vt 0.00867894 0.129854
vt 0.00867894 0.14569
vt 0.0111003 0.145674
vt 0.0111003 0.129215
vt 0.00867894 0.14569
vt 0.00867894 0.161525
vt 0.0111003 0.162132
vt 0.0111003 0.145674
vt 0.00867894 0.161525
vt 0.00867894 0.176752
vt 0.0111003 0.177957
vt 0.0111003 0.162132
vt 0.00867894 0.176752
vt 0.00867894 0.190785
vt 0.0111003 0.192542
vt 0.0111003 0.177957
vt 0.00867894 0.190785
vt 0.00867894 0.203086
vt 0.0111003 0.205327
vt 0.0111003 0.192542
vt 0.00867894 0.189135
vt 0.00867894 0.200981
vt 0.00867894 0.203086
vt 0.00867894 0.190785
vt 0.00867894 0.17562
vt 0.00867894 0.189135
vt 0.00867894 0.190785
vt 0.00867894 0.176752
vt 0.00867894 0.160956
vt 0.00867894 0.17562
vt 0.00867894 0.176752
vt 0.00867894 0.161525
vt 0.00867894 0.145705
vt 0.00867894 0.160956
vt 0.00867894 0.161525
vt 0.00867894 0.14569
vt 0.00867894 0.130455
vt 0.00867894 0.145705
vt 0.00867894 0.14569
vt 0.00867894 0.129854
vt 0.00867894 0.115791
vt 0.00867894 0.130455
vt 0.00867894 0.129854
vt 0.00867894 0.114628
vt 0.00867894 0.102276
vt 0.00867894 0.115791
vt 0.00867894 0.114628
vt 0.00867894 0.100594
vt 0.00867894 0.0904301
vt 0.00867894 0.102276
vt 0.00867894 0.100594
vt 0.00867894 0.0882947
vt 0.00867894 0.0807078
vt 0.00867894 0.0904301
vt 0.00867894 0.0882947
vt 0.00867894 0.0782
vt 0.00696296 0.073484
vt 0.00867894 0.0807078
vt 0.00867894 0.0782
vt 0.00696296 0.0706995
vt 0.00524698 0.0730127
vt 0.00696296 0.073484
vt 0.00696296 0.0706995
vt 0.00524698 0.0702089
vt 0.00218569 0.0727317
vt 0.00524698 0.0730127
vt 0.00524698 0.0702089
vt 0.00218569 0.0699178
vt 0.00524698 0.222374
vt 9.81318e-005 0.223876
vt 9.81318e-005 0.22686
vt 0.00524698 0.225301
vt 0.00696296 0.217927
vt 0.00524698 0.222374
vt 0.00524698 0.225301
vt 0.00696296 0.220681
vt 0.00867894 0.210703
vt 0.00696296 0.217927
vt 0.00696296 0.220681
vt 0.00867894 0.21318
vt 0.00867894 0.200981
vt 0.00867894 0.210703
vt 0.00867894 0.21318
vt 0.00867894 0.203086
vt 0.0143016 0.199191
vt 0.0143016 0.208596
vt 0.00867894 0.210703
vt 0.00867894 0.200981
vt 0.0143016 0.208596
vt 0.0125856 0.215584
vt 0.00696296 0.217927
vt 0.00867894 0.210703
vt 0.0125856 0.215584
vt 0.0108696 0.219888
vt 0.00524698 0.222374
vt 0.00696296 0.217927
vt 0.0108696 0.219888
vt 0.00572084 0.22134
vt 9.81318e-005 0.223876
vt 0.00524698 0.222374
vt 0.00780835 0.0751245
vt 0.0108696 0.0753963
vt 0.00524698 0.0730127
vt 0.00218569 0.0727317
vt 0.0108696 0.0753963
vt 0.0125856 0.0758525
vt 0.00696296 0.073484
vt 0.00524698 0.0730127
vt 0.0125856 0.0758525
vt 0.0143016 0.0828406
vt 0.00867894 0.0807078
vt 0.00696296 0.073484
vt 0.0143016 0.0828406
vt 0.0143016 0.092245
vt 0.00867894 0.0904301
vt 0.00867894 0.0807078
vt 0.0143016 0.092245
vt 0.0143016 0.103705
vt 0.00867894 0.102276
vt 0.00867894 0.0904301
vt 0.0143016 0.103705
vt 0.0143016 0.116779
vt 0.00867894 0.115791
vt 0.00867894 0.102276
vt 0.0143016 0.116779
vt 0.0143016 0.130965
vt 0.00867894 0.130455
vt 0.00867894 0.115791
vt 0.0143016 0.130965
vt 0.0143016 0.145718
vt 0.00867894 0.145705
vt 0.00867894 0.130455
vt 0.0143016 0.145718
vt 0.0143016 0.160471
vt 0.00867894 0.160956
vt 0.00867894 0.145705
vt 0.0143016 0.160471
vt 0.0143016 0.174658
vt 0.00867894 0.17562
vt 0.00867894 0.160956
vt 0.0143016 0.174658
vt 0.0143016 0.187732
vt 0.00867894 0.189135
vt 0.00867894 0.17562
vt 0.0143016 0.187732
vt 0.0143016 0.199191
vt 0.00867894 0.200981
vt 0.00867894 0.189135
vt 0.521895 0.099764
vt 0.521895 0.125965
vt 0.0143016 0.130965
vt 0.0143016 0.116779
vt 0.521895 0.0756169
vt 0.521895 0.099764
vt 0.0143016 0.116779
vt 0.0143016 0.103705
vt 0.521895 0.0544521
vt 0.521895 0.0756169
vt 0.0143016 0.103705
vt 0.0143016 0.092245
vt 0.521895 0.0370825
vt 0.521895 0.0544521
vt 0.0143016 0.092245
vt 0.0143016 0.0828406
vt 0.521895 0.0241757
vt 0.521895 0.0370825
vt 0.0143016 0.0828406
vt 0.0125856 0.0758525
vt 0.521895 0.0233328
vt 0.521895 0.0241757
vt 0.0125856 0.0758525
vt 0.0108696 0.0753963
vt 0.521895 0.0228312
vt 0.521895 0.0233328
vt 0.0108696 0.0753963
vt 0.00780835 0.0751245
vt 0.521895 0.292884
vt 0.521895 0.2902
vt 0 0.219888
vt 0.00572084 0.22134
vt 0.521895 0.290201
vt 0.521895 0.292884
vt 0.00572084 0.22134
vt 0.0108696 0.219888
vt 0.521895 0.282253
vt 0.521895 0.290201
vt 0.0108696 0.219888
vt 0.0125856 0.215584
vt 0.521895 0.269346
vt 0.521895 0.282253
vt 0.0125856 0.215584
vt 0.0143016 0.208596
vt 0.521895 0.251976
vt 0.521895 0.269346
vt 0.0143016 0.208596
vt 0.0143016 0.199191
vt 0.521895 0.251976
vt 0.521895 0.230811
vt 0.521895 0.153214
vt 0.521895 0.230811
vt 0.521895 0.206664
vt 0.521895 0.153214
vt 0.521895 0.206664
vt 0.521895 0.180463
vt 0.521895 0.153214
vt 0.521895 0.180463
vt 0.521895 0.153214
vt 0.521895 0.153214
vt 0.521895 0.153214
vt 0.521895 0.125965
vt 0.521895 0.153214
vt 0.521895 0.125965
vt 0.521895 0.099764
vt 0.521895 0.153214
vt 0.521895 0.099764
vt 0.521895 0.0756169
vt 0.521895 0.153214
vt 0.521895 0.0756169
vt 0.521895 0.0544521
vt 0.521895 0.153214
vt 0.521895 0.0544521
vt 0.521895 0.0370825
vt 0.521895 0.153214
vt 0.521895 0.0370825
vt 0.521895 0.0241757
vt 0.521895 0.153214
vt 0.521895 0.0241757
vt 0.521895 0.0233328
vt 0.521895 0.153214
vt 0.521895 0.0233328
vt 0.521895 0.0228312
vt 0.521895 0.153214
vt 0.521895 0.2902
vt 0.521895 0.292884
vt 0.521895 0.153214
vt 0.521895 0.292884
vt 0.521895 0.290201
vt 0.521895 0.153214
vt 0.521895 0.290201
vt 0.521895 0.282253
vt 0.521895 0.153214
vt 0.521895 0.282253
vt 0.521895 0.269346
vt 0.521895 0.153214
vt 0.521895 0.269346
vt 0.521895 0.251976
vt 0.521895 0.153214
vt 0.0502645 0.258161
vt 0.0485401 0.257792
vt 0.238108 0.338211
vt 0.238463 0.336578
vt 0.491667 0.000683523
vt 0.491667 0
vt 1 0.0152636
vt 0.491667 0.00183171
vt 0.491667 0.000683523
vt 1 0.0152636
vt 0.491667 0.00376745
vt 0.491667 0.00183171
vt 1 0.0152636
vt 0.491667 0.00684386
vt 0.491667 0.00376745
vt 1 0.0152636
vt 0.3058 0.355613
vt 0.291159 0.358074
vt 0.281887 0.360379
vt 0.281887 0.360379
vt 0.3058 0.355613
vt 0.238463 0.336578
vt 0.238108 0.338211
vt 0.238463 0.333546
vt 0.238463 0.336578
vt 0.3058 0.355613
vt 0.0502645 0.258161
vt 0.0325988 0.240463
vt 0.0308736 0.240094
vt 0.0485401 0.257792
vt 0.0555793 0.258245
vt 0.0336715 0.240547
vt 0.0325988 0.240463
vt 0.0502645 0.258161
vt 0.0336715 0.240547
vt 0.0336715 0.240547
vt 0.0325988 0.240463
vt 0.0336715 0.240547
vt 0.0151219 0.209084
vt 0.0140483 0.209
vt 0.0325988 0.240463
vt 0.0325988 0.240463
vt 0.0140483 0.209
vt 0.012324 0.208631
vt 0.0308736 0.240094
vt 0.0140483 0.209
vt 0.00665347 0.171147
vt 0.00492824 0.170778
vt 0.012324 0.208631
vt 0.0151219 0.209084
vt 0.00772617 0.171231
vt 0.00665347 0.171147
vt 0.0140483 0.209
vt 0.00665347 0.171147
vt 0.0108638 0.114162
vt 0.0091394 0.113794
vt 0.00492824 0.170778
vt 0.00772617 0.171231
vt 0.0119365 0.114246
vt 0.0108638 0.114162
vt 0.00665347 0.171147
vt 0.0108638 0.114162
vt 0.027793 0.0554619
vt 0.027793 0.0561077
vt 0.0091394 0.113794
vt 0.0119365 0.114246
vt 0.0335138 0.055077
vt 0.027793 0.0554619
vt 0.0108638 0.114162
vt 0.027793 0.0561077
vt 0.027793 0.0660053
vt 0.0091394 0.113794
vt 0 0
vt 0 0
vt 0 0
vt 0 0
vt 0 0
vt 0 0
vt 0 0
vt 0 0
vt 0 0
vt 1 0
vt 1 1
vt 0 1
vt 0 0
vt 0 0
vt 0 0
vt 0 0
vt 0 0
vt 0 0
vt 0 0
vt 0 0
vt 0 0
vt 0 0
vt 0 0
vt 0 0
vt 0 0
vt 0 0
vt 0 0
vt 0 0
vt 0 0
vt 0 0
vt 0 0
vt 0 0
vt 0 0
vt 0 0
vt 0 0
vt 0 0
vt 0 0
vt 0 0
vt 0 0
vt 0 0
vt 0 0
vt 0 0
vt 0 0
vt 0 0
vt 0 0
vt 0 0
vt 0 0
vt 0 0
vt 0 0
vt 0 0
vt 0 0
vt 0 0
vt 0 0
vt 0 0
vt 0 0
vt 0 0
vt 0 0
vt 0 0
vt 0 0
vt 0 0
vt 0 0
vt 0 0
vt 0 0
vt 0 0
vt 0 0
vt 0 0
vt 0 0
vt 0 0
vt 0 0
vt 0 0
vt 0 0
vt 0 0
vt 0 0
vt 0 0
vt 0 0
vt 0 0
vt 0 1
vt 1 1
vt 1 0
vt 0 0
vt 0 0
vt 0 0
vt 0 0
vt 0 0
vt 0 0
vt 0 0
vt 0 0
vt 0 0
vt 0 0
vt 0 0
vt 0 0
vt 0 0
vt 0 0
vt 0 0
vt 0 0
vt 0 0
vt 0 0
vt 0 0
vt 0 0
vt 0 0
vt 0 0
vt 0 0
vt 0 0
vt 0 0
vt 0 0
vt 0 0
vt 0 0
vt 0 0
vt 0 0
vt 0 0
vt 0 0
vt 0 0
vt 0 0
vt 0 0
vt 0 0
vt 0 0
vt 0 0
vt 0 0
vt 0 0
vt 0 0
vt 0 0
vt 0 0
vt 0 0
vt 0 0
vt 0 0
vt 0 0
vt 0 0
vt 0 0
vt 0 0
vt 0 0
vt 0 0
vt 0 0
vt 0 0
vt 0 0
vt 0 0
vt 0 0
vt 0 0
vt 0 0
vt 0 0
vt 0 0
vt 0 0
vt 0 0
vt 0 0
vt 0 0
vt 0 0
vt 0 0
vt 0 0
vt 0 0
vt 0 0
vt 0 0
vt 0 0
vt 0 0
vt 0 0
vt 0 0
vt 0 0
vt 0 0
vt 0 0
vt 0 0
vt 0 0
vt 0 0
vt 0 0
vt 0 0
vt 0 0
vt 0 0
vt 0 0
vt 0 0
vt 0 0
vt 0 0
vt 0 0
vt 0 0
vt 0 0
vt 0 0
vt 0 0
vt 0 0
vt 0 0
vt 0 0
vt 0 0
vt 0 0
vt 0 0
vt 0 0
vt 0 0
vt 0 0
vt 0 0
vt 0 0
vt 0 0
vt 0 0
vt 0 0
vt 0 0
vt 0 0
vt 0 0
vt 0 0
vt 0 0
vt 0 0
vt 0 0
vt 0 0
vt 0 0
vt 0 0
vt 0 0
vt 0 0
vt 0 0
vt 0 0
vt 0 0
vt 0 0
vt 0 0
vt 0 0
vt 0 0
vt 0 0
vt 0 0
vt 0 0
vt 0 0
vt 0 0
vt 0 0
vt 0 0
vt 0 0
vt 0 0
vt 0 0
vt 0 0
vt 0 0
vt 0 0
vt 0 0
vt 0 0
vt 0 0
vt 0 0
vt 0 0
vt 0 0
vt 0 0
vt 0 0
vt 0 0
vt 0 0
vt 0 0
vt 0 0
vt 0 0
vt 0.5 0.5
vt 0.0170371 0.62941
vt 0 0.5
vt 0.5 0.5
vt 0.0669873 0.75
vt 0.0170371 0.62941
vt 0.5 0.5
vt 0.146447 0.853553
vt 0.0669873 0.75
vt 0.5 0.5
vt 0.25 0.933013
vt 0.146447 0.853553
vt 0.5 0.5
vt 0.370591 0.982963
vt 0.25 0.933013
vt 0.5 0.5
vt 0.5 1
vt 0.370591 0.982963
vt 0.5 0.5
vt 0.62941 0.982963
vt 0.5 1
vt 0.5 0.5
vt 0.75 0.933013
vt 0.62941 0.982963
vt 0.5 0.5
vt 0.853553 0.853553
vt 0.75 0.933013
vt 0.5 0.5
vt 0.933013 0.75
vt 0.853553 0.853553
vt 0.5 0.5
vt 0.982963 0.629409
vt 0.933013 0.75
vt 0.5 0.5
vt 1 0.5
vt 0.982963 0.629409
vt 0.5 0.5
vt 0.982963 0.37059
vt 1 0.5
vt 0.5 0.5
vt 0.933013 0.25
vt 0.982963 0.37059
vt 0.5 0.5
vt 0.853553 0.146447
vt 0.933013 0.25
vt 0.5 0.5
vt 0.75 0.0669872
vt 0.853553 0.146447
vt 0.5 0.5
vt 0.629409 0.0170371
vt 0.75 0.0669872
vt 0.5 0.5
vt 0.5 0
vt 0.629409 0.0170371
vt 0.5 0.5
vt 0.37059 0.0170371
vt 0.5 0
vt 0.5 0.5
vt 0.25 0.0669874
vt 0.37059 0.0170371
vt 0.5 0.5
vt 0.146447 0.146447
vt 0.25 0.0669874
vt 0.5 0.5
vt 0.0669872 0.25
vt 0.146447 0.146447
vt 0.5 0.5
vt 0.017037 0.370591
vt 0.0669872 0.25
vt 0.5 0.5
vt 0 0.5
vt 0.017037 0.370591
vt 0.0376903 0.386109
vt 0.0376903 0.399664
vt 0.22183 0.428747
vt 0.22183 0.412572
vt 0.22183 0.412572
vt 0.22183 0.430923
vt 0.0376903 0.401111
vt 0.0376903 0.386109
vt 0.00303322 0.419941
vt 0.00228083 0.409129
vt 0.00176388 0.400114
vt 0.000873625 0.360359
vt 0.00726914 0.435113
vt 0.00228083 0.409129
vt 0.00303322 0.419941
vt 0.0157151 0.440845
vt 0.0172573 0.435093
vt 0.00303322 0.419941
vt 0.00228083 0.409129
vt 0.0190235 0.428501
vt 0.0165164 0.437857
vt 0.00228083 0.409129
vt 0.0172573 0.435093
vt 0.0208614 0.421644
vt 0.00228083 0.409129
vt 0.023156 0.4071
vt 0.0190235 0.428501
vt 0.00176388 0.400114
vt 0.00228083 0.409129
vt 0.0208614 0.421644
vt 0.00881708 0.399606
vt 0.00228083 0.409129
vt 0.00176388 0.400114
vt 0.0144056 0.402221
vt 0.023156 0.4071
vt 0.00303322 0.419941
vt 0.00726914 0.435113
vt 0.0138542 0.447789
vt 0.0146986 0.444642
vt 0.00726914 0.435113
vt 0.00303322 0.419941
vt 0.0153821 0.442095
vt 0.0145435 0.445224
vt 0.00303322 0.419941
vt 0.0146986 0.444642
vt 0.0157151 0.440845
vt 0.00303322 0.419941
vt 0.0165164 0.437857
vt 0.0153821 0.442095
vt 0.00726914 0.435113
vt 0.0139433 0.447456
vt 0.0136819 0.448433
vt 0.00726914 0.435113
vt 0.0136819 0.448433
vt 0.0138542 0.447789
vt 0.00726914 0.435113
vt 0.0145435 0.445224
vt 0.0139433 0.447456
vt 0.000873625 0.360359
vt 0.00176388 0.400114
vt 0.00881708 0.399606
vt 0.00840068 0.360854
vt 0.00176388 0.400114
vt 0.000873625 0.360359
vt 0.00840068 0.360854
vt 0.0144056 0.402221
vt 0.023156 0.4071
vt 0.0144056 0.402221
vt 0.0231072 0.4071
vt 0.0376328 0.432916
vt 0.0190235 0.428501
vt 0.023156 0.4071
vt 0.0376328 0.432916
vt 0.0294367 0.445938
vt 0.0376328 0.432916
vt 0.0231072 0.4071
vt 0.0376903 0.401111
vt 0.0294367 0.445938
vt 0.0376328 0.432916
vt 0.0376903 0.452345
vt 0.0376328 0.432916
vt 0.0376903 0.401111
vt 0.22183 0.430923
vt 0.22183 0.483152
vt 0.0376903 0.452345
vt 0.0376328 0.432916
vt 0.22183 0.483152
vt 0.22183 0.507976
vt 0.0157151 0.440845
vt 0.0172573 0.435093
vt 0.0208614 0.421644
vt 0.00881708 0.399606
vt 0.00840068 0.360854
vt 0.0144056 0.402221
vt 0.023156 0.4071
vt 0.0190235 0.428501
vt 0.0165164 0.437857
vt 0.0153821 0.442095
vt 0.0145435 0.445224
vt 0.0139433 0.447456
vt 0.0136819 0.448433
vt 0.0138542 0.447789
vt 0.0146986 0.444642
vt 0.0157151 0.440845
vt 0.0146986 0.444642
vt 0.0251117 0.46208
vt 0.0261284 0.458283
vt 0.0172573 0.435093
vt 0.0157151 0.440845
vt 0.0261284 0.458283
vt 0.0276705 0.45253
vt 0.0208614 0.421644
vt 0.0172573 0.435093
vt 0.0276705 0.45253
vt 0.0312746 0.439081
vt 0.00881708 0.399606
vt 0.0208614 0.421644
vt 0.0312746 0.439081
vt 0.0200918 0.399635
vt 0.00840068 0.360854
vt 0.00881708 0.399606
vt 0.0200918 0.399635
vt 0.0200918 0.361501
vt 0.0144056 0.402221
vt 0.00840068 0.360854
vt 0.0200918 0.361501
vt 0.0231072 0.4071
vt 0.0165164 0.437857
vt 0.0190235 0.428501
vt 0.0294367 0.445938
vt 0.0269296 0.455295
vt 0.0153821 0.442095
vt 0.0165164 0.437857
vt 0.0269296 0.455295
vt 0.0257952 0.459532
vt 0.0145435 0.445224
vt 0.0153821 0.442095
vt 0.0257952 0.459532
vt 0.0249566 0.462662
vt 0.0139433 0.447456
vt 0.0145435 0.445224
vt 0.0249566 0.462662
vt 0.0243593 0.464894
vt 0.0136819 0.448433
vt 0.0139433 0.447456
vt 0.0243593 0.464894
vt 0.0240951 0.465871
vt 0.0138542 0.447789
vt 0.0136819 0.448433
vt 0.0240951 0.465871
vt 0.0242674 0.465227
vt 0.0146986 0.444642
vt 0.0138542 0.447789
vt 0.0242674 0.465227
vt 0.0251117 0.46208
vt 0.0261284 0.458283
vt 0.0251117 0.46208
vt 0.0376903 0.469055
vt 0.0376903 0.465124
vt 0.0276705 0.45253
vt 0.0261284 0.458283
vt 0.0376903 0.465124
vt 0.0376903 0.459169
vt 0.0312746 0.439081
vt 0.0276705 0.45253
vt 0.0376903 0.459169
vt 0.0376903 0.445245
vt 0.0200918 0.399635
vt 0.0312746 0.439081
vt 0.0376903 0.445245
vt 0.0376903 0.399664
vt 0.0200918 0.361501
vt 0.0200918 0.399635
vt 0.0376903 0.399664
vt 0.0376903 0.386109
vt 0.0376903 0.362688
vt 0.0231072 0.4071
vt 0.0200918 0.361501
vt 0.0376903 0.362688
vt 0.0376903 0.386109
vt 0.0376903 0.401111
vt 0.0269296 0.455295
vt 0.0294367 0.445938
vt 0.0376903 0.452345
vt 0.0376903 0.462031
vt 0.0257952 0.459532
vt 0.0269296 0.455295
vt 0.0376903 0.462031
vt 0.0376903 0.466418
vt 0.0249566 0.462662
vt 0.0257952 0.459532
vt 0.0376903 0.466418
vt 0.0376903 0.469658
vt 0.0243593 0.464894
vt 0.0249566 0.462662
vt 0.0376903 0.469658
vt 0.0376903 0.471968
vt 0.0240951 0.465871
vt 0.0243593 0.464894
vt 0.0376903 0.471968
vt 0.0376903 0.47298
vt 0.0242674 0.465227
vt 0.0240951 0.465871
vt 0.0376903 0.47298
vt 0.0376903 0.472313
vt 0.0251117 0.46208
vt 0.0242674 0.465227
vt 0.0376903 0.472313
vt 0.0376903 0.469055
vt 0.0376903 0.465124
vt 0.0376903 0.469055
vt 0.22183 0.533108
vt 0.22183 0.527196
vt 0.0376903 0.459169
vt 0.0376903 0.465124
vt 0.22183 0.527196
vt 0.22183 0.51824
vt 0.0376903 0.445245
vt 0.0376903 0.459169
vt 0.22183 0.51824
vt 0.22183 0.4973
vt 0.0376903 0.399664
vt 0.0376903 0.445245
vt 0.22183 0.4973
vt 0.22183 0.428747
vt 0.0376903 0.462031
vt 0.0376903 0.452345
vt 0.22183 0.507976
vt 0.22183 0.522544
vt 0.0376903 0.466418
vt 0.0376903 0.462031
vt 0.22183 0.522544
vt 0.22183 0.529141
vt 0.0376903 0.469658
vt 0.0376903 0.466418
vt 0.22183 0.529141
vt 0.22183 0.534014
vt 0.0376903 0.471968
vt 0.0376903 0.469658
vt 0.22183 0.534014
vt 0.22183 0.537489
vt 0.0376903 0.47298
vt 0.0376903 0.471968
vt 0.22183 0.537489
vt 0.22183 0.539011
vt 0.0376903 0.472313
vt 0.0376903 0.47298
vt 0.22183 0.539011
vt 0.22183 0.538008
vt 0.0376903 0.469055
vt 0.0376903 0.472313
vt 0.22183 0.538008
vt 0.22183 0.533108
vt 0.22183 0.527196
vt 0.22183 0.533108
vt 0.425856 0.605938
vt 0.425856 0.597612
vt 0.22183 0.51824
vt 0.22183 0.527196
vt 0.425856 0.597612
vt 0.425856 0.584998
vt 0.22183 0.4973
vt 0.22183 0.51824
vt 0.425856 0.584998
vt 0.425856 0.555506
vt 0.22183 0.428747
vt 0.22183 0.4973
vt 0.425856 0.555506
vt 0.425076 0.463644
vt 0.22183 0.373138
vt 0.22183 0.412572
vt 0.22183 0.428747
vt 0.425076 0.463644
vt 0.425076 0.385325
vt 0.22183 0.430923
vt 0.22183 0.412572
vt 0.22183 0.373138
vt 0.425076 0.385325
vt 0.425076 0.466708
vt 0.22183 0.483152
vt 0.22183 0.430923
vt 0.425076 0.466708
vt 0.425856 0.535581
vt 0.22183 0.507976
vt 0.22183 0.483152
vt 0.425856 0.535581
vt 0.425856 0.570543
vt 0.22183 0.522544
vt 0.22183 0.507976
vt 0.425856 0.570543
vt 0.425856 0.59106
vt 0.22183 0.529141
vt 0.22183 0.522544
vt 0.425856 0.59106
vt 0.425856 0.600352
vt 0.22183 0.534014
vt 0.22183 0.529141
vt 0.425856 0.600352
vt 0.425856 0.607214
vt 0.22183 0.537489
vt 0.22183 0.534014
vt 0.425856 0.607214
vt 0.425856 0.612108
vt 0.22183 0.539011
vt 0.22183 0.537489
vt 0.425856 0.612108
vt 0.425856 0.614252
vt 0.22183 0.538008
vt 0.22183 0.539011
vt 0.425856 0.614252
vt 0.425856 0.612839
vt 0.22183 0.533108
vt 0.22183 0.538008
vt 0.425856 0.612839
vt 0.425856 0.605938
vt 0.425856 0.597612
vt 0.425856 0.605938
vt 0.451158 0.614126
vt 0.451158 0.6058
vt 0.425856 0.584998
vt 0.425856 0.597612
vt 0.451158 0.6058
vt 0.451158 0.593186
vt 0.425856 0.555506
vt 0.425856 0.584998
vt 0.451158 0.593186
vt 0.451158 0.563694
vt 0.425076 0.463644
vt 0.425856 0.555506
vt 0.451158 0.563694
vt 0.451158 0.467147
vt 0.425076 0.385325
vt 0.425076 0.463644
vt 0.451158 0.467147
vt 0.451158 0.388828
vt 0.425076 0.466708
vt 0.425076 0.385325
vt 0.451158 0.388828
vt 0.451158 0.470211
vt 0.425856 0.535581
vt 0.425076 0.466708
vt 0.451158 0.470211
vt 0.451158 0.543768
vt 0.425856 0.570543
vt 0.425856 0.535581
vt 0.451158 0.543768
vt 0.451158 0.578731
vt 0.425856 0.59106
vt 0.425856 0.570543
vt 0.451158 0.578731
vt 0.451158 0.599248
vt 0.425856 0.600352
vt 0.425856 0.59106
vt 0.451158 0.599248
vt 0.451158 0.60854
vt 0.425856 0.607214
vt 0.425856 0.600352
vt 0.451158 0.60854
vt 0.451158 0.615402
vt 0.425856 0.612108
vt 0.425856 0.607214
vt 0.451158 0.615402
vt 0.451158 0.620297
vt 0.425856 0.614252
vt 0.425856 0.612108
vt 0.451158 0.620297
vt 0.451158 0.62244
vt 0.425856 0.612839
vt 0.425856 0.614252
vt 0.451158 0.62244
vt 0.451158 0.621027
vt 0.425856 0.605938
vt 0.425856 0.612839
vt 0.451158 0.621027
vt 0.451158 0.614126
vt 0.22183 0.373138
vt 0.22183 0.412572
vt 0.22183 0.412572
vt 0.0376903 0.386109
vt 0.0376903 0.386109
vt 0.0376903 0.362688
vt 0.22183 0.412572
vt 0.22183 0.412572
vt 0.0376903 0.386109
vt 0.0376903 0.386109
vt 0.779917 0.412572
vt 0.779917 0.428747
vt 0.964057 0.399664
vt 0.964057 0.386109
vt 0.964057 0.386109
vt 0.964057 0.401111
vt 0.779917 0.430923
vt 0.779917 0.412572
vt 0.994478 0.435113
vt 1.00087 0.360359
vt 0.999983 0.400114
vt 0.999466 0.409129
vt 0.998714 0.419941
vt 0.98449 0.435093
vt 0.986032 0.440845
vt 0.998714 0.419941
vt 0.999466 0.409129
vt 0.985231 0.437857
vt 0.982724 0.428501
vt 0.999466 0.409129
vt 0.998714 0.419941
vt 0.980886 0.421644
vt 0.98449 0.435093
vt 0.999466 0.409129
vt 0.982724 0.428501
vt 0.978591 0.4071
vt 0.999466 0.409129
vt 0.99293 0.399606
vt 0.980886 0.421644
vt 0.999466 0.409129
vt 0.999983 0.400114
vt 0.978591 0.4071
vt 0.987342 0.402221
vt 0.999983 0.400114
vt 0.999466 0.409129
vt 0.987049 0.444642
vt 0.987893 0.447789
vt 0.994478 0.435113
vt 0.998714 0.419941
vt 0.987204 0.445224
vt 0.986365 0.442094
vt 0.998714 0.419941
vt 0.994478 0.435113
vt 0.986032 0.440845
vt 0.987049 0.444642
vt 0.998714 0.419941
vt 0.986365 0.442094
vt 0.985231 0.437857
vt 0.998714 0.419941
vt 0.988065 0.448433
vt 0.987804 0.447456
vt 0.994478 0.435113
vt 0.987893 0.447789
vt 0.988065 0.448433
vt 0.994478 0.435113
vt 0.987804 0.447456
vt 0.987204 0.445224
vt 0.994478 0.435113
vt 0.993347 0.360854
vt 0.99293 0.399606
vt 0.999983 0.400114
vt 1.00087 0.360359
vt 0.987342 0.402221
vt 0.993347 0.360854
vt 1.00087 0.360359
vt 0.999983 0.400114
vt 0.964114 0.432916
vt 0.97864 0.4071
vt 0.987342 0.402221
vt 0.978591 0.4071
vt 0.972311 0.445938
vt 0.964114 0.432916
vt 0.978591 0.4071
vt 0.982724 0.428501
vt 0.964057 0.401111
vt 0.97864 0.4071
vt 0.964114 0.432916
vt 0.964057 0.452345
vt 0.964114 0.432916
vt 0.972311 0.445938
vt 0.779917 0.483152
vt 0.779917 0.430923
vt 0.964057 0.401111
vt 0.964114 0.432916
vt 0.779917 0.507976
vt 0.779917 0.483152
vt 0.964114 0.432916
vt 0.964057 0.452345
vt 0.987049 0.444642
vt 0.987893 0.447789
vt 0.988065 0.448433
vt 0.987804 0.447456
vt 0.987204 0.445224
vt 0.986365 0.442094
vt 0.985231 0.437857
vt 0.982724 0.428501
vt 0.978591 0.4071
vt 0.987342 0.402221
vt 0.993347 0.360854
vt 0.99293 0.399606
vt 0.980886 0.421644
vt 0.98449 0.435093
vt 0.986032 0.440845
vt 0.975619 0.458283
vt 0.976636 0.46208
vt 0.987049 0.444642
vt 0.986032 0.440845
vt 0.974077 0.45253
vt 0.975619 0.458283
vt 0.986032 0.440845
vt 0.98449 0.435093
vt 0.970473 0.439081
vt 0.974077 0.45253
vt 0.98449 0.435093
vt 0.980886 0.421644
vt 0.981655 0.399635
vt 0.970473 0.439081
vt 0.980886 0.421644
vt 0.99293 0.399606
vt 0.981655 0.3615
vt 0.981655 0.399635
vt 0.99293 0.399606
vt 0.993347 0.360854
vt 0.97864 0.4071
vt 0.981655 0.3615
vt 0.993347 0.360854
vt 0.987342 0.402221
vt 0.974818 0.455295
vt 0.972311 0.445938
vt 0.982724 0.428501
vt 0.985231 0.437857
vt 0.975952 0.459532
vt 0.974818 0.455295
vt 0.985231 0.437857
vt 0.986365 0.442094
vt 0.976791 0.462662
vt 0.975952 0.459532
vt 0.986365 0.442094
vt 0.987204 0.445224
vt 0.977388 0.464894
vt 0.976791 0.462662
vt 0.987204 0.445224
vt 0.987804 0.447456
vt 0.977652 0.465871
vt 0.977388 0.464894
vt 0.987804 0.447456
vt 0.988065 0.448433
vt 0.97748 0.465227
vt 0.977652 0.465871
vt 0.988065 0.448433
vt 0.987893 0.447789
vt 0.976636 0.46208
vt 0.97748 0.465227
vt 0.987893 0.447789
vt 0.987049 0.444642
vt 0.964057 0.465124
vt 0.964057 0.469055
vt 0.976636 0.46208
vt 0.975619 0.458283
vt 0.964057 0.459169
vt 0.964057 0.465124
vt 0.975619 0.458283
vt 0.974077 0.45253
vt 0.964057 0.445245
vt 0.964057 0.459169
vt 0.974077 0.45253
vt 0.970473 0.439081
vt 0.964057 0.399664
vt 0.964057 0.445245
vt 0.970473 0.439081
vt 0.981655 0.399635
vt 0.964057 0.362688
vt 0.964057 0.386109
vt 0.964057 0.399664
vt 0.981655 0.399635
vt 0.981655 0.3615
vt 0.964057 0.401111
vt 0.964057 0.386109
vt 0.964057 0.362688
vt 0.981655 0.3615
vt 0.97864 0.4071
vt 0.964057 0.462031
vt 0.964057 0.452345
vt 0.972311 0.445938
vt 0.974818 0.455295
vt 0.964057 0.466418
vt 0.964057 0.462031
vt 0.974818 0.455295
vt 0.975952 0.459532
vt 0.964057 0.469658
vt 0.964057 0.466418
vt 0.975952 0.459532
vt 0.976791 0.462662
vt 0.964057 0.471968
vt 0.964057 0.469658
vt 0.976791 0.462662
vt 0.977388 0.464894
vt 0.964057 0.47298
vt 0.964057 0.471968
vt 0.977388 0.464894
vt 0.977652 0.465871
vt 0.964057 0.472313
vt 0.964057 0.47298
vt 0.977652 0.465871
vt 0.97748 0.465227
vt 0.964057 0.469055
vt 0.964057 0.472313
vt 0.97748 0.465227
vt 0.976636 0.46208
vt 0.779917 0.527196
vt 0.779917 0.533108
vt 0.964057 0.469055
vt 0.964057 0.465124
vt 0.779917 0.51824
vt 0.779917 0.527196
vt 0.964057 0.465124
vt 0.964057 0.459169
vt 0.779917 0.4973
vt 0.779917 0.51824
vt 0.964057 0.459169
vt 0.964057 0.445245
vt 0.779917 0.428747
vt 0.779917 0.4973
vt 0.964057 0.445245
vt 0.964057 0.399664
vt 0.779917 0.522544
vt 0.779917 0.507976
vt 0.964057 0.452345
vt 0.964057 0.462031
vt 0.779917 0.529141
vt 0.779917 0.522544
vt 0.964057 0.462031
vt 0.964057 0.466418
vt 0.779917 0.534014
vt 0.779917 0.529141
vt 0.964057 0.466418
vt 0.964057 0.469658
vt 0.779917 0.537489
vt 0.779917 0.534014
vt 0.964057 0.469658
vt 0.964057 0.471968
vt 0.779917 0.539011
vt 0.779917 0.537489
vt 0.964057 0.471968
vt 0.964057 0.47298
vt 0.779917 0.538008
vt 0.779917 0.539011
vt 0.964057 0.47298
vt 0.964057 0.472313
vt 0.779917 0.533108
vt 0.779917 0.538008
vt 0.964057 0.472313
vt 0.964057 0.469055
vt 0.575891 0.597612
vt 0.575891 0.605938
vt 0.779917 0.533108
vt 0.779917 0.527196
vt 0.575891 0.584998
vt 0.575891 0.597612
vt 0.779917 0.527196
vt 0.779917 0.51824
vt 0.575891 0.555506
vt 0.575891 0.584998
vt 0.779917 0.51824
vt 0.779917 0.4973
vt 0.576672 0.463644
vt 0.575891 0.555506
vt 0.779917 0.4973
vt 0.779917 0.428747
vt 0.576672 0.385325
vt 0.576672 0.463644
vt 0.779917 0.428747
vt 0.779917 0.412572
vt 0.779917 0.373138
vt 0.576672 0.466708
vt 0.576672 0.385325
vt 0.779917 0.373138
vt 0.779917 0.412572
vt 0.779917 0.430923
vt 0.575891 0.535581
vt 0.576672 0.466708
vt 0.779917 0.430923
vt 0.779917 0.483152
vt 0.575891 0.570543
vt 0.575891 0.535581
vt 0.779917 0.483152
vt 0.779917 0.507976
vt 0.575891 0.59106
vt 0.575891 0.570543
vt 0.779917 0.507976
vt 0.779917 0.522544
vt 0.575891 0.600352
vt 0.575891 0.59106
vt 0.779917 0.522544
vt 0.779917 0.529141
vt 0.575891 0.607214
vt 0.575891 0.600352
vt 0.779917 0.529141
vt 0.779917 0.534014
vt 0.575891 0.612108
vt 0.575891 0.607214
vt 0.779917 0.534014
vt 0.779917 0.537489
vt 0.575891 0.614252
vt 0.575891 0.612108
vt 0.779917 0.537489
vt 0.779917 0.539011
vt 0.575891 0.612839
vt 0.575891 0.614252
vt 0.779917 0.539011
vt 0.779917 0.538008
vt 0.575891 0.605938
vt 0.575891 0.612839
vt 0.779917 0.538008
vt 0.779917 0.533108
vt 0.55059 0.6058
vt 0.55059 0.614126
vt 0.575891 0.605938
vt 0.575891 0.597612
vt 0.55059 0.593186
vt 0.55059 0.6058
vt 0.575891 0.597612
vt 0.575891 0.584998
vt 0.55059 0.563694
vt 0.55059 0.593186
vt 0.575891 0.584998
vt 0.575891 0.555506
vt 0.55059 0.467147
vt 0.55059 0.563694
vt 0.575891 0.555506
vt 0.576672 0.463644
vt 0.55059 0.388828
vt 0.55059 0.467147
vt 0.576672 0.463644
vt 0.576672 0.385325
vt 0.55059 0.470211
vt 0.55059 0.388828
vt 0.576672 0.385325
vt 0.576672 0.466708
vt 0.55059 0.543768
vt 0.55059 0.470211
vt 0.576672 0.466708
vt 0.575891 0.535581
vt 0.55059 0.578731
vt 0.55059 0.543768
vt 0.575891 0.535581
vt 0.575891 0.570543
vt 0.55059 0.599248
vt 0.55059 0.578731
vt 0.575891 0.570543
vt 0.575891 0.59106
vt 0.55059 0.60854
vt 0.55059 0.599248
vt 0.575891 0.59106
vt 0.575891 0.600352
vt 0.55059 0.615402
vt 0.55059 0.60854
vt 0.575891 0.600352
vt 0.575891 0.607214
vt 0.55059 0.620297
vt 0.55059 0.615402
vt 0.575891 0.607214
vt 0.575891 0.612108
vt 0.55059 0.62244
vt 0.55059 0.620297
vt 0.575891 0.612108
vt 0.575891 0.614252
vt 0.55059 0.621027
vt 0.55059 0.62244
vt 0.575891 0.614252
vt 0.575891 0.612839
vt 0.55059 0.614126
vt 0.55059 0.621027
vt 0.575891 0.612839
vt 0.575891 0.605938
vt 0.779917 0.412572
vt 0.779917 0.412572
vt 0.779917 0.373138
vt 0.964057 0.362688
vt 0.964057 0.386109
vt 0.964057 0.386109
vt 0.964057 0.386109
vt 0.964057 0.386109
vt 0.779917 0.412572
vt 0.779917 0.412572
usemtl acmat_1
f 358/903/903 359/904/904 351/905/905 350/906/906
f 358/907/907 360/908/908 361/909/909 359/910/910
f 360/911/911 354/912/912 355/913/913 361/914/914
f 339/915/915 399/916/916 355/917/917 354/918/918
f 337/919/919 338/920/920 399/921/921 339/922/922
f 337/923/923 410/924/924 411/925/925 338/926/926
f 402/927/927 405/928/928 411/929/929 410/930/930
f 402/931/931 409/932/932 342/933/933 405/934/934
f 340/935/935 406/936/936 342/937/937 409/938/938
f 340/939/939 401/940/940 408/941/941 406/942/942
f 401/943/943 404/944/944 407/945/945 408/946/946
f 403/947/947 341/948/948 407/949/949 404/950/950
f 336/951/951 341/952/952 403/953/953 400/954/954
f 336/955/955 400/956/956 343/957/957 833/958/958
f 833/959/959 343/960/960 371/961/961 348/962/962
f 371/963/963 346/964/964 373/965/965 348/966/966
f 370/967/967 374/968/968 373/969/969 346/970/970
f 344/971/971 347/972/972 374/973/973 370/974/974
f 344/975/975 375/976/976 349/977/977 347/978/978
f 345/979/979 372/980/980 349/981/981 375/982/982
f 345/983/983 376/984/984 377/985/985 372/986/986
f 376/987/987 378/988/988 379/989/989 377/990/990
f 378/991/991 366/992/992 367/993/993 379/994/994
f 366/995/995 350/996/996 351/997/997 367/998/998
f 603/999/999 597/1000/1000 595/1001/1001
f 658/1002/1002 656/1003/1003 650/1004/1004
f 369/1005/1005 368/1006/1006 352/1007/1007 353/1008/1008
f 381/1009/1009 380/1010/1010 368/1011/1011 369/1012/1012
f 383/1013/1013 382/1014/1014 380/1015/1015 381/1016/1016
f 393/1017/1017 390/1018/1018 382/1019/1019 383/1020/1020
f 393/1021/1021 385/1022/1022 384/1023/1023 390/1024/1024
f 395/1025/1025 389/1026/1026 384/1027/1027 385/1028/1028
f 395/1029/1029 394/1030/1030 386/1031/1031 389/1032/1032
f 394/1033/1033 391/1034/1034 387/1035/1035 386/1036/1036
f 392/1037/1037 388/1038/1038 387/1039/1039 391/1040/1040
f 835/1041/1041 388/1042/1042 392/1043/1043 396/1044/1044
f 837/1045/1045 835/1046/1046 396/1047/1047 428/1048/1048
f 837/1049/1049 428/1050/1050 424/1051/1051 420/1052/1052
f 424/1053/1053 423/1054/1054 419/1055/1055 420/1056/1056
f 426/1057/1057 418/1058/1058 419/1059/1059 423/1060/1060
f 427/1061/1061 421/1062/1062 418/1063/1063 426/1064/1064
f 427/1065/1065 417/1066/1066 416/1067/1067 421/1068/1068
f 425/1069/1069 422/1070/1070 416/1071/1071 417/1072/1072
f 425/1073/1073 415/1074/1074 414/1075/1075 422/1076/1076
f 432/1077/1077 431/1078/1078 414/1079/1079 415/1080/1080
f 432/1081/1081 430/1082/1082 429/1083/1083 431/1084/1084
f 430/1085/1085 357/1086/1086 356/1087/1087 429/1088/1088
f 363/1089/1089 362/1090/1090 356/1091/1091 357/1092/1092
f 365/1093/1093 364/1094/1094 362/1095/1095 363/1096/1096
f 365/1097/1097 353/1098/1098 352/1099/1099 364/1100/1100
f 350/1101/1101 366/1102/1102 605/1103/1103
f 439/1104/1104 350/1105/1105 605/1106/1106
f 350/1107/1107 439/1108/1108 358/1109/1109
f 351/1110/1110 514/1111/1111 606/1112/1112
f 367/1113/1113 351/1114/1114 606/1115/1115
f 359/1116/1116 514/1117/1117 351/1118/1118
f 352/1119/1119 368/1120/1120 647/1121/1121
f 743/1122/1122 352/1123/1123 647/1124/1124
f 352/1125/1125 743/1126/1126 364/1127/1127
f 353/1128/1128 826/1129/1129 648/1130/1130
f 369/1131/1131 353/1132/1132 648/1133/1133
f 365/1134/1134 826/1135/1135 353/1136/1136
f 438/1137/1137 360/1138/1138 358/1139/1139 439/1140/1140
f 436/1141/1141 354/1142/1142 360/1143/1143 438/1144/1144
f 354/1145/1145 436/1146/1146 535/1147/1147
f 339/1148/1148 354/1149/1149 535/1150/1150
f 515/1151/1151 361/1152/1152 355/1153/1153 517/1154/1154
f 355/1155/1155 399/1156/1156 559/1157/1157
f 517/1158/1158 355/1159/1159 559/1160/1160
f 514/1161/1161 359/1162/1162 361/1163/1163 515/1164/1164
f 742/1165/1165 362/1166/1166 364/1167/1167 743/1168/1168
f 740/1169/1169 356/1170/1170 362/1171/1171 742/1172/1172
f 356/1173/1173 740/1174/1174 696/1175/1175
f 429/1176/1176 356/1177/1177 696/1178/1178
f 827/1179/1179 363/1180/1180 357/1181/1181 829/1182/1182
f 357/1183/1183 430/1184/1184 722/1185/1185
f 829/1186/1186 357/1187/1187 722/1188/1188
f 826/1189/1189 365/1190/1190 363/1191/1191 827/1192/1192
f 343/1193/1193 400/1194/1194 640/1195/1195
f 607/1196/1196 343/1197/1197 640/1198/1198
f 343/1199/1199 607/1200/1200 611/1201/1201 371/1202/1202
f 371/1203/1203 611/1204/1204 612/1205/1205 346/1206/1206
f 346/1207/1207 612/1208/1208 609/1209/1209 370/1210/1210
f 370/1211/1211 609/1212/1212 608/1213/1213 344/1214/1214
f 636/1215/1215 834/1216/1216 833/1217/1217 615/1218/1218
f 615/1219/1219 833/1220/1220 348/1221/1221 616/1222/1222
f 616/1223/1223 348/1224/1224 373/1225/1225 617/1226/1226
f 617/1227/1227 373/1228/1228 374/1229/1229 618/1230/1230
f 618/1231/1231 374/1232/1232 347/1233/1233 614/1234/1234
f 344/1235/1235 608/1236/1236 619/1237/1237 375/1238/1238
f 375/1239/1239 619/1240/1240 610/1241/1241 345/1242/1242
f 372/1243/1243 613/1244/1244 620/1245/1245 349/1246/1246
f 349/1247/1247 620/1248/1248 614/1249/1249 347/1250/1250
f 345/1251/1251 610/1252/1252 621/1253/1253 376/1254/1254
f 605/1255/1255 366/1256/1256 378/1257/1257 624/1258/1258
f 376/1259/1259 621/1260/1260 624/1261/1261 378/1262/1262
f 379/1263/1263 625/1264/1264 622/1265/1265 377/1266/1266
f 625/1267/1267 379/1268/1268 367/1269/1269 606/1270/1270
f 377/1271/1271 622/1272/1272 613/1273/1273 372/1274/1274
f 390/1275/1275 639/1276/1276 629/1277/1277 382/1278/1278
f 647/1279/1279 368/1280/1280 380/1281/1281 626/1282/1282
f 382/1283/1283 629/1284/1284 626/1285/1285 380/1286/1286
f 381/1287/1287 627/1288/1288 630/1289/1289 383/1290/1290
f 627/1291/1291 381/1292/1292 369/1293/1293 648/1294/1294
f 383/1295/1295 630/1296/1296 643/1297/1297 393/1298/1298
f 389/1299/1299 638/1300/1300 631/1301/1301 384/1302/1302
f 384/1303/1303 631/1304/1304 639/1305/1305 390/1306/1306
f 393/1307/1307 643/1308/1308 632/1309/1309 385/1310/1310
f 385/1311/1311 632/1312/1312 645/1313/1313 395/1314/1314
f 638/1315/1315 389/1316/1316 386/1317/1317 633/1318/1318
f 633/1319/1319 386/1320/1320 387/1321/1321 634/1322/1322
f 634/1323/1323 387/1324/1324 388/1325/1325 635/1326/1326
f 635/1327/1327 388/1328/1328 835/1329/1329 637/1330/1330
f 637/1331/1331 835/1332/1332 834/1333/1333 636/1334/1334
f 395/1335/1335 645/1336/1336 644/1337/1337 394/1338/1338
f 394/1339/1339 644/1340/1340 641/1341/1341 391/1342/1342
f 391/1343/1343 641/1344/1344 642/1345/1345 392/1346/1346
f 392/1347/1347 642/1348/1348 646/1349/1349 396/1350/1350
f 396/1351/1351 646/1352/1352 640/1353/1353
f 428/1354/1354 396/1355/1355 640/1356/1356
f 339/1357/1357 589/1358/1358 531/1359/1359 397/1360/1360
f 589/1361/1361 339/1362/1362 535/1363/1363
f 399/1364/1364 592/1365/1365 559/1366/1366
f 398/1367/1367 560/1368/1368 592/1369/1369 399/1370/1370
f 400/1371/1371 533/1372/1372 704/1373/1373
f 400/1374/1374 704/1375/1375 640/1376/1376
f 533/1377/1377 400/1378/1378 403/1379/1379 550/1380/1380
f 550/1381/1381 403/1382/1382 404/1383/1383 552/1384/1384
f 552/1385/1385 404/1386/1386 401/1387/1387 540/1388/1388
f 540/1389/1389 401/1390/1390 340/1391/1391 539/1392/1392
f 836/1393/1393 682/1394/1394 571/1395/1395 336/1396/1396
f 336/1397/1397 571/1398/1398 572/1399/1399 341/1400/1400
f 341/1401/1401 572/1402/1402 573/1403/1403 407/1404/1404
f 407/1405/1405 573/1406/1406 574/1407/1407 408/1408/1408
f 408/1409/1409 574/1410/1410 570/1411/1411 406/1412/1412
f 539/1413/1413 340/1414/1414 409/1415/1415 585/1416/1416
f 585/1417/1417 409/1418/1418 402/1419/1419 549/1420/1420
f 561/1421/1421 405/1422/1422 342/1423/1423 586/1424/1424
f 586/1425/1425 342/1426/1426 406/1427/1427 570/1428/1428
f 549/1429/1429 402/1430/1430 410/1431/1431 587/1432/1432
f 531/1433/1433 412/1434/1434 337/1435/1435 397/1436/1436
f 587/1437/1437 410/1438/1438 412/1439/1439 531/1440/1440
f 560/1441/1441 413/1442/1442 411/1443/1443 588/1444/1444
f 560/1445/1445 398/1446/1446 338/1447/1447 413/1448/1448
f 588/1449/1449 411/1450/1450 405/1451/1451 561/1452/1452
f 694/1453/1453 422/1454/1454 414/1455/1455 665/1456/1456
f 665/1457/1457 414/1458/1458 431/1459/1459 695/1460/1460
f 726/1461/1461 432/1462/1462 415/1463/1463 666/1464/1464
f 666/1465/1465 415/1466/1466 425/1467/1467 708/1468/1468
f 684/1469/1469 421/1470/1470 416/1471/1471 667/1472/1472
f 667/1473/1473 416/1474/1474 422/1475/1475 694/1476/1476
f 708/1477/1477 425/1478/1478 417/1479/1479 668/1480/1480
f 668/1481/1481 417/1482/1482 427/1483/1483 718/1484/1484
f 421/1485/1485 684/1486/1486 679/1487/1487 418/1488/1488
f 418/1489/1489 679/1490/1490 680/1491/1491 419/1492/1492
f 419/1493/1493 680/1494/1494 681/1495/1495 420/1496/1496
f 683/1497/1497 837/1498/1498 420/1499/1499 681/1500/1500
f 837/1501/1501 683/1502/1502 682/1503/1503 836/1504/1504
f 718/1505/1505 427/1506/1506 426/1507/1507 717/1508/1508
f 717/1509/1509 426/1510/1510 423/1511/1511 705/1512/1512
f 705/1513/1513 423/1514/1514 424/1515/1515 707/1516/1516
f 707/1517/1517 424/1518/1518 428/1519/1519 724/1520/1520
f 724/1521/1521 428/1522/1522 704/1523/1523
f 428/1524/1524 640/1525/1525 704/1526/1526
f 429/1527/1527 661/1528/1528 695/1529/1529 431/1530/1530
f 661/1531/1531 429/1532/1532 696/1533/1533
f 430/1534/1534 664/1535/1535 722/1536/1536
f 432/1537/1537 726/1538/1538 664/1539/1539 430/1540/1540
f 433/1541/1541 435/1542/1542 434/1543/1543
f 436/1544/1544 438/1545/1545 437/1546/1546
f 439/1547/1547 440/1548/1548 438/1549/1549
f 433/1550/1550 443/1551/1551 442/1552/1552
f 446/1553/1553 448/1554/1554 447/1555/1555
f 434/1556/1556 450/1557/1557 449/1558/1558 433/1559/1559
f 785/1560/1560 452/1561/1561 451/1562/1562 786/1563/1563
f 451/1564/1564 452/1565/1565 455/1566/1566 454/1567/1567
f 454/1568/1568 455/1569/1569 457/1570/1570 456/1571/1571
f 449/1572/1572 450/1573/1573 456/1574/1574 457/1575/1575
f 458/1576/1576 461/1577/1577 460/1578/1578 459/1579/1579
f 459/1580/1580 448/1581/1581 446/1582/1582 458/1583/1583
f 785/1584/1584 787/1585/1585 462/1586/1586 452/1587/1587
f 449/1588/1588 463/1589/1589 443/1590/1590 433/1591/1591
f 442/1592/1592 464/1593/1593 435/1594/1594 433/1595/1595
f 465/1596/1596 435/1597/1597 464/1598/1598 466/1599/1599
f 461/1600/1600 465/1601/1601 466/1602/1602 460/1603/1603
f 455/1604/1604 468/1605/1605 467/1606/1606 457/1607/1607
f 449/1608/1608 471/1609/1609 463/1610/1610
f 452/1611/1611 462/1612/1612 468/1613/1613 455/1614/1614
f 449/1615/1615 457/1616/1616 467/1617/1617 471/1618/1618
f 451/1619/1619 504/1620/1620 783/1621/1621 786/1622/1622
f 787/1623/1623 782/1624/1624 491/1625/1625 462/1626/1626
f 474/1627/1627 479/1628/1628 781/1629/1629 788/1630/1630
f 463/1631/1631 490/1632/1632 510/1633/1633 443/1634/1634
f 434/1635/1635 519/1636/1636 497/1637/1637 450/1638/1638
f 437/1639/1639 516/1640/1640 502/1641/1641 453/1642/1642
f 446/1643/1643 507/1644/1644 495/1645/1645 458/1646/1646
f 469/1647/1647 484/1648/1648 477/1649/1649 476/1650/1650
f 465/1651/1651 488/1652/1652 518/1653/1653 435/1654/1654
f 472/1655/1655 481/1656/1656 480/1657/1657 473/1658/1658
f 443/1659/1659 510/1660/1660 511/1661/1661 442/1662/1662
f 471/1663/1663 482/1664/1664 490/1665/1665 463/1666/1666
f 464/1667/1667 489/1668/1668 487/1669/1669 466/1670/1670
f 453/1671/1671 502/1672/1672 507/1673/1673 446/1674/1674
f 441/1675/1675 512/1676/1676 513/1677/1677 440/1678/1678
f 450/1679/1679 497/1680/1680 499/1681/1681 456/1682/1682
f 456/1683/1683 499/1684/1684 501/1685/1685 454/1686/1686
f 447/1687/1687 506/1688/1688 481/1689/1689 472/1690/1690
f 442/1691/1691 511/1692/1692 489/1693/1693 464/1694/1694
f 467/1695/1695 486/1696/1696 482/1697/1697 471/1698/1698
f 476/1699/1699 477/1700/1700 478/1701/1701 475/1702/1702
f 466/1703/1703 487/1704/1704 493/1705/1705 460/1706/1706
f 460/1707/1707 493/1708/1708 494/1709/1709 459/1710/1710
f 468/1711/1711 485/1712/1712 486/1713/1713 467/1714/1714
f 448/1715/1715 505/1716/1716 506/1717/1717 447/1718/1718
f 459/1719/1719 494/1720/1720 505/1721/1721 448/1722/1722
f 440/1723/1723 513/1724/1724 515/1725/1725 438/1726/1726
f 435/1727/1727 518/1728/1728 519/1729/1729 434/1730/1730
f 458/1731/1731 495/1732/1732 492/1733/1733 461/1734/1734
f 470/1735/1735 483/1736/1736 484/1737/1737 469/1738/1738
f 454/1739/1739 501/1740/1740 504/1741/1741 451/1742/1742
f 461/1743/1743 492/1744/1744 488/1745/1745 465/1746/1746
f 438/1747/1747 515/1748/1748 516/1749/1749 437/1750/1750
f 518/1751/1751 520/1752/1752 519/1753/1753
f 515/1754/1754 517/1755/1755 516/1756/1756
f 513/1757/1757 514/1758/1758 515/1759/1759
f 512/1760/1760 514/1761/1761 513/1762/1762
f 510/1763/1763 520/1764/1764 511/1765/1765
f 505/1766/1766 507/1767/1767 506/1768/1768
f 496/1769/1769 497/1770/1770 519/1771/1771 520/1772/1772
f 504/1773/1773 503/1774/1774 784/1775/1775 783/1776/1776
f 500/1777/1777 503/1778/1778 504/1779/1779 501/1780/1780
f 498/1781/1781 500/1782/1782 501/1783/1783 499/1784/1784
f 499/1785/1785 497/1786/1786 496/1787/1787 498/1788/1788
f 493/1789/1789 492/1790/1790 495/1791/1791 494/1792/1792
f 507/1793/1793 505/1794/1794 494/1795/1795 495/1796/1796
f 491/1797/1797 782/1798/1798 784/1799/1799 503/1800/1800
f 510/1801/1801 490/1802/1802 496/1803/1803 520/1804/1804
f 518/1805/1805 489/1806/1806 511/1807/1807 520/1808/1808
f 489/1809/1809 518/1810/1810 488/1811/1811 487/1812/1812
f 487/1813/1813 488/1814/1814 492/1815/1815 493/1816/1816
f 486/1817/1817 485/1818/1818 500/1819/1819 498/1820/1820
f 490/1821/1821 482/1822/1822 496/1823/1823
f 485/1824/1824 491/1825/1825 503/1826/1826 500/1827/1827
f 486/1828/1828 498/1829/1829 496/1830/1830 482/1831/1831
f 462/1832/1832 491/1833/1833 479/1834/1834 474/1835/1835
f 468/1836/1836 475/1837/1837 478/1838/1838 485/1839/1839
f 462/1840/1840 474/1841/1841 475/1842/1842 468/1843/1843
f 478/1844/1844 479/1845/1845 491/1846/1846 485/1847/1847
f 521/1848/1848 522/1849/1849 508/1850/1850 445/1851/1851
f 445/1852/1852 508/1853/1853 524/1854/1854 523/1855/1855
f 523/1856/1856 524/1857/1857 509/1858/1858 444/1859/1859
f 444/1860/1860 509/1861/1861 526/1862/1862 525/1863/1863
f 525/1864/1864 526/1865/1865 483/1866/1866 470/1867/1867
f 473/1868/1868 480/1869/1869 528/1870/1870 527/1871/1871
f 527/1872/1872 528/1873/1873 522/1874/1874 521/1875/1875
f 537/1876/1876 548/1877/1877 436/1878/1878
f 548/1879/1879 543/1880/1880 436/1881/1881
f 543/1882/1882 536/1883/1883 436/1884/1884
f 446/1885/1885 447/1886/1886 529/1887/1887 545/1888/1888
f 436/1889/1889 437/1890/1890 590/1891/1891 537/1892/1892
f 437/1893/1893 453/1894/1894 546/1895/1895 590/1896/1896
f 551/1897/1897 547/1898/1898 470/1899/1899 469/1900/1900
f 447/1901/1901 472/1902/1902 534/1903/1903 529/1904/1904
f 453/1905/1905 446/1906/1906 545/1907/1907 546/1908/1908
f 472/1909/1909 473/1910/1910 532/1911/1911 534/1912/1912
f 474/1913/1913 788/1914/1914 703/1915/1915 530/1916/1916
f 475/1917/1917 474/1918/1918 530/1919/1919 538/1920/1920
f 476/1921/1921 475/1922/1922 538/1923/1923 542/1924/1924
f 436/1925/1925 536/1926/1926 591/1927/1927 535/1928/1928
f 542/1929/1929 551/1930/1930 469/1931/1931 476/1932/1932
f 553/1933/1933 554/1934/1934 517/1935/1935
f 555/1936/1936 553/1937/1937 517/1938/1938
f 556/1939/1939 555/1940/1940 517/1941/1941
f 506/1942/1942 507/1943/1943 558/1944/1944 557/1945/1945
f 502/1946/1946 516/1947/1947 593/1948/1948 562/1949/1949
f 516/1950/1950 517/1951/1951 554/1952/1952 593/1953/1953
f 484/1954/1954 483/1955/1955 576/1956/1956 563/1957/1957
f 557/1958/1958 564/1959/1959 481/1960/1960 506/1961/1961
f 562/1962/1962 558/1963/1963 507/1964/1964 502/1965/1965
f 564/1966/1966 565/1967/1967 480/1968/1968 481/1969/1969
f 567/1970/1970 687/1971/1971 781/1972/1972 479/1973/1973
f 568/1974/1974 567/1975/1975 479/1976/1976 478/1977/1977
f 569/1978/1978 568/1979/1979 478/1980/1980 477/1981/1981
f 517/1982/1982 559/1983/1983 594/1984/1984 556/1985/1985
f 477/1986/1986 484/1987/1987 563/1988/1988 569/1989/1989
f 521/1990/1990 445/1991/1991 544/1992/1992 577/1993/1993
f 508/1994/1994 522/1995/1995 578/1996/1996 566/1997/1997
f 523/1998/1998 444/1999/1999 541/2000/2000 579/2001/2001
f 445/2002/2002 523/2003/2003 579/2004/2004 544/2005/2005
f 580/2006/2006 575/2007/2007 509/2008/2008 524/2009/2009
f 566/2010/2010 580/2011/2011 524/2012/2012 508/2013/2013
f 581/2014/2014 541/2015/2015 444/2016/2016 525/2017/2017
f 547/2018/2018 581/2019/2019 525/2020/2020 470/2021/2021
f 582/2022/2022 576/2023/2023 483/2024/2024 526/2025/2025
f 575/2026/2026 582/2027/2027 526/2028/2028 509/2029/2029
f 527/2030/2030 521/2031/2031 577/2032/2032 583/2033/2033
f 473/2034/2034 527/2035/2035 583/2036/2036 532/2037/2037
f 528/2038/2038 480/2039/2039 565/2040/2040 584/2041/2041
f 522/2042/2042 528/2043/2043 584/2044/2044 578/2045/2045
f 545/2046/2046 558/2047/2047 562/2048/2048 546/2049/2049
f 529/2050/2050 557/2051/2051 558/2052/2052 545/2053/2053
f 529/2054/2054 534/2055/2055 564/2056/2056 557/2057/2057
f 532/2058/2058 565/2059/2059 564/2060/2060 534/2061/2061
f 532/2062/2062 583/2063/2063 584/2064/2064 565/2065/2065
f 577/2066/2066 578/2067/2067 584/2068/2068 583/2069/2069
f 544/2070/2070 566/2071/2071 578/2072/2072 577/2073/2073
f 544/2074/2074 579/2075/2075 580/2076/2076 566/2077/2077
f 541/2078/2078 575/2079/2079 580/2080/2080 579/2081/2081
f 541/2082/2082 581/2083/2083 582/2084/2084 575/2085/2085
f 547/2086/2086 576/2087/2087 582/2088/2088 581/2089/2089
f 547/2090/2090 551/2091/2091 563/2092/2092 576/2093/2093
f 542/2094/2094 569/2095/2095 563/2096/2096 551/2097/2097
f 538/2098/2098 568/2099/2099 569/2100/2100 542/2101/2101
f 530/2102/2102 567/2103/2103 568/2104/2104 538/2105/2105
f 530/2106/2106 703/2107/2107 687/2108/2108 567/2109/2109
f 546/2110/2110 562/2111/2111 593/2112/2112 590/2113/2113
f 533/2114/2114 571/2115/2115 682/2116/2116 704/2117/2117
f 533/2118/2118 550/2119/2119 572/2120/2120 571/2121/2121
f 550/2122/2122 552/2123/2123 573/2124/2124 572/2125/2125
f 540/2126/2126 574/2127/2127 573/2128/2128 552/2129/2129
f 539/2130/2130 570/2131/2131 574/2132/2132 540/2133/2133
f 539/2134/2134 585/2135/2135 586/2136/2136 570/2137/2137
f 549/2138/2138 561/2139/2139 586/2140/2140 585/2141/2141
f 549/2142/2142 587/2143/2143 588/2144/2144 561/2145/2145
f 531/2146/2146 560/2147/2147 588/2148/2148 587/2149/2149
f 531/2150/2150 589/2151/2151 592/2152/2152 560/2153/2153
f 535/2154/2154 559/2155/2155 592/2156/2156 589/2157/2157
f 535/2158/2158 591/2159/2159 594/2160/2160 559/2161/2161
f 536/2162/2162 556/2163/2163 594/2164/2164 591/2165/2165
f 536/2166/2166 543/2167/2167 555/2168/2168 556/2169/2169
f 543/2170/2170 548/2171/2171 553/2172/2172 555/2173/2173
f 537/2174/2174 554/2175/2175 553/2176/2176 548/2177/2177
f 537/2178/2178 590/2179/2179 593/2180/2180 554/2181/2181
f 441/2182/2182 440/2183/2183 596/2184/2184
f 596/2185/2185 440/2186/2186 439/2187/2187
f 597/2188/2188 599/2189/2189 439/2190/2190
f 595/2191/2191 597/2192/2192 439/2193/2193
f 599/2194/2194 596/2195/2195 439/2196/2196
f 598/2197/2197 600/2198/2198 512/2199/2199 441/2200/2200
f 601/2201/2201 602/2202/2202 514/2203/2203
f 602/2204/2204 603/2205/2205 514/2206/2206
f 512/2207/2207 600/2208/2208 623/2209/2209 604/2210/2210
f 604/2211/2211 601/2212/2212 514/2213/2213 512/2214/2214
f 605/2215/2215 595/2216/2216 439/2217/2217
f 603/2218/2218 606/2219/2219 514/2220/2220
f 441/2221/2221 596/2222/2222 601/2223/2223 604/2224/2224
f 441/2225/2225 604/2226/2226 623/2227/2227 598/2228/2228
f 598/2229/2229 623/2230/2230 600/2231/2231
f 596/2232/2232 599/2233/2233 602/2234/2234 601/2235/2235
f 597/2236/2236 603/2237/2237 602/2238/2238 599/2239/2239
f 595/2240/2240 605/2241/2241 606/2242/2242 603/2243/2243
f 605/2244/2244 624/2245/2245 625/2246/2246 606/2247/2247
f 621/2248/2248 622/2249/2249 625/2250/2250 624/2251/2251
f 610/2252/2252 613/2253/2253 622/2254/2254 621/2255/2255
f 610/2256/2256 619/2257/2257 620/2258/2258 613/2259/2259
f 608/2260/2260 614/2261/2261 620/2262/2262 619/2263/2263
f 608/2264/2264 609/2265/2265 618/2266/2266 614/2267/2267
f 609/2268/2268 612/2269/2269 617/2270/2270 618/2271/2271
f 611/2272/2272 616/2273/2273 617/2274/2274 612/2275/2275
f 607/2276/2276 615/2277/2277 616/2278/2278 611/2279/2279
f 607/2280/2280 640/2281/2281 636/2282/2282 615/2283/2283
f 646/2284/2284 637/2285/2285 636/2286/2286 640/2287/2287
f 646/2288/2288 642/2289/2289 635/2290/2290 637/2291/2291
f 642/2292/2292 641/2293/2293 634/2294/2294 635/2295/2295
f 644/2296/2296 633/2297/2297 634/2298/2298 641/2299/2299
f 645/2300/2300 638/2301/2301 633/2302/2302 644/2303/2303
f 645/2304/2304 632/2305/2305 631/2306/2306 638/2307/2307
f 643/2308/2308 639/2309/2309 631/2310/2310 632/2311/2311
f 643/2312/2312 630/2313/2313 629/2314/2314 639/2315/2315
f 630/2316/2316 627/2317/2317 626/2318/2318 629/2319/2319
f 648/2320/2320 647/2321/2321 626/2322/2322 627/2323/2323
f 658/2324/2324 650/2325/2325 647/2326/2326 648/2327/2327
f 656/2328/2328 654/2329/2329 651/2330/2330 650/2331/2331
f 657/2332/2332 652/2333/2333 651/2334/2334 654/2335/2335
f 655/2336/2336 653/2337/2337 628/2338/2338
f 824/2339/2339 655/2340/2340 628/2341/2341 649/2342/2342
f 824/2343/2343 649/2344/2344 652/2345/2345 657/2346/2346
f 650/2347/2347 743/2348/2348 647/2349/2349
f 648/2350/2350 826/2351/2351 658/2352/2352
f 649/2353/2353 745/2354/2354 743/2355/2355 652/2356/2356
f 745/2357/2357 649/2358/2358 628/2359/2359 653/2360/2360
f 651/2361/2361 743/2362/2362 650/2363/2363
f 652/2364/2364 743/2365/2365 651/2366/2366
f 655/2367/2367 824/2368/2368 745/2369/2369 653/2370/2370
f 654/2371/2371 826/2372/2372 657/2373/2373
f 658/2374/2374 826/2375/2375 656/2376/2376
f 656/2377/2377 826/2378/2378 654/2379/2379
f 657/2380/2380 826/2381/2381 825/2382/2382
f 824/2383/2383 657/2384/2384 825/2385/2385
f 720/2386/2386 701/2387/2387 660/2388/2388 663/2389/2389
f 720/2390/2390 709/2391/2391 702/2392/2392 701/2393/2393
f 714/2394/2394 700/2395/2395 702/2396/2396 709/2397/2397
f 721/2398/2398 699/2399/2399 700/2400/2400 714/2401/2401
f 721/2402/2402 662/2403/2403 659/2404/2404 699/2405/2405
f 722/2406/2406 696/2407/2407 659/2408/2408 662/2409/2409
f 722/2410/2410 664/2411/2411 661/2412/2412 696/2413/2413
f 726/2414/2414 695/2415/2415 661/2416/2416 664/2417/2417
f 726/2418/2418 666/2419/2419 665/2420/2420 695/2421/2421
f 708/2422/2422 694/2423/2423 665/2424/2424 666/2425/2425
f 708/2426/2426 668/2427/2427 667/2428/2428 694/2429/2429
f 718/2430/2430 684/2431/2431 667/2432/2432 668/2433/2433
f 718/2434/2434 717/2435/2435 679/2436/2436 684/2437/2437
f 717/2438/2438 705/2439/2439 680/2440/2440 679/2441/2441
f 707/2442/2442 681/2443/2443 680/2444/2444 705/2445/2445
f 724/2446/2446 683/2447/2447 681/2448/2448 707/2449/2449
f 724/2450/2450 704/2451/2451 682/2452/2452 683/2453/2453
f 711/2454/2454 663/2455/2455 660/2456/2456 693/2457/2457
f 727/2458/2458 688/2459/2459 687/2460/2460 703/2461/2461
f 727/2462/2462 719/2463/2463 686/2464/2464 688/2465/2465
f 719/2466/2466 715/2467/2467 685/2468/2468 686/2469/2469
f 715/2470/2470 706/2471/2471 692/2472/2472 685/2473/2473
f 710/2474/2474 677/2475/2475 692/2476/2476 706/2477/2477
f 710/2478/2478 672/2479/2479 671/2480/2480 677/2481/2481
f 716/2482/2482 678/2483/2483 671/2484/2484 672/2485/2485
f 716/2486/2486 674/2487/2487 673/2488/2488 678/2489/2489
f 713/2490/2490 689/2491/2491 673/2492/2492 674/2493/2493
f 713/2494/2494 676/2495/2495 675/2496/2496 689/2497/2497
f 676/2498/2498 670/2499/2499 669/2500/2500 675/2501/2501
f 725/2502/2502 690/2503/2503 669/2504/2504 670/2505/2505
f 725/2506/2506 723/2507/2507 691/2508/2508 690/2509/2509
f 728/2510/2510 698/2511/2511 691/2512/2512 723/2513/2513
f 728/2514/2514 712/2515/2515 697/2516/2516 698/2517/2517
f 712/2518/2518 711/2519/2519 693/2520/2520 697/2521/2521
f 735/2522/2522 675/2523/2523 669/2524/2524 729/2525/2525
f 729/2526/2526 669/2527/2527 690/2528/2528 777/2529/2529
f 792/2530/2530 725/2531/2531 670/2532/2532 730/2533/2533
f 730/2534/2534 670/2535/2535 676/2536/2536 736/2537/2537
f 678/2538/2538 748/2539/2539 731/2540/2540 671/2541/2541
f 671/2542/2542 731/2543/2543 774/2544/2544 677/2545/2545
f 710/2546/2546 795/2547/2547 732/2548/2548 672/2549/2549
f 672/2550/2550 732/2551/2551 821/2552/2552 716/2553/2553
f 689/2554/2554 749/2555/2555 733/2556/2556 673/2557/2557
f 673/2558/2558 733/2559/2559 748/2560/2560 678/2561/2561
f 820/2562/2562 713/2563/2563 674/2564/2564 734/2565/2565
f 734/2566/2566 674/2567/2567 716/2568/2568 821/2569/2569
f 749/2570/2570 689/2571/2571 675/2572/2572 735/2573/2573
f 736/2574/2574 676/2575/2575 713/2576/2576 820/2577/2577
f 780/2578/2578 685/2579/2579 692/2580/2580 773/2581/2581
f 740/2582/2582 699/2583/2583 659/2584/2584 696/2585/2585
f 685/2586/2586 780/2587/2587 779/2588/2588 686/2589/2589
f 686/2590/2590 779/2591/2591 778/2592/2592 688/2593/2593
f 688/2594/2594 778/2595/2595 781/2596/2596 687/2597/2597
f 691/2598/2598 776/2599/2599 777/2600/2600 690/2601/2601
f 693/2602/2602 755/2603/2603 750/2604/2604 697/2605/2605
f 698/2606/2606 751/2607/2607 776/2608/2608 691/2609/2609
f 773/2610/2610 692/2611/2611 677/2612/2612 774/2613/2613
f 741/2614/2614 660/2615/2615 701/2616/2616 740/2617/2617
f 755/2618/2618 693/2619/2619 660/2620/2620 741/2621/2621
f 751/2622/2622 698/2623/2623 697/2624/2624 750/2625/2625
f 699/2626/2626 740/2627/2627 700/2628/2628
f 700/2629/2629 740/2630/2630 702/2631/2631
f 702/2632/2632 740/2633/2633 701/2634/2634
f 715/2635/2635 789/2636/2636 796/2637/2637 706/2638/2638
f 829/2639/2639 722/2640/2640 662/2641/2641 721/2642/2642
f 789/2643/2643 715/2644/2644 719/2645/2645 790/2646/2646
f 790/2647/2647 719/2648/2648 727/2649/2649 791/2650/2650
f 791/2651/2651 727/2652/2652 703/2653/2653 788/2654/2654
f 793/2655/2655 723/2656/2656 725/2657/2657 792/2658/2658
f 812/2659/2659 711/2660/2660 712/2661/2661 819/2662/2662
f 818/2663/2663 728/2664/2664 723/2665/2665 793/2666/2666
f 706/2667/2667 796/2668/2668 795/2669/2669 710/2670/2670
f 828/2671/2671 663/2672/2672 711/2673/2673 812/2674/2674
f 829/2675/2675 720/2676/2676 663/2677/2677 828/2678/2678
f 819/2679/2679 712/2680/2680 728/2681/2681 818/2682/2682
f 714/2683/2683 829/2684/2684 721/2685/2685
f 709/2686/2686 829/2687/2687 714/2688/2688
f 720/2689/2689 829/2690/2690 709/2691/2691
f 730/2692/2692 736/2693/2693 735/2694/2694 729/2695/2695
f 792/2696/2696 730/2697/2697 729/2698/2698 777/2699/2699
f 732/2700/2700 795/2701/2701 774/2702/2702 731/2703/2703
f 821/2704/2704 732/2705/2705 731/2706/2706 748/2707/2707
f 734/2708/2708 821/2709/2709 748/2710/2710 733/2711/2711
f 820/2712/2712 734/2713/2713 733/2714/2714 749/2715/2715
f 736/2716/2716 820/2717/2717 749/2718/2718 735/2719/2719
f 779/2720/2720 772/2721/2721 766/2722/2722 778/2723/2723
f 803/2724/2724 797/2725/2725 790/2726/2726 791/2727/2727
f 797/2728/2728 772/2729/2729 779/2730/2730 790/2731/2731
f 803/2732/2732 791/2733/2733 778/2734/2734 766/2735/2735
f 771/2736/2736 775/2737/2737 761/2738/2738 759/2739/2739
f 772/2740/2740 757/2741/2741 754/2742/2742 766/2743/2743
f 767/2744/2744 761/2745/2745 775/2746/2746
f 771/2747/2747 759/2748/2748 757/2749/2749 772/2750/2750
f 770/2751/2751 764/2752/2752 765/2753/2753 769/2754/2754
f 768/2755/2755 770/2756/2756 769/2757/2757 739/2758/2758
f 739/2759/2759 737/2760/2760 746/2761/2761 768/2762/2762
f 747/2763/2763 737/2764/2764 761/2765/2765 767/2766/2766
f 766/2767/2767 754/2768/2768 784/2769/2769 782/2770/2770
f 750/2771/2771 762/2772/2772 763/2773/2773 752/2774/2774
f 764/2775/2775 763/2776/2776 762/2777/2777 765/2778/2778
f 758/2779/2779 759/2780/2780 761/2781/2781 760/2782/2782
f 759/2783/2783 758/2784/2784 756/2785/2785 757/2786/2786
f 757/2787/2787 756/2788/2788 753/2789/2789 754/2790/2790
f 753/2791/2791 783/2792/2792 784/2793/2793 754/2794/2794
f 761/2795/2795 737/2796/2796 738/2797/2797 760/2798/2798
f 752/2799/2799 751/2800/2800 750/2801/2801
f 747/2802/2802 746/2803/2803 737/2804/2804
f 745/2805/2805 744/2806/2806 743/2807/2807
f 744/2808/2808 742/2809/2809 743/2810/2810
f 742/2811/2811 741/2812/2812 740/2813/2813
f 739/2814/2814 738/2815/2815 737/2816/2816
f 827/2817/2817 828/2818/2818 741/2819/2819 742/2820/2820
f 804/2821/2821 800/2822/2822 769/2823/2823 765/2824/2824
f 811/2825/2825 814/2826/2826 753/2827/2827 756/2828/2828
f 795/2829/2829 796/2830/2830 773/2831/2831 774/2832/2832
f 807/2833/2833 804/2834/2834 765/2835/2835 762/2836/2836
f 830/2837/2837 831/2838/2838 738/2839/2839 739/2840/2840
f 825/2841/2841 827/2842/2842 742/2843/2843 744/2844/2844
f 806/2845/2845 817/2846/2846 752/2847/2847 763/2848/2848
f 817/2849/2849 818/2850/2850 751/2851/2851 752/2852/2852
f 797/2853/2853 798/2854/2854 771/2855/2855 772/2856/2856
f 805/2857/2857 806/2858/2858 763/2859/2859 764/2860/2860
f 799/2861/2861 805/2862/2862 764/2863/2863 770/2864/2864
f 789/2865/2865 790/2866/2866 779/2867/2867 780/2868/2868
f 798/2869/2869 794/2870/2870 775/2871/2871 771/2872/2872
f 823/2873/2873 801/2874/2874 768/2875/2875 746/2876/2876
f 818/2877/2877 793/2878/2878 776/2879/2879 751/2880/2880
f 809/2881/2881 811/2882/2882 756/2883/2883 758/2884/2884
f 815/2885/2885 809/2886/2886 758/2887/2887 760/2888/2888
f 824/2889/2889 825/2890/2890 744/2891/2891 745/2892/2892
f 812/2893/2893 819/2894/2894 750/2895/2895 755/2896/2896
f 801/2897/2897 799/2898/2898 770/2899/2899 768/2900/2900
f 794/2901/2901 802/2902/2902 767/2903/2903 775/2904/2904
f 822/2905/2905 823/2906/2906 746/2907/2907 747/2908/2908
f 793/2909/2909 792/2910/2910 777/2911/2911 776/2912/2912
f 800/2913/2913 830/2914/2914 739/2915/2915 769/2916/2916
f 796/2917/2917 789/2918/2918 780/2919/2919 773/2920/2920
f 819/2921/2921 807/2922/2922 762/2923/2923 750/2924/2924
f 828/2925/2925 812/2926/2926 755/2927/2927 741/2928/2928
f 831/2929/2929 815/2930/2930 760/2931/2931 738/2932/2932
f 802/2933/2933 822/2934/2934 747/2935/2935 767/2936/2936
f 791/2937/2937 788/2938/2938 781/2939/2939 778/2940/2940
f 787/2941/2941 803/2942/2942 766/2943/2943 782/2944/2944
f 814/2945/2945 786/2946/2946 783/2947/2947 753/2948/2948
f 816/2949/2949 794/2950/2950 798/2951/2951 808/2952/2952
f 813/2953/2953 810/2954/2954 797/2955/2955 803/2956/2956
f 816/2957/2957 802/2958/2958 794/2959/2959
f 810/2960/2960 808/2961/2961 798/2962/2962 797/2963/2963
f 804/2964/2964 805/2965/2965 799/2966/2966 800/2967/2967
f 800/2968/2968 799/2969/2969 801/2970/2970 830/2971/2971
f 823/2972/2972 832/2973/2973 830/2974/2974 801/2975/2975
f 816/2976/2976 832/2977/2977 822/2978/2978 802/2979/2979
f 785/2980/2980 813/2981/2981 803/2982/2982 787/2983/2983
f 806/2984/2984 807/2985/2985 819/2986/2986 817/2987/2987
f 807/2988/2988 806/2989/2989 805/2990/2990 804/2991/2991
f 816/2992/2992 808/2993/2993 809/2994/2994 815/2995/2995
f 811/2996/2996 809/2997/2997 808/2998/2998 810/2999/2999
f 814/3000/3000 811/3001/3001 810/3002/3002 813/3003/3003
f 785/3004/3004 786/3005/3005 814/3006/3006 813/3007/3007
f 831/3008/3008 832/3009/3009 816/3010/3010 815/3011/3011
f 819/3012/3012 818/3013/3013 817/3014/3014
f 832/3015/3015 823/3016/3016 822/3017/3017
f 826/3018/3018 827/3019/3019 825/3020/3020
f 829/3021/3021 828/3022/3022 827/3023/3023
f 832/3024/3024 831/3025/3025 830/3026/3026
f 834/3027/3027 836/3028/3028 336/3029/3029 833/3030/3030
f 835/3031/3031 837/3032/3032 836/3033/3033 834/3034/3034
f 1014/3035/3035 979/3036/3036 687/3037/3037 703/3038/3038
f 1014/3039/3039 1007/3040/3040 978/3041/3041 979/3042/3042
f 1007/3043/3043 1003/3044/3044 977/3045/3045 978/3046/3046
f 1003/3047/3047 994/3048/3048 983/3049/3049 977/3050/3050
f 998/3051/3051 970/3052/3052 983/3053/3053 994/3054/3054
f 998/3055/3055 965/3056/3056 964/3057/3057 970/3058/3058
f 1004/3059/3059 971/3060/3060 964/3061/3061 965/3062/3062
f 1004/3063/3063 967/3064/3064 966/3065/3065 971/3066/3066
f 1001/3067/3067 980/3068/3068 966/3069/3069 967/3070/3070
f 1001/3071/3071 969/3072/3072 968/3073/3073 980/3074/3074
f 969/3075/3075 963/3076/3076 962/3077/3077 968/3078/3078
f 1012/3079/3079 981/3080/3080 962/3081/3081 963/3082/3082
f 1012/3083/3083 1010/3084/3084 982/3085/3085 981/3086/3086
f 1015/3087/3087 988/3088/3088 982/3089/3089 1010/3090/3090
f 1015/3091/3091 1000/3092/3092 987/3093/3093 988/3094/3094
f 1000/3095/3095 999/3096/3096 984/3097/3097 987/3098/3098
f 1020/3099/3099 1017/3100/3100 984/3101/3101 999/3102/3102
f 1020/3103/3103 1008/3104/3104 991/3105/3105 1017/3106/3106
f 1008/3107/3107 997/3108/3108 992/3109/3109 991/3110/3110
f 1002/3111/3111 990/3112/3112 992/3113/3113 997/3114/3114
f 1009/3115/3115 989/3116/3116 990/3117/3117 1002/3118/3118
f 1019/3119/3119 1016/3120/3120 989/3121/3121 1009/3122/3122
f 1021/3123/3123 1018/3124/3124 1016/3125/3125 1019/3126/3126
f 1021/3127/3127 1013/3128/3128 986/3129/3129 1018/3130/3130
f 1013/3131/3131 959/3132/3132 958/3133/3133 986/3134/3134
f 996/3135/3135 985/3136/3136 958/3137/3137 959/3138/3138
f 996/3139/3139 961/3140/3140 960/3141/3141 985/3142/3142
f 1006/3143/3143 976/3144/3144 960/3145/3145 961/3146/3146
f 1006/3147/3147 1005/3148/3148 972/3149/3149 976/3150/3150
f 1005/3151/3151 993/3152/3152 973/3153/3153 972/3154/3154
f 995/3155/3155 974/3156/3156 973/3157/3157 993/3158/3158
f 1011/3159/3159 975/3160/3160 974/3161/3161 995/3162/3162
f 1011/3163/3163 704/3164/3164 682/3165/3165 975/3166/3166
f 696/3167/3167 695/3168/3168 726/3169/3169 722/3170/3170
f 860/3171/3171 856/3172/3172 867/3173/3173 863/3174/3174
f 849/3175/3175 861/3176/3176 862/3177/3177 875/3178/3178
f 858/3179/3179 845/3180/3180 879/3181/3181 865/3182/3182
f 848/3183/3183 840/3184/3184 884/3185/3185 876/3186/3186
f 851/3187/3187 850/3188/3188 874/3189/3189 873/3190/3190
f 856/3191/3191 857/3192/3192 866/3193/3193 867/3194/3194
f 846/3195/3195 847/3196/3196 877/3197/3197 878/3198/3198
f 845/3199/3199 844/3200/3200 880/3201/3201 879/3202/3202
f 859/3203/3203 852/3204/3204 872/3205/3205 864/3206/3206
f 840/3207/3207 839/3208/3208 885/3209/3209 884/3210/3210
f 853/3211/3211 848/3212/3212 876/3213/3213 871/3214/3214
f 854/3215/3215 853/3216/3216 871/3217/3217 870/3218/3218
f 850/3219/3219 849/3220/3220 875/3221/3221 874/3222/3222
f 847/3223/3223 843/3224/3224 881/3225/3225 877/3226/3226
f 839/3227/3227 846/3228/3228 878/3229/3229 885/3230/3230
f 852/3231/3231 851/3232/3232 873/3233/3233 872/3234/3234
f 857/3235/3235 858/3236/3236 865/3237/3237 866/3238/3238
f 855/3239/3239 886/3240/3240 887/3241/3241 869/3242/3242
f 838/3243/3243 889/3244/3244 888/3245/3245 868/3246/3246
f 889/3247/3247 855/3248/3248 869/3249/3249 888/3250/3250
f 844/3251/3251 890/3252/3252 891/3253/3253 880/3254/3254
f 890/3255/3255 838/3256/3256 868/3257/3257 891/3258/3258
f 886/3259/3259 892/3260/3260 893/3261/3261 887/3262/3262
f 892/3263/3263 854/3264/3264 870/3265/3265 893/3266/3266
f 842/3267/3267 894/3268/3268 895/3269/3269 882/3270/3270
f 894/3271/3271 859/3272/3272 864/3273/3273 895/3274/3274
f 896/3275/3275 842/3276/3276 897/3277/3277
f 841/3278/3278 896/3279/3279 897/3280/3280 843/3281/3281
f 843/3282/3282 897/3283/3283 898/3284/3284 881/3285/3285
f 897/3286/3286 842/3287/3287 882/3288/3288 898/3289/3289
f 898/3290/3290 882/3291/3291 899/3292/3292
f 881/3293/3293 898/3294/3294 899/3295/3295 883/3296/3296
f 918/3297/3297 916/3298/3298 900/3299/3299 901/3300/3300
f 901/3301/3301 900/3302/3302 917/3303/3303
f 902/3304/3304 901/3305/3305 917/3306/3306 953/3307/3307
f 952/3308/3308 918/3309/3309 901/3310/3310 902/3311/3311
f 954/3312/3312 952/3313/3313 902/3314/3314 903/3315/3315
f 903/3316/3316 902/3317/3317 953/3318/3318
f 905/3319/3319 904/3320/3320 935/3321/3321 936/3322/3322
f 953/3323/3323 917/3324/3324 904/3325/3325 905/3326/3326
f 907/3327/3327 906/3328/3328 929/3329/3329 941/3330/3330
f 913/3331/3331 912/3332/3332 906/3333/3333 907/3334/3334
f 909/3335/3335 908/3336/3336 931/3337/3337 957/3338/3338
f 951/3339/3339 919/3340/3340 908/3341/3341 909/3342/3342
f 910/3343/3343 911/3344/3344 930/3345/3345 940/3346/3346
f 957/3347/3347 931/3348/3348 911/3349/3349 910/3350/3350
f 940/3351/3351 930/3352/3352 912/3353/3353 913/3354/3354
f 938/3355/3355 933/3356/3356 934/3357/3357 937/3358/3358
f 943/3359/3359 927/3360/3360 926/3361/3361 944/3362/3362
f 956/3363/3363 914/3364/3364 921/3365/3365 949/3366/3366
f 948/3367/3367 922/3368/3368 918/3369/3369 952/3370/3370
f 945/3371/3371 925/3372/3372 924/3373/3373 946/3374/3374
f 941/3375/3375 929/3376/3376 928/3377/3377 942/3378/3378
f 942/3379/3379 928/3380/3380 923/3381/3381 947/3382/3382
f 955/3383/3383 915/3384/3384 914/3385/3385 956/3386/3386
f 936/3387/3387 935/3388/3388 927/3389/3389 943/3390/3390
f 950/3391/3391 920/3392/3392 919/3393/3393 951/3394/3394
f 949/3395/3395 921/3396/3396 922/3397/3397 948/3398/3398
f 939/3399/3399 932/3400/3400 933/3401/3401 938/3402/3402
f 944/3403/3403 926/3404/3404 925/3405/3405 945/3406/3406
f 947/3407/3407 923/3408/3408 915/3409/3409 955/3410/3410
f 937/3411/3411 934/3412/3412 920/3413/3413 950/3414/3414
f 946/3415/3415 924/3416/3416 862/3417/3417 861/3418/3418
f 860/3419/3419 863/3420/3420 932/3421/3421 939/3422/3422
f 840/3423/3423 720/3424/3424 709/3425/3425 839/3426/3426
f 839/3427/3427 709/3428/3428 714/3429/3429 846/3430/3430
f 846/3431/3431 714/3432/3432 721/3433/3433 847/3434/3434
f 712/3435/3435 848/3436/3436 728/3437/3437
f 841/3438/3438 722/3439/3439 726/3440/3440
f 840/3441/3441 711/3442/3442 663/3443/3443 720/3444/3444
f 845/3445/3445 706/3446/3446 710/3447/3447 844/3448/3448
f 728/3449/3449 848/3450/3450 853/3451/3451 723/3452/3452
f 711/3453/3453 840/3454/3454 848/3455/3455 712/3456/3456
f 723/3457/3457 853/3458/3458 854/3459/3459 725/3460/3460
f 727/3461/3461 856/3462/3462 860/3463/3463 703/3464/3464
f 719/3465/3465 857/3466/3466 856/3467/3467 727/3468/3468
f 715/3469/3469 858/3470/3470 857/3471/3471 719/3472/3472
f 847/3473/3473 721/3474/3474 662/3475/3475 843/3476/3476
f 843/3477/3477 662/3478/3478 722/3479/3479 841/3480/3480
f 858/3481/3481 715/3482/3482 706/3483/3483 845/3484/3484
f 849/3485/3485 724/3486/3486 704/3487/3487 861/3488/3488
f 850/3489/3489 707/3490/3490 724/3491/3491 849/3492/3492
f 851/3493/3493 705/3494/3494 707/3495/3495 850/3496/3496
f 852/3497/3497 717/3498/3498 705/3499/3499 851/3500/3500
f 859/3501/3501 718/3502/3502 717/3503/3503 852/3504/3504
f 885/3505/3505 702/3506/3506 701/3507/3507 884/3508/3508
f 878/3509/3509 700/3510/3510 702/3511/3511 885/3512/3512
f 877/3513/3513 699/3514/3514 700/3515/3515 878/3516/3516
f 698/3517/3517 876/3518/3518 697/3519/3519
f 883/3520/3520 695/3521/3521 696/3522/3522
f 884/3523/3523 701/3524/3524 660/3525/3525 693/3526/3526
f 692/3527/3527 879/3528/3528 880/3529/3529 677/3530/3530
f 876/3531/3531 698/3532/3532 691/3533/3533 871/3534/3534
f 884/3535/3535 693/3536/3536 697/3537/3537 876/3538/3538
f 871/3539/3539 691/3540/3540 690/3541/3541 870/3542/3542
f 867/3543/3543 688/3544/3544 687/3545/3545 863/3546/3546
f 866/3547/3547 686/3548/3548 688/3549/3549 867/3550/3550
f 865/3551/3551 685/3552/3552 686/3553/3553 866/3554/3554
f 883/3555/3555 696/3556/3556 659/3557/3557 881/3558/3558
f 881/3559/3559 659/3560/3560 699/3561/3561 877/3562/3562
f 685/3563/3563 865/3564/3564 879/3565/3565 692/3566/3566
f 683/3567/3567 875/3568/3568 862/3569/3569 682/3570/3570
f 681/3571/3571 874/3572/3572 875/3573/3573 683/3574/3574
f 680/3575/3575 873/3576/3576 874/3577/3577 681/3578/3578
f 679/3579/3579 872/3580/3580 873/3581/3581 680/3582/3582
f 684/3583/3583 864/3584/3584 872/3585/3585 679/3586/3586
f 676/3587/3587 886/3588/3588 855/3589/3589 713/3590/3590
f 689/3591/3591 869/3592/3592 887/3593/3593 675/3594/3594
f 674/3595/3595 889/3596/3596 838/3597/3597 716/3598/3598
f 713/3599/3599 855/3600/3600 889/3601/3601 674/3602/3602
f 888/3603/3603 673/3604/3604 678/3605/3605 868/3606/3606
f 869/3607/3607 689/3608/3608 673/3609/3609 888/3610/3610
f 890/3611/3611 672/3612/3612 716/3613/3613 838/3614/3614
f 844/3615/3615 710/3616/3616 672/3617/3617 890/3618/3618
f 891/3619/3619 671/3620/3620 677/3621/3621 880/3622/3622
f 868/3623/3623 678/3624/3624 671/3625/3625 891/3626/3626
f 670/3627/3627 892/3628/3628 886/3629/3629 676/3630/3630
f 725/3631/3631 854/3632/3632 892/3633/3633 670/3634/3634
f 669/3635/3635 893/3636/3636 870/3637/3637 690/3638/3638
f 675/3639/3639 887/3640/3640 893/3641/3641 669/3642/3642
f 894/3643/3643 668/3644/3644 718/3645/3645 859/3646/3646
f 842/3647/3647 708/3648/3648 668/3649/3649 894/3650/3650
f 895/3651/3651 667/3652/3652 694/3653/3653 882/3654/3654
f 864/3655/3655 684/3656/3656 667/3657/3657 895/3658/3658
f 896/3659/3659 666/3660/3660 708/3661/3661 842/3662/3662
f 841/3663/3663 726/3664/3664 666/3665/3665 896/3666/3666
f 899/3667/3667 665/3668/3668 695/3669/3669 883/3670/3670
f 882/3671/3671 694/3672/3672 665/3673/3673 899/3674/3674
f 900/3675/3675 958/3676/3676 985/3677/3677 917/3678/3678
f 916/3679/3679 986/3680/3680 958/3681/3681 900/3682/3682
f 903/3683/3683 959/3684/3684 1013/3685/3685 954/3686/3686
f 953/3687/3687 996/3688/3688 959/3689/3689 903/3690/3690
f 904/3691/3691 960/3692/3692 976/3693/3693 935/3694/3694
f 917/3695/3695 985/3696/3696 960/3697/3697 904/3698/3698
f 905/3699/3699 961/3700/3700 996/3701/3701 953/3702/3702
f 936/3703/3703 1006/3704/3704 961/3705/3705 905/3706/3706
f 962/3707/3707 906/3708/3708 912/3709/3709 968/3710/3710
f 981/3711/3711 929/3712/3712 906/3713/3713 962/3714/3714
f 963/3715/3715 907/3716/3716 941/3717/3717 1012/3718/3718
f 969/3719/3719 913/3720/3720 907/3721/3721 963/3722/3722
f 908/3723/3723 964/3724/3724 971/3725/3725 931/3726/3726
f 919/3727/3727 970/3728/3728 964/3729/3729 908/3730/3730
f 909/3731/3731 965/3732/3732 998/3733/3733 951/3734/3734
f 957/3735/3735 1004/3736/3736 965/3737/3737 909/3738/3738
f 911/3739/3739 966/3740/3740 980/3741/3741 930/3742/3742
f 931/3743/3743 971/3744/3744 966/3745/3745 911/3746/3746
f 967/3747/3747 910/3748/3748 940/3749/3749 1001/3750/3750
f 1004/3751/3751 957/3752/3752 910/3753/3753 967/3754/3754
f 968/3755/3755 912/3756/3756 930/3757/3757 980/3758/3758
f 1001/3759/3759 940/3760/3760 913/3761/3761 969/3762/3762
f 972/3763/3763 927/3764/3764 935/3765/3765 976/3766/3766
f 973/3767/3767 926/3768/3768 927/3769/3769 972/3770/3770
f 974/3771/3771 925/3772/3772 926/3773/3773 973/3774/3774
f 975/3775/3775 924/3776/3776 925/3777/3777 974/3778/3778
f 682/3779/3779 862/3780/3780 924/3781/3781 975/3782/3782
f 983/3783/3783 920/3784/3784 934/3785/3785 977/3786/3786
f 922/3787/3787 989/3788/3788 1016/3789/3789 918/3790/3790
f 918/3791/3791 1016/3792/3792 1018/3793/3793 916/3794/3794
f 933/3795/3795 978/3796/3796 977/3797/3797 934/3798/3798
f 932/3799/3799 979/3800/3800 978/3801/3801 933/3802/3802
f 863/3803/3803 687/3804/3804 979/3805/3805 932/3806/3806
f 929/3807/3807 981/3808/3808 982/3809/3809 928/3810/3810
f 923/3811/3811 987/3812/3812 984/3813/3813 915/3814/3814
f 928/3815/3815 982/3816/3816 988/3817/3817 923/3818/3818
f 970/3819/3819 919/3820/3820 920/3821/3821 983/3822/3822
f 915/3823/3823 984/3824/3824 1017/3825/3825 991/3826/3826
f 916/3827/3827 1018/3828/3828 986/3829/3829
f 987/3830/3830 923/3831/3831 988/3832/3832
f 921/3833/3833 990/3834/3834 989/3835/3835 922/3836/3836
f 914/3837/3837 992/3838/3838 990/3839/3839 921/3840/3840
f 915/3841/3841 991/3842/3842 992/3843/3843 914/3844/3844
f 943/3845/3845 1005/3846/3846 1006/3847/3847 936/3848/3848
f 944/3849/3849 993/3850/3850 1005/3851/3851 943/3852/3852
f 945/3853/3853 995/3854/3854 993/3855/3855 944/3856/3856
f 946/3857/3857 1011/3858/3858 995/3859/3859 945/3860/3860
f 861/3861/3861 704/3862/3862 1011/3863/3863 946/3864/3864
f 950/3865/3865 994/3866/3866 1003/3867/3867 937/3868/3868
f 954/3869/3869 1021/3870/3870 1019/3871/3871 952/3872/3872
f 952/3873/3873 1019/3874/3874 1009/3875/3875 948/3876/3876
f 1007/3877/3877 938/3878/3878 937/3879/3879 1003/3880/3880
f 1014/3881/3881 939/3882/3882 938/3883/3883 1007/3884/3884
f 703/3885/3885 860/3886/3886 939/3887/3887 1014/3888/3888
f 1012/3889/3889 941/3890/3890 942/3891/3891 1010/3892/3892
f 1000/3893/3893 947/3894/3894 955/3895/3895 999/3896/3896
f 1010/3897/3897 942/3898/3898 947/3899/3899 1015/3900/3900
f 951/3901/3901 998/3902/3902 994/3903/3903 950/3904/3904
f 955/3905/3905 1008/3906/3906 1020/3907/3907 999/3908/3908
f 1021/3909/3909 954/3910/3910 1013/3911/3911
f 1015/3912/3912 947/3913/3913 1000/3914/3914
f 948/3915/3915 1009/3916/3916 1002/3917/3917 949/3918/3918
f 949/3919/3919 1002/3920/3920 997/3921/3921 956/3922/3922
f 956/3923/3923 997/3924/3924 1008/3925/3925 955/3926/3926
f 1033/3927/3927 1022/3928/3928 1056/3929/3929
f 1053/3930/3930 1041/3931/3931 1023/3932/3932
f 1023/3933/3933 1036/3934/3934 1103/3935/3935 1053/3936/3936
f 1032/3937/3937 1026/3938/3938 1054/3939/3939 1068/3940/3940
f 1026/3941/3941 1033/3942/3942 1056/3943/3943 1054/3944/3944
f 1036/3945/3945 1027/3946/3946 1055/3947/3947 1103/3948/3948
f 1027/3949/3949 1038/3950/3950 1091/3951/3951 1055/3952/3952
f 1068/3953/3953 1067/3954/3954 1028/3955/3955 1032/3956/3956
f 1067/3957/3957 1066/3958/3958 1029/3959/3959 1028/3960/3960
f 1066/3961/3961 1065/3962/3962 1030/3963/3963 1029/3964/3964
f 1065/3965/3965 1064/3966/3966 1031/3967/3967 1030/3968/3968
f 1064/3969/3969 1132/3970/3970 636/3971/3971 1031/3972/3972
f 1038/3973/3973 1037/3974/3974 1092/3975/3975 1091/3976/3976
f 1037/3977/3977 1034/3978/3978 1093/3979/3979 1092/3980/3980
f 1034/3981/3981 1035/3982/3982 1094/3983/3983 1093/3984/3984
f 1035/3985/3985 1039/3986/3986 1095/3987/3987 1094/3988/3988
f 1039/3989/3989 1165/3990/3990 1131/3991/3991 1095/3992/3992
f 1077/3993/3993 1022/3994/3994 1040/3995/3995 1043/3996/3996
f 1053/3997/3997 1082/3998/3998 1052/3999/3999 1041/4000/4000
f 1078/4001/4001 1075/4002/4002 1045/4003/4003 1042/4004/4004
f 1069/4005/4005 1078/4006/4006 1042/4007/4007 1024/4008/4008
f 1070/4009/4009 1069/4010/4010 1024/4011/4011 1046/4012/4012
f 1076/4013/4013 1077/4014/4014 1043/4015/4015 1044/4016/4016
f 1075/4017/4017 1076/4018/4018 1044/4019/4019 1045/4020/4020
f 1089/4021/4021 1070/4022/4022 1046/4023/4023 1049/4024/4024
f 1051/4025/4025 1048/4026/4026 1047/4027/4027
f 1084/4028/4028 1081/4029/4029 1047/4030/4030 1048/4031/4031
f 1051/4032/4032 1047/4033/4033 1104/4034/4034
f 1090/4035/4035 1089/4036/4036 1049/4037/4037 1025/4038/4038
f 1081/4039/4039 1090/4040/4040 1025/4041/4041 1047/4042/4042
f 1104/4043/4043 1047/4044/4044 1025/4045/4045 1049/4046/4046
f 1082/4047/4047 1083/4048/4048 1050/4049/4049 1052/4050/4050
f 1083/4051/4051 1084/4052/4052 1048/4053/4053 1050/4054/4054
f 1022/4055/4055 1077/4056/4056 1056/4057/4057
f 1103/4058/4058 1082/4059/4059 1053/4060/4060
f 1055/4061/4061 1054/4062/4062 1056/4063/4063 1103/4064/4064
f 1091/4065/4065 1068/4066/4066 1054/4067/4067 1055/4068/4068
f 1070/4069/4069 1079/4070/4070 1069/4071/4071
f 1062/4072/4072 1072/4073/4073 1073/4074/4074 1063/4075/4075
f 1059/4076/4076 1062/4077/4077 1063/4078/4078 1061/4079/4079
f 1060/4080/4080 1059/4081/4081 1061/4082/4082 1071/4083/4083
f 1057/4084/4084 1060/4085/4085 1071/4086/4086 1058/4087/4087
f 1057/4088/4088 1058/4089/4089 1133/4090/4090 1134/4091/4091
f 1079/4092/4092 1070/4093/4093 1073/4094/4094 1074/4095/4095
f 1072/4096/4096 1074/4097/4097 1073/4098/4098
f 1088/4099/4099 1071/4100/4100 1061/4101/4101 1098/4102/4102
f 1098/4103/4103 1061/4104/4104 1063/4105/4105 1096/4106/4106
f 1100/4107/4107 1059/4108/4108 1060/4109/4109 1099/4110/4110
f 1082/4111/4111 1077/4112/4112 1076/4113/4113 1083/4114/4114
f 1085/4115/4115 1074/4116/4116 1072/4117/4117 1087/4118/4118
f 1083/4119/4119 1076/4120/4120 1075/4121/4121 1084/4122/4122
f 1080/4123/4123 1079/4124/4124 1074/4125/4125 1085/4126/4126
f 1086/4127/4127 1073/4128/4128 1070/4129/4129 1089/4130/4130
f 1096/4131/4131 1063/4132/4132 1073/4133/4133 1086/4134/4134
f 1101/4135/4135 1058/4136/4136 1071/4137/4137 1088/4138/4138
f 1081/4139/4139 1078/4140/4140 1069/4141/4141 1090/4142/4142
f 1095/4143/4143 1064/4144/4144 1065/4145/4145 1094/4146/4146
f 1094/4147/4147 1065/4148/4148 1066/4149/4149 1093/4150/4150
f 1093/4151/4151 1066/4152/4152 1067/4153/4153 1092/4154/4154
f 1092/4155/4155 1067/4156/4156 1068/4157/4157 1091/4158/4158
f 1084/4159/4159 1075/4160/4160 1078/4161/4161 1081/4162/4162
f 1090/4163/4163 1069/4164/4164 1079/4165/4165 1080/4166/4166
f 1087/4167/4167 1072/4168/4168 1062/4169/4169 1097/4170/4170
f 1097/4171/4171 1062/4172/4172 1059/4173/4173 1100/4174/4174
f 1099/4175/4175 1060/4176/4176 1057/4177/4177 1102/4178/4178
f 1103/4179/4179 1056/4180/4180 1077/4181/4181 1082/4182/4182
f 1102/4183/4183 1057/4184/4184 1134/4185/4185 1129/4186/4186
f 1131/4187/4187 1132/4188/4188 1064/4189/4189 1095/4190/4190
f 1130/4191/4191 1133/4192/4192 1058/4193/4193 1101/4194/4194
f 1080/4195/4195 1089/4196/4196 1090/4197/4197
f 1086/4198/4198 1087/4199/4199 1097/4200/4200 1096/4201/4201
f 1096/4202/4202 1097/4203/4203 1100/4204/4204 1098/4205/4205
f 1098/4206/4206 1100/4207/4207 1099/4208/4208 1088/4209/4209
f 1088/4210/4210 1099/4211/4211 1102/4212/4212 1101/4213/4213
f 1130/4214/4214 1101/4215/4215 1102/4216/4216 1129/4217/4217
f 1086/4218/4218 1089/4219/4219 1080/4220/4220 1085/4221/4221
f 1085/4222/4222 1087/4223/4223 1086/4224/4224
f 636/4225/4225 1165/4226/4226 1039/4227/4227 1031/4228/4228
f 1030/4229/4229 1031/4230/4230 1039/4231/4231 1035/4232/4232
f 1029/4233/4233 1030/4234/4234 1035/4235/4235 1034/4236/4236
f 1028/4237/4237 1029/4238/4238 1034/4239/4239 1037/4240/4240
f 1028/4241/4241 1037/4242/4242 1038/4243/4243 1032/4244/4244
f 1026/4245/4245 1032/4246/4246 1038/4247/4247 1027/4248/4248
f 1026/4249/4249 1027/4250/4250 1036/4251/4251 1033/4252/4252
f 1022/4253/4253 1033/4254/4254 1036/4255/4255 1023/4256/4256
f 1022/4257/4257 1023/4258/4258 1041/4259/4259 1040/4260/4260
f 1040/4261/4261 1041/4262/4262 1052/4263/4263 1043/4264/4264
f 1043/4265/4265 1052/4266/4266 1050/4267/4267 1044/4268/4268
f 1044/4269/4269 1050/4270/4270 1048/4271/4271 1045/4272/4272
f 1045/4273/4273 1048/4274/4274 1051/4275/4275
f 1042/4276/4276 1045/4277/4277 1051/4278/4278 1104/4279/4279
f 1024/4280/4280 1042/4281/4281 1104/4282/4282 1049/4283/4283
f 1024/4284/4284 1049/4285/4285 1046/4286/4286
f 628/4287/4287 655/4288/4288 824/4289/4289 1164/4290/4290
f 1164/4291/4291 824/4292/4292 657/4293/4293 652/4294/4294
f 652/4295/4295 657/4296/4296 654/4297/4297
f 651/4298/4298 652/4299/4299 654/4300/4300 656/4301/4301
f 1163/4302/4302 651/4303/4303 656/4304/4304 658/4305/4305
f 647/4306/4306 1163/4307/4307 658/4308/4308 648/4309/4309
f 1168/4310/4310 647/4311/4311 648/4312/4312 630/4313/4313
f 1168/4314/4314 630/4315/4315 643/4316/4316 639/4317/4317
f 631/4318/4318 639/4319/4319 643/4320/4320 1166/4321/4321
f 631/4322/4322 1166/4323/4323 645/4324/4324 638/4325/4325
f 636/4326/4326 637/4327/4327 646/4328/4328 1165/4329/4329
f 1123/4330/4330 1122/4331/4331 1121/4332/4332
f 1122/4333/4333 1123/4334/4334 1128/4335/4335 1119/4336/4336
f 1130/4337/4337 1129/4338/4338 1106/4339/4339 1107/4340/4340
f 1120/4341/4341 1107/4342/4342 1106/4343/4343 1109/4344/4344
f 1110/4345/4345 1120/4346/4346 1109/4347/4347 1108/4348/4348
f 1112/4349/4349 1110/4350/4350 1108/4351/4351 1111/4352/4352
f 1122/4353/4353 1112/4354/4354 1111/4355/4355 1121/4356/4356
f 1128/4357/4357 1118/4358/4358 1119/4359/4359
f 1130/4360/4360 1107/4361/4361 1156/4362/4362 1133/4363/4363
f 1131/4364/4364 1113/4365/4365 1150/4366/4366 1132/4367/4367
f 1106/4368/4368 1129/4369/4369 1134/4370/4370 1157/4371/4371
f 1105/4372/4372 1126/4373/4373 1137/4374/4374 1158/4375/4375
f 1109/4376/4376 1106/4377/4377 1157/4378/4378 1154/4379/4379
f 1111/4380/4380 1108/4381/4381 1155/4382/4382 1152/4383/4383
f 1121/4384/4384 1111/4385/4385 1152/4386/4386 1142/4387/4387
f 1118/4388/4388 1128/4389/4389 1135/4390/4390 1145/4391/4391
f 1124/4392/4392 1127/4393/4393 1136/4394/4394 1139/4395/4395
f 1116/4396/4396 1117/4397/4397 1146/4398/4398 1147/4399/4399
f 1115/4400/4400 1116/4401/4401 1147/4402/4402 1148/4403/4403
f 1114/4404/4404 1115/4405/4405 1148/4406/4406 1149/4407/4407
f 1113/4408/4408 1114/4409/4409 1149/4410/4410 1150/4411/4411
f 1127/4412/4412 1118/4413/4413 1145/4414/4414 1136/4415/4415
f 1107/4416/4416 1120/4417/4417 1143/4418/4418 1156/4419/4419
f 1112/4420/4420 1122/4421/4421 1141/4422/4422 1151/4423/4423
f 1122/4424/4424 1119/4425/4425 1144/4426/4426 1141/4427/4427
f 1128/4428/4428 1123/4429/4429 1140/4430/4430 1135/4431/4431
f 1125/4432/4432 1124/4433/4433 1139/4434/4434 1138/4435/4435
f 1123/4436/4436 1121/4437/4437 1142/4438/4438 1140/4439/4439
f 1126/4440/4440 1125/4441/4441 1138/4442/4442 1137/4443/4443
f 1108/4444/4444 1109/4445/4445 1154/4446/4446 1155/4447/4447
f 1110/4448/4448 1112/4449/4449 1151/4450/4450 1153/4451/4451
f 1120/4452/4452 1110/4453/4453 1153/4454/4454 1143/4455/4455
f 1142/4456/4456 1141/4457/4457 1140/4458/4458
f 1135/4459/4459 1140/4460/4460 1141/4461/4461 1144/4462/4462
f 1157/4463/4463 1134/4464/4464 1133/4465/4465 1156/4466/4466
f 1157/4467/4467 1156/4468/4468 1143/4469/4469 1154/4470/4470
f 1154/4471/4471 1143/4472/4472 1153/4473/4473 1155/4474/4474
f 1155/4475/4475 1153/4476/4476 1151/4477/4477 1152/4478/4478
f 1152/4479/4479 1151/4480/4480 1141/4481/4481 1142/4482/4482
f 1144/4483/4483 1145/4484/4484 1135/4485/4485
f 1117/4486/4486 1159/4487/4487 1160/4488/4488 1146/4489/4489
f 1159/4490/4490 1105/4491/4491 1158/4492/4492 1160/4493/4493
f 1105/4494/4494 1161/4495/4495 1126/4496/4496
f 1168/4497/4497 1158/4498/4498 1137/4499/4499
f 1125/4500/4500 656/4501/4501 654/4502/4502 1124/4503/4503
f 1126/4504/4504 658/4505/4505 656/4506/4506 1125/4507/4507
f 824/4508/4508 655/4509/4509 1167/4510/4510 1162/4511/4511
f 1127/4512/4512 1162/4513/4513 1167/4514/4514 1118/4515/4515
f 1118/4516/4516 1167/4517/4517 655/4518/4518 1119/4519/4519
f 657/4520/4520 824/4521/4521 1162/4522/4522
f 1124/4523/4523 654/4524/4524 1162/4525/4525 1127/4526/4526
f 657/4527/4527 1162/4528/4528 654/4529/4529
f 1119/4530/4530 655/4531/4531 653/4532/4532 1144/4533/4533
f 1139/4534/4534 652/4535/4535 651/4536/4536 1138/4537/4537
f 1138/4538/4538 651/4539/4539 1163/4540/4540 1137/4541/4541
f 1144/4542/4542 653/4543/4543 628/4544/4544 1145/4545/4545
f 1145/4546/4546 628/4547/4547 1164/4548/4548 1136/4549/4549
f 1136/4550/4550 1164/4551/4551 652/4552/4552 1139/4553/4553
f 1161/4554/4554 648/4555/4555 658/4556/4556 1126/4557/4557
f 647/4558/4558 1168/4559/4559 1137/4560/4560 1163/4561/4561
f 646/4562/4562 1113/4563/4563 1131/4564/4564 1165/4565/4565
f 642/4566/4566 1114/4567/4567 1113/4568/4568 646/4569/4569
f 641/4570/4570 1115/4571/4571 1114/4572/4572 642/4573/4573
f 644/4574/4574 1116/4575/4575 1115/4576/4576 641/4577/4577
f 645/4578/4578 1117/4579/4579 1116/4580/4580 644/4581/4581
f 1150/4582/4582 637/4583/4583 636/4584/4584 1132/4585/4585
f 1149/4586/4586 635/4587/4587 637/4588/4588 1150/4589/4589
f 1148/4590/4590 634/4591/4591 635/4592/4592 1149/4593/4593
f 1147/4594/4594 633/4595/4595 634/4596/4596 1148/4597/4597
f 1146/4598/4598 638/4599/4599 633/4600/4600 1147/4601/4601
f 1166/4602/4602 1159/4603/4603 1117/4604/4604 645/4605/4605
f 643/4606/4606 1105/4607/4607 1159/4608/4608 1166/4609/4609
f 631/4610/4610 1160/4611/4611 1158/4612/4612 639/4613/4613
f 638/4614/4614 1146/4615/4615 1160/4616/4616 631/4617/4617
f 630/4618/4618 1161/4619/4619 1105/4620/4620 643/4621/4621
f 1161/4622/4622 630/4623/4623 648/4624/4624
f 1158/4625/4625 1168/4626/4626 639/4627/4627
usemtl acmat_0
f 1169/4628/4628 1170/4629/4629 1171/4630/4630
f 1169/4631/4631 1172/4632/4632 1170/4633/4633
f 1169/4634/4634 1173/4635/4635 1172/4636/4636
f 1173/4637/4637 1169/4638/4638 1175/4639/4639
f 1175/4640/4640 1169/4641/4641 1176/4642/4642
f 1176/4643/4643 1169/4644/4644 1177/4645/4645
f 1237/4646/4646 1236/4647/4647 1178/4648/4648
f 1179/4649/4649 1169/4650/4650 1180/4651/4651
f 1185/4652/4652 1186/4653/4653 1183/4654/4654 1174/4655/4655
f 1186/4656/4656 1187/4657/4657 1184/4658/4658 1183/4659/4659
f 1187/4660/4660 1225/4661/4661 1229/4662/4662 1184/4663/4663
f 1188/4664/4664 1189/4665/4665 1186/4666/4666 1185/4667/4667
f 1189/4668/4668 1190/4669/4669 1187/4670/4670 1186/4671/4671
f 1190/4672/4672 1221/4673/4673 1225/4674/4674 1187/4675/4675
f 1181/4676/4676 1191/4677/4677 1189/4678/4678 1188/4679/4679
f 1191/4680/4680 1192/4681/4681 1190/4682/4682 1189/4683/4683
f 1192/4684/4684 1218/4685/4685 1221/4686/4686 1190/4687/4687
f 1182/4688/4688 1193/4689/4689 1191/4690/4690 1181/4691/4691
f 1193/4692/4692 1194/4693/4693 1192/4694/4694 1191/4695/4695
f 1194/4696/4696 1215/4697/4697 1218/4698/4698 1192/4699/4699
f 1170/4700/4700 1195/4701/4701 1196/4702/4702 1171/4703/4703
f 1195/4704/4704 1197/4705/4705 1198/4706/4706 1196/4707/4707
f 1197/4708/4708 1199/4709/4709 1200/4710/4710 1198/4711/4711
f 1172/4712/4712 1201/4713/4713 1195/4714/4714 1170/4715/4715
f 1201/4716/4716 1202/4717/4717 1197/4718/4718 1195/4719/4719
f 1202/4720/4720 1203/4721/4721 1199/4722/4722 1197/4723/4723
f 1173/4724/4724 1175/4725/4725 1201/4726/4726 1172/4727/4727
f 1175/4728/4728 1176/4729/4729 1202/4730/4730 1201/4731/4731
f 1176/4732/4732 1177/4733/4733 1203/4734/4734 1202/4735/4735
f 1171/4736/4736 1196/4737/4737 1193/4738/4738 1182/4739/4739
f 1196/4740/4740 1198/4741/4741 1194/4742/4742 1193/4743/4743
f 1198/4744/4744 1200/4745/4745 1215/4746/4746 1194/4747/4747
f 1241/4748/4748 1237/4749/4749 1178/4750/4750
f 1205/4751/4751 1178/4752/4752 1236/4753/4753
f 1204/4754/4754 1180/4755/4755 1178/4756/4756 1205/4757/4757
f 1180/4758/4758 1204/4759/4759 1179/4760/4760
f 1174/4761/4761 1241/4762/4762 1178/4763/4763
f 1174/4764/4764 1178/4765/4765 1185/4766/4766
f 1178/4767/4767 1188/4768/4768 1185/4769/4769
f 1178/4770/4770 1181/4771/4771 1188/4772/4772
f 1178/4773/4773 1182/4774/4774 1181/4775/4775
f 1171/4776/4776 1182/4777/4777 1178/4778/4778
f 1171/4779/4779 1178/4780/4780 1180/4781/4781
f 1169/4782/4782 1171/4783/4783 1180/4784/4784
f 1247/4785/4785 1234/4786/4786 1245/4787/4787
f 1245/4788/4788 1234/4789/4789 1235/4790/4790
f 1245/4791/4791 1235/4792/4792 1232/4793/4793
f 1235/4794/4794 1233/4795/4795 1232/4796/4796
f 1235/4797/4797 1224/4798/4798 1233/4799/4799
f 1235/4800/4800 1228/4801/4801 1224/4802/4802
f 1242/4803/4803 1228/4804/4804 1235/4805/4805
f 1242/4806/4806 1235/4807/4807 1241/4808/4808
f 1234/4809/4809 1179/4810/4810 1204/4811/4811
f 1204/4812/4812 1205/4813/4813 1235/4814/4814 1234/4815/4815
f 1205/4816/4816 1236/4817/4817 1235/4818/4818
f 1241/4819/4819 1235/4820/4820 1237/4821/4821
f 1211/4822/4822 1216/4823/4823 1215/4824/4824 1209/4825/4825
f 1213/4826/4826 1217/4827/4827 1216/4828/4828 1211/4829/4829
f 1245/4830/4830 1232/4831/4831 1217/4832/4832 1213/4833/4833
f 1239/4834/4834 1207/4835/4835 1206/4836/4836 1238/4837/4837
f 1240/4838/4838 1208/4839/4839 1207/4840/4840 1239/4841/4841
f 1243/4842/4842 1244/4843/4843 1208/4844/4844 1240/4845/4845
f 1207/4846/4846 1212/4847/4847 1210/4848/4848 1206/4849/4849
f 1208/4850/4850 1214/4851/4851 1212/4852/4852 1207/4853/4853
f 1244/4854/4854 1246/4855/4855 1214/4856/4856 1208/4857/4857
f 1212/4858/4858 1211/4859/4859 1209/4860/4860 1210/4861/4861
f 1214/4862/4862 1213/4863/4863 1211/4864/4864 1212/4865/4865
f 1246/4866/4866 1245/4867/4867 1213/4868/4868 1214/4869/4869
f 1216/4870/4870 1219/4871/4871 1218/4872/4872 1215/4873/4873
f 1217/4874/4874 1220/4875/4875 1219/4876/4876 1216/4877/4877
f 1232/4878/4878 1233/4879/4879 1220/4880/4880 1217/4881/4881
f 1219/4882/4882 1222/4883/4883 1221/4884/4884 1218/4885/4885
f 1220/4886/4886 1223/4887/4887 1222/4888/4888 1219/4889/4889
f 1233/4890/4890 1224/4891/4891 1223/4892/4892 1220/4893/4893
f 1222/4894/4894 1226/4895/4895 1225/4896/4896 1221/4897/4897
f 1223/4898/4898 1227/4899/4899 1226/4900/4900 1222/4901/4901
f 1224/4902/4902 1228/4903/4903 1227/4904/4904 1223/4905/4905
f 1226/4906/4906 1230/4907/4907 1229/4908/4908 1225/4909/4909
f 1227/4910/4910 1231/4911/4911 1230/4912/4912 1226/4913/4913
f 1228/4914/4914 1242/4915/4915 1231/4916/4916 1227/4917/4917
f 1179/4918/4918 1234/4919/4919 1247/4920/4920
f 1237/4921/4921 1235/4922/4922 1236/4923/4923
f 1239/4924/4924 1238/4925/4925 1247/4926/4926
f 1240/4927/4927 1239/4928/4928 1247/4929/4929
f 1243/4930/4930 1240/4931/4931 1247/4932/4932
f 1247/4933/4933 1244/4934/4934 1243/4935/4935
f 1247/4936/4936 1246/4937/4937 1244/4938/4938
f 1247/4939/4939 1245/4940/4940 1246/4941/4941
f 1263/4942/4942 1277/4943/4943 1249/4944/4944 1254/4945/4945
f 1251/4946/4946 1252/4947/4947 1261/4948/4948 1262/4949/4949
f 1251/4950/4950 1248/4951/4951 1250/4952/4952 1274/4953/4953 1252/4954/4954
f 1252/4955/4955 1273/4956/4956 1264/4957/4957 1261/4958/4958
f 1253/4959/4959 1254/4960/4960 1255/4961/4961 1256/4962/4962
f 1257/4963/4963 1253/4964/4964 1256/4965/4965 1258/4966/4966
f 1259/4967/4967 1257/4968/4968 1258/4969/4969 1260/4970/4970
f 1261/4971/4971 1259/4972/4972 1260/4973/4973 1262/4974/4974
f 1265/4975/4975 1263/4976/4976 1254/4977/4977 1253/4978/4978
f 1266/4979/4979 1265/4980/4980 1253/4981/4981 1257/4982/4982
f 1267/4983/4983 1266/4984/4984 1257/4985/4985 1259/4986/4986
f 1264/4987/4987 1267/4988/4988 1259/4989/4989 1261/4990/4990
f 1256/4991/4991 1255/4992/4992 1268/4993/4993 1269/4994/4994
f 1258/4995/4995 1256/4996/4996 1269/4997/4997 1270/4998/4998
f 1260/4999/4999 1258/5000/5000 1270/5001/5001 1271/5002/5002
f 1262/5003/5003 1260/5004/5004 1271/5005/5005 1272/5006/5006
f 1270/5007/5007 1269/5008/5008 1248/5009/5009
f 1271/5010/5010 1270/5011/5011 1248/5012/5012
f 1269/5013/5013 1268/5014/5014 1248/5015/5015
f 1272/5016/5016 1271/5017/5017 1248/5018/5018
f 1248/5019/5019 1262/5020/5020 1272/5021/5021
f 1275/5022/5022 1276/5023/5023 1277/5024/5024 1273/5025/5025 1274/5026/5026
f 1275/5027/5027 1274/5028/5028 1250/5029/5029
f 1268/5030/5030 1255/5031/5031 1254/5032/5032 1249/5033/5033 1248/5034/5034
f 1250/5035/5035 1248/5036/5036 1249/5037/5037 1275/5038/5038
f 1284/5039/5039 1279/5040/5040 1307/5041/5041 1293/5042/5042
f 1292/5043/5043 1291/5044/5044 1282/5045/5045 1281/5046/5046
f 1282/5047/5047 1304/5048/5048 1280/5049/5049 1278/5050/5050 1281/5051/5051
f 1291/5052/5052 1294/5053/5053 1303/5054/5054 1282/5055/5055
f 1286/5056/5056 1285/5057/5057 1284/5058/5058 1283/5059/5059
f 1288/5060/5060 1286/5061/5061 1283/5062/5062 1287/5063/5063
f 1290/5064/5064 1288/5065/5065 1287/5066/5066 1289/5067/5067
f 1292/5068/5068 1290/5069/5069 1289/5070/5070 1291/5071/5071
f 1283/5072/5072 1284/5073/5073 1293/5074/5074 1295/5075/5075
f 1287/5076/5076 1283/5077/5077 1295/5078/5078 1296/5079/5079
f 1289/5080/5080 1287/5081/5081 1296/5082/5082 1297/5083/5083
f 1291/5084/5084 1289/5085/5085 1297/5086/5086 1294/5087/5087
f 1299/5088/5088 1298/5089/5089 1285/5090/5090 1286/5091/5091
f 1300/5092/5092 1299/5093/5093 1286/5094/5094 1288/5095/5095
f 1301/5096/5096 1300/5097/5097 1288/5098/5098 1290/5099/5099
f 1302/5100/5100 1301/5101/5101 1290/5102/5102 1292/5103/5103
f 1278/5104/5104 1299/5105/5105 1300/5106/5106
f 1278/5107/5107 1300/5108/5108 1301/5109/5109
f 1278/5110/5110 1298/5111/5111 1299/5112/5112
f 1278/5113/5113 1301/5114/5114 1302/5115/5115
f 1302/5116/5116 1292/5117/5117 1278/5118/5118
f 1304/5119/5119 1303/5120/5120 1307/5121/5121 1306/5122/5122 1305/5123/5123
f 1280/5124/5124 1304/5125/5125 1305/5126/5126
f 1278/5127/5127 1279/5128/5128 1284/5129/5129 1285/5130/5130 1298/5131/5131
f 1305/5132/5132 1279/5133/5133 1278/5134/5134 1280/5135/5135
f 1788/5136/5136 1321/5137/5137 1309/5138/5138 1308/5139/5139
f 1309/5140/5140 1321/5141/5141 1318/5142/5142 1310/5143/5143
f 1310/5144/5144 1318/5145/5145 1320/5146/5146 2107/5147/5147
f 1599/5148/5148 1600/5149/5149 1616/5150/5150 1617/5151/5151
f 1598/5152/5152 1599/5153/5153 1617/5154/5154 1618/5155/5155
f 1617/5156/5156 2110/5157/5157 1619/5158/5158 1618/5159/5159
f 1318/5160/5160 1321/5161/5161 1311/5162/5162
f 1320/5163/5163 1318/5164/5164 1311/5165/5165
f 1319/5166/5166 1320/5167/5167 1311/5168/5168
f 1322/5169/5169 1319/5170/5170 1311/5171/5171
f 2097/5172/5172 1620/5173/5173 1311/5174/5174 2099/5175/5175
f 2087/5176/5176 1311/5177/5177 1620/5178/5178 2088/5179/5179
f 1311/5180/5180 1322/5181/5181 1619/5182/5182 1597/5183/5183 1596/5184/5184 2087/5185/5185
f 1807/5186/5186 2099/5187/5187 1311/5188/5188 1317/5189/5189 1321/5190/5190 1788/5191/5191 1806/5192/5192
f 1314/5193/5193 2098/5194/5194 1315/5195/5195 1312/5196/5196
f 1313/5197/5197 1810/5198/5198 1314/5199/5199 1312/5200/5200
f 1316/5201/5201 1808/5202/5202 1313/5203/5203 1312/5204/5204
f 1315/5205/5205 2097/5206/5206 1316/5207/5207 1312/5208/5208
f 1315/5209/5209 2098/5210/5210 1621/5211/5211 1620/5212/5212 2097/5213/5213
f 2088/5214/5214 1620/5215/5215 1621/5216/5216 2092/5217/5217
f 2093/5218/5218 1608/5219/5219 1621/5220/5220 2098/5221/5221
f 2092/5222/5222 1621/5223/5223 1608/5224/5224 2089/5225/5225
f 2094/5226/5226 1609/5227/5227 1608/5228/5228 2093/5229/5229
f 2089/5230/5230 1608/5231/5231 1609/5232/5232 2090/5233/5233
f 2102/5234/5234 1651/5235/5235 1609/5236/5236 2094/5237/5237
f 2090/5238/5238 1609/5239/5239 1651/5240/5240 2105/5241/5241
f 2105/5242/5242 1651/5243/5243 1622/5244/5244 2104/5245/5245
f 2101/5246/5246 1622/5247/5247 1651/5248/5248 2102/5249/5249
f 2095/5250/5250 1610/5251/5251 1622/5252/5252 2101/5253/5253
f 2104/5254/5254 1622/5255/5255 1610/5256/5256 2086/5257/5257
f 2100/5258/5258 1669/5259/5259 1610/5260/5260 2095/5261/5261
f 2086/5262/5262 1610/5263/5263 1669/5264/5264 2106/5265/5265
f 2096/5266/5266 1611/5267/5267 1669/5268/5268 2100/5269/5269
f 2106/5270/5270 1669/5271/5271 1611/5272/5272 2091/5273/5273
f 2103/5274/5274 1687/5275/5275 1611/5276/5276 2096/5277/5277
f 2091/5278/5278 1611/5279/5279 1687/5280/5280 2103/5281/5281
f 2104/5282/5282 1674/5283/5283 1650/5284/5284 2105/5285/5285
f 2102/5286/5286 1760/5287/5287 1738/5288/5288 2101/5289/5289
f 2099/5290/5290 1807/5291/5291 1808/5292/5292 1316/5293/5293 2097/5294/5294
f 2096/5295/5295 1798/5296/5296 1688/5297/5297 2103/5298/5298
f 2100/5299/5299 1744/5300/5300 1798/5301/5301 2096/5302/5302
f 2095/5303/5303 1797/5304/5304 1744/5305/5305 2100/5306/5306
f 2101/5307/5307 1738/5308/5308 1797/5309/5309 2095/5310/5310
f 2094/5311/5311 1796/5312/5312 1760/5313/5313 2102/5314/5314
f 2093/5315/5315 1809/5316/5316 1796/5317/5317 2094/5318/5318
f 2098/5319/5319 1314/5320/5320 1810/5321/5321 1809/5322/5322 2093/5323/5323
f 2103/5324/5324 1688/5325/5325 1605/5326/5326 2091/5327/5327
f 2091/5328/5328 1605/5329/5329 1667/5330/5330 2106/5331/5331
f 2105/5332/5332 1650/5333/5333 1607/5334/5334 2090/5335/5335
f 2089/5336/5336 1594/5337/5337 1593/5338/5338 2092/5339/5339
f 2090/5340/5340 1607/5341/5341 1594/5342/5342 2089/5343/5343
f 2092/5344/5344 1593/5345/5345 1595/5346/5346 2088/5347/5347
f 2088/5348/5348 1595/5349/5349 1596/5350/5350 2087/5351/5351
f 2086/5352/5352 1606/5353/5353 1674/5354/5354 2104/5355/5355
f 2106/5356/5356 1667/5357/5357 1606/5358/5358 2086/5359/5359
f 1323/5360/5360 1324/5361/5361 1723/5362/5362
f 1325/5363/5363 1323/5364/5364 1723/5365/5365
f 1326/5366/5366 1325/5367/5367 1723/5368/5368
f 1327/5369/5369 1326/5370/5370 1723/5371/5371
f 1328/5372/5372 1327/5373/5373 1723/5374/5374
f 1329/5375/5375 1328/5376/5376 1723/5377/5377
f 1330/5378/5378 1329/5379/5379 1723/5380/5380
f 1331/5381/5381 1330/5382/5382 1723/5383/5383
f 1332/5384/5384 1331/5385/5385 1723/5386/5386
f 1333/5387/5387 1332/5388/5388 1723/5389/5389
f 1334/5390/5390 1333/5391/5391 1723/5392/5392
f 1722/5393/5393 1334/5394/5394 1723/5395/5395
f 1335/5396/5396 1721/5397/5397 1723/5398/5398
f 1336/5399/5399 1335/5400/5400 1723/5401/5401
f 1337/5402/5402 1336/5403/5403 1723/5404/5404
f 1324/5405/5405 1337/5406/5406 1723/5407/5407
f 1350/5408/5408 1119/5409/5409 824/5410/5410
f 827/5411/5411 1349/5412/5412 825/5413/5413
f 825/5414/5414 1350/5415/5415 824/5416/5416
f 1359/5417/5417 1360/5418/5418 1361/5419/5419 1362/5420/5420
f 1363/5421/5421 1359/5422/5422 1362/5423/5423 1364/5424/5424
f 1365/5425/5425 1363/5426/5426 1364/5427/5427 1366/5428/5428
f 1717/5429/5429 1365/5430/5430 1366/5431/5431 1716/5432/5432
f 1367/5433/5433 1715/5434/5434 1714/5435/5435 1368/5436/5436
f 1369/5437/5437 1367/5438/5438 1368/5439/5439 1370/5440/5440
f 1371/5441/5441 1369/5442/5442 1370/5443/5443 1372/5444/5444
f 1373/5445/5445 1371/5446/5446 1372/5447/5447 1374/5448/5448
f 1375/5449/5449 1373/5450/5450 1374/5451/5451 1376/5452/5452
f 1377/5453/5453 1375/5454/5454 1376/5455/5455 1378/5456/5456
f 1379/5457/5457 1377/5458/5458 1378/5459/5459 1380/5460/5460
f 1381/5461/5461 1379/5462/5462 1380/5463/5463 1382/5464/5464
f 1383/5465/5465 1381/5466/5466 1382/5467/5467 1384/5468/5468
f 1385/5469/5469 1383/5470/5470 1384/5471/5471 1386/5472/5472
f 1387/5473/5473 1385/5474/5474 1386/5475/5475 1388/5476/5476
f 1360/5477/5477 1387/5478/5478 1388/5479/5479 1361/5480/5480
f 1361/5481/5481 1388/5482/5482 1389/5483/5483 1341/5484/5484
f 1388/5485/5485 1386/5486/5486 1390/5487/5487 1389/5488/5488
f 1386/5489/5489 1384/5490/5490 1391/5491/5491 1390/5492/5492
f 1384/5493/5493 1382/5494/5494 1392/5495/5495 1391/5496/5496
f 1382/5497/5497 1380/5498/5498 1393/5499/5499 1392/5500/5500
f 1380/5501/5501 1378/5502/5502 1394/5503/5503 1393/5504/5504
f 1378/5505/5505 1376/5506/5506 1395/5507/5507 1394/5508/5508
f 1376/5509/5509 1374/5510/5510 1396/5511/5511 1395/5512/5512
f 1374/5513/5513 1372/5514/5514 1397/5515/5515 1396/5516/5516
f 1372/5517/5517 1370/5518/5518 1398/5519/5519 1397/5520/5520
f 1370/5521/5521 1368/5522/5522 1399/5523/5523 1398/5524/5524
f 1368/5525/5525 1714/5526/5526 1400/5527/5527 1399/5528/5528
f 1716/5529/5529 1366/5530/5530 1401/5531/5531 1402/5532/5532
f 1366/5533/5533 1364/5534/5534 1403/5535/5535 1401/5536/5536
f 1364/5537/5537 1362/5538/5538 1404/5539/5539 1403/5540/5540
f 1362/5541/5541 1361/5542/5542 1341/5543/5543 1404/5544/5544
f 1399/5545/5545 1400/5546/5546 1713/5547/5547 1405/5548/5548
f 1398/5549/5549 1399/5550/5550 1405/5551/5551 1406/5552/5552
f 1397/5553/5553 1398/5554/5554 1406/5555/5555 1407/5556/5556
f 1396/5557/5557 1397/5558/5558 1407/5559/5559 1408/5560/5560
f 1395/5561/5561 1396/5562/5562 1408/5563/5563 1409/5564/5564
f 1394/5565/5565 1395/5566/5566 1409/5567/5567 1410/5568/5568
f 1393/5569/5569 1394/5570/5570 1410/5571/5571 1411/5572/5572
f 1392/5573/5573 1393/5574/5574 1411/5575/5575 1412/5576/5576
f 1391/5577/5577 1392/5578/5578 1412/5579/5579 1340/5580/5580
f 1390/5581/5581 1391/5582/5582 1340/5583/5583 1353/5584/5584
f 1389/5585/5585 1390/5586/5586 1353/5587/5587 1351/5588/5588
f 1341/5589/5589 1389/5590/5590 1351/5591/5591 1342/5592/5592
f 1360/5593/5593 1359/5594/5594 1413/5595/5595 1414/5596/5596
f 1359/5597/5597 1363/5598/5598 1415/5599/5599 1413/5600/5600
f 1363/5601/5601 1365/5602/5602 1416/5603/5603 1415/5604/5604
f 1365/5605/5605 1717/5606/5606 1712/5607/5607 1416/5608/5608
f 1715/5609/5609 1367/5610/5610 1417/5611/5611 1711/5612/5612
f 1367/5613/5613 1369/5614/5614 1418/5615/5615 1417/5616/5616
f 1369/5617/5617 1371/5618/5618 1419/5619/5619 1418/5620/5620
f 1371/5621/5621 1373/5622/5622 1420/5623/5623 1419/5624/5624
f 1373/5625/5625 1375/5626/5626 1421/5627/5627 1420/5628/5628
f 1375/5629/5629 1377/5630/5630 1422/5631/5631 1421/5632/5632
f 1377/5633/5633 1379/5634/5634 1423/5635/5635 1422/5636/5636
f 1379/5637/5637 1381/5638/5638 1424/5639/5639 1423/5640/5640
f 1381/5641/5641 1383/5642/5642 1425/5643/5643 1424/5644/5644
f 1383/5645/5645 1385/5646/5646 1426/5647/5647 1425/5648/5648
f 1385/5649/5649 1387/5650/5650 1427/5651/5651 1426/5652/5652
f 1387/5653/5653 1360/5654/5654 1414/5655/5655 1427/5656/5656
f 1427/5657/5657 1414/5658/5658 1428/5659/5659 1429/5660/5660
f 1426/5661/5661 1427/5662/5662 1429/5663/5663 1430/5664/5664
f 1425/5665/5665 1426/5666/5666 1430/5667/5667 1431/5668/5668
f 1424/5669/5669 1425/5670/5670 1431/5671/5671 1432/5672/5672
f 1423/5673/5673 1424/5674/5674 1432/5675/5675 1433/5676/5676
f 1422/5677/5677 1423/5678/5678 1433/5679/5679 1434/5680/5680
f 1421/5681/5681 1422/5682/5682 1434/5683/5683 1435/5684/5684
f 1420/5685/5685 1421/5686/5686 1435/5687/5687 1436/5688/5688
f 1419/5689/5689 1420/5690/5690 1436/5691/5691 1437/5692/5692
f 1418/5693/5693 1419/5694/5694 1437/5695/5695 1438/5696/5696
f 1417/5697/5697 1418/5698/5698 1438/5699/5699 1439/5700/5700
f 1711/5701/5701 1417/5702/5702 1439/5703/5703 1710/5704/5704
f 1416/5705/5705 1712/5706/5706 1709/5707/5707 1440/5708/5708
f 1415/5709/5709 1416/5710/5710 1440/5711/5711 1441/5712/5712
f 1413/5713/5713 1415/5714/5714 1441/5715/5715 1442/5716/5716
f 1414/5717/5717 1413/5718/5718 1442/5719/5719 1428/5720/5720
f 1428/5721/5721 1442/5722/5722 1443/5723/5723 1444/5724/5724
f 1442/5725/5725 1441/5726/5726 1445/5727/5727 1443/5728/5728
f 1441/5729/5729 1440/5730/5730 1446/5731/5731 1445/5732/5732
f 1440/5733/5733 1709/5734/5734 1708/5735/5735 1446/5736/5736
f 1710/5737/5737 1439/5738/5738 1447/5739/5739 1707/5740/5740
f 1439/5741/5741 1438/5742/5742 1448/5743/5743 1447/5744/5744
f 1438/5745/5745 1437/5746/5746 1449/5747/5747 1448/5748/5748
f 1437/5749/5749 1436/5750/5750 1450/5751/5751 1449/5752/5752
f 1436/5753/5753 1435/5754/5754 1451/5755/5755 1450/5756/5756
f 1435/5757/5757 1434/5758/5758 1452/5759/5759 1451/5760/5760
f 1434/5761/5761 1433/5762/5762 1453/5763/5763 1452/5764/5764
f 1433/5765/5765 1432/5766/5766 1454/5767/5767 1453/5768/5768
f 1432/5769/5769 1431/5770/5770 1455/5771/5771 1454/5772/5772
f 1431/5773/5773 1430/5774/5774 1456/5775/5775 1455/5776/5776
f 1430/5777/5777 1429/5778/5778 1457/5779/5779 1456/5780/5780
f 1429/5781/5781 1428/5782/5782 1444/5783/5783 1457/5784/5784
f 1457/5785/5785 1444/5786/5786 1458/5787/5787 1459/5788/5788
f 1456/5789/5789 1457/5790/5790 1459/5791/5791 1460/5792/5792
f 1455/5793/5793 1456/5794/5794 1460/5795/5795 1461/5796/5796
f 1454/5797/5797 1455/5798/5798 1461/5799/5799 1462/5800/5800
f 1453/5801/5801 1454/5802/5802 1462/5803/5803 1463/5804/5804
f 1452/5805/5805 1453/5806/5806 1463/5807/5807 1464/5808/5808
f 1451/5809/5809 1452/5810/5810 1464/5811/5811 1465/5812/5812
f 1450/5813/5813 1451/5814/5814 1465/5815/5815 1466/5816/5816
f 1449/5817/5817 1450/5818/5818 1466/5819/5819 1467/5820/5820
f 1448/5821/5821 1449/5822/5822 1467/5823/5823 1468/5824/5824
f 1447/5825/5825 1448/5826/5826 1468/5827/5827 1469/5828/5828
f 1707/5829/5829 1447/5830/5830 1469/5831/5831 1706/5832/5832
f 1446/5833/5833 1708/5834/5834 1705/5835/5835 1470/5836/5836
f 1445/5837/5837 1446/5838/5838 1470/5839/5839 1471/5840/5840
f 1443/5841/5841 1445/5842/5842 1471/5843/5843 1472/5844/5844
f 1444/5845/5845 1443/5846/5846 1472/5847/5847 1458/5848/5848
f 1458/5849/5849 1472/5850/5850 1337/5851/5851 1324/5852/5852
f 1472/5853/5853 1471/5854/5854 1336/5855/5855 1337/5856/5856
f 1471/5857/5857 1470/5858/5858 1335/5859/5859 1336/5860/5860
f 1470/5861/5861 1705/5862/5862 1721/5863/5863 1335/5864/5864
f 1706/5865/5865 1469/5866/5866 1334/5867/5867 1722/5868/5868
f 1469/5869/5869 1468/5870/5870 1333/5871/5871 1334/5872/5872
f 1468/5873/5873 1467/5874/5874 1332/5875/5875 1333/5876/5876
f 1467/5877/5877 1466/5878/5878 1331/5879/5879 1332/5880/5880
f 1466/5881/5881 1465/5882/5882 1330/5883/5883 1331/5884/5884
f 1465/5885/5885 1464/5886/5886 1329/5887/5887 1330/5888/5888
f 1464/5889/5889 1463/5890/5890 1328/5891/5891 1329/5892/5892
f 1463/5893/5893 1462/5894/5894 1327/5895/5895 1328/5896/5896
f 1462/5897/5897 1461/5898/5898 1326/5899/5899 1327/5900/5900
f 1461/5901/5901 1460/5902/5902 1325/5903/5903 1326/5904/5904
f 1323/5905/5905 1325/5906/5906 1460/5907/5907 1459/5908/5908
f 1324/5909/5909 1323/5910/5910 1459/5911/5911 1458/5912/5912
f 1340/5913/5913 1412/5914/5914 1473/5915/5915 1338/5916/5916
f 1412/5917/5917 1411/5918/5918 1474/5919/5919 1473/5920/5920
f 1411/5921/5921 1410/5922/5922 1475/5923/5923 1474/5924/5924
f 1410/5925/5925 1409/5926/5926 1476/5927/5927 1475/5928/5928
f 1409/5929/5929 1408/5930/5930 1477/5931/5931 1476/5932/5932
f 1408/5933/5933 1407/5934/5934 1478/5935/5935 1477/5936/5936
f 1407/5937/5937 1406/5938/5938 1479/5939/5939 1478/5940/5940
f 1406/5941/5941 1405/5942/5942 1480/5943/5943 1479/5944/5944
f 1405/5945/5945 1713/5946/5946 1704/5947/5947 1480/5948/5948
f 1481/5949/5949 1703/5950/5950 1702/5951/5951 1482/5952/5952
f 1483/5953/5953 1481/5954/5954 1482/5955/5955 1484/5956/5956
f 1485/5957/5957 1483/5958/5958 1484/5959/5959 1486/5960/5960
f 1487/5961/5961 1485/5962/5962 1486/5963/5963 1488/5964/5964
f 1489/5965/5965 1487/5966/5966 1488/5967/5967 1490/5968/5968
f 1491/5969/5969 1489/5970/5970 1490/5971/5971 1492/5972/5972
f 1493/5973/5973 1491/5974/5974 1492/5975/5975 1494/5976/5976
f 1495/5977/5977 1493/5978/5978 1494/5979/5979 1496/5980/5980
f 1497/5981/5981 1495/5982/5982 1496/5983/5983 1498/5984/5984
f 1499/5985/5985 1500/5986/5986 1501/5987/5987 1502/5988/5988
f 1500/5989/5989 1503/5990/5990 1504/5991/5991 1501/5992/5992
f 1503/5993/5993 1498/5994/5994 1505/5995/5995 1504/5996/5996
f 1498/5997/5997 1496/5998/5998 1506/5999/5999 1505/6000/6000
f 1496/6001/6001 1494/6002/6002 1507/6003/6003 1506/6004/6004
f 1494/6005/6005 1492/6006/6006 1508/6007/6007 1507/6008/6008
f 1492/6009/6009 1490/6010/6010 1509/6011/6011 1508/6012/6012
f 1490/6013/6013 1488/6014/6014 1510/6015/6015 1509/6016/6016
f 1488/6017/6017 1486/6018/6018 1511/6019/6019 1510/6020/6020
f 1486/6021/6021 1484/6022/6022 1512/6023/6023 1511/6024/6024
f 1484/6025/6025 1482/6026/6026 1513/6027/6027 1512/6028/6028
f 1482/6029/6029 1702/6030/6030 1701/6031/6031 1513/6032/6032
f 1720/6033/6033 1344/6034/6034 1514/6035/6035 1700/6036/6036
f 1343/6037/6037 1499/6038/6038 1502/6039/6039 1517/6040/6040
f 1517/6041/6041 1502/6042/6042 1518/6043/6043 1519/6044/6044
f 1700/6045/6045 1514/6046/6046 1521/6047/6047 1699/6048/6048
f 1513/6049/6049 1701/6050/6050 1698/6051/6051 1522/6052/6052
f 1512/6053/6053 1513/6054/6054 1522/6055/6055 1523/6056/6056
f 1511/6057/6057 1512/6058/6058 1523/6059/6059 1524/6060/6060
f 1510/6061/6061 1511/6062/6062 1524/6063/6063 1525/6064/6064
f 1509/6065/6065 1510/6066/6066 1525/6067/6067 1526/6068/6068
f 1508/6069/6069 1509/6070/6070 1526/6071/6071 1527/6072/6072
f 1507/6073/6073 1508/6074/6074 1527/6075/6075 1528/6076/6076
f 1506/6077/6077 1507/6078/6078 1528/6079/6079 1529/6080/6080
f 1505/6081/6081 1506/6082/6082 1529/6083/6083 1530/6084/6084
f 1504/6085/6085 1505/6086/6086 1530/6087/6087 1531/6088/6088
f 1501/6089/6089 1504/6090/6090 1531/6091/6091 1532/6092/6092
f 1502/6093/6093 1501/6094/6094 1532/6095/6095 1518/6096/6096
f 1518/6097/6097 1532/6098/6098 1533/6099/6099 1534/6100/6100
f 1532/6101/6101 1531/6102/6102 1535/6103/6103 1533/6104/6104
f 1531/6105/6105 1530/6106/6106 1536/6107/6107 1535/6108/6108
f 1530/6109/6109 1529/6110/6110 1537/6111/6111 1536/6112/6112
f 1529/6113/6113 1528/6114/6114 1538/6115/6115 1537/6116/6116
f 1528/6117/6117 1527/6118/6118 1539/6119/6119 1538/6120/6120
f 1527/6121/6121 1526/6122/6122 1540/6123/6123 1539/6124/6124
f 1526/6125/6125 1525/6126/6126 1541/6127/6127 1540/6128/6128
f 1525/6129/6129 1524/6130/6130 1542/6131/6131 1541/6132/6132
f 1524/6133/6133 1523/6134/6134 1543/6135/6135 1542/6136/6136
f 1523/6137/6137 1522/6138/6138 1544/6139/6139 1543/6140/6140
f 1522/6141/6141 1698/6142/6142 1697/6143/6143 1544/6144/6144
f 1699/6145/6145 1521/6146/6146 1545/6147/6147 1696/6148/6148
f 1519/6149/6149 1518/6150/6150 1534/6151/6151 1547/6152/6152
f 1547/6153/6153 1534/6154/6154 1548/6155/6155 1549/6156/6156
f 1696/6157/6157 1545/6158/6158 1551/6159/6159 1695/6160/6160
f 1544/6161/6161 1697/6162/6162 1694/6163/6163 1552/6164/6164
f 1543/6165/6165 1544/6166/6166 1552/6167/6167 1553/6168/6168
f 1542/6169/6169 1543/6170/6170 1553/6171/6171 1554/6172/6172
f 1541/6173/6173 1542/6174/6174 1554/6175/6175 1555/6176/6176
f 1540/6177/6177 1541/6178/6178 1555/6179/6179 1556/6180/6180
f 1539/6181/6181 1540/6182/6182 1556/6183/6183 1557/6184/6184
f 1538/6185/6185 1539/6186/6186 1557/6187/6187 1558/6188/6188
f 1537/6189/6189 1538/6190/6190 1558/6191/6191 1559/6192/6192
f 1536/6193/6193 1537/6194/6194 1559/6195/6195 1560/6196/6196
f 1535/6197/6197 1536/6198/6198 1560/6199/6199 1561/6200/6200
f 1533/6201/6201 1535/6202/6202 1561/6203/6203 1562/6204/6204
f 1534/6205/6205 1533/6206/6206 1562/6207/6207 1548/6208/6208
f 1548/6209/6209 1562/6210/6210 1563/6211/6211 1564/6212/6212
f 1562/6213/6213 1561/6214/6214 1565/6215/6215 1563/6216/6216
f 1561/6217/6217 1560/6218/6218 1566/6219/6219 1565/6220/6220
f 1560/6221/6221 1559/6222/6222 1567/6223/6223 1566/6224/6224
f 1559/6225/6225 1558/6226/6226 1568/6227/6227 1567/6228/6228
f 1558/6229/6229 1557/6230/6230 1569/6231/6231 1568/6232/6232
f 1557/6233/6233 1556/6234/6234 1570/6235/6235 1569/6236/6236
f 1556/6237/6237 1555/6238/6238 1571/6239/6239 1570/6240/6240
f 1555/6241/6241 1554/6242/6242 1572/6243/6243 1571/6244/6244
f 1554/6245/6245 1553/6246/6246 1573/6247/6247 1572/6248/6248
f 1553/6249/6249 1552/6250/6250 1574/6251/6251 1573/6252/6252
f 1552/6253/6253 1694/6254/6254 1693/6255/6255 1574/6256/6256
f 1695/6257/6257 1551/6258/6258 1575/6259/6259 1692/6260/6260
f 1549/6261/6261 1548/6262/6262 1564/6263/6263 1577/6264/6264
f 1577/6265/6265 1564/6266/6266 1578/6267/6267 1579/6268/6268
f 1692/6269/6269 1575/6270/6270 1581/6271/6271 1691/6272/6272
f 1574/6273/6273 1693/6274/6274 1690/6275/6275 1582/6276/6276
f 1573/6277/6277 1574/6278/6278 1582/6279/6279 1583/6280/6280
f 1572/6281/6281 1573/6282/6282 1583/6283/6283 1584/6284/6284
f 1571/6285/6285 1572/6286/6286 1584/6287/6287 1585/6288/6288
f 1570/6289/6289 1571/6290/6290 1585/6291/6291 1586/6292/6292
f 1569/6293/6293 1570/6294/6294 1586/6295/6295 1587/6296/6296
f 1568/6297/6297 1569/6298/6298 1587/6299/6299 1588/6300/6300
f 1567/6301/6301 1568/6302/6302 1588/6303/6303 1589/6304/6304
f 1566/6305/6305 1567/6306/6306 1589/6307/6307 1590/6308/6308
f 1565/6309/6309 1566/6310/6310 1590/6311/6311 1591/6312/6312
f 1563/6313/6313 1565/6314/6314 1591/6315/6315 1592/6316/6316
f 1564/6317/6317 1563/6318/6318 1592/6319/6319 1578/6320/6320
f 1578/6321/6321 1592/6322/6322 1593/6323/6323 1594/6324/6324
f 1592/6325/6325 1591/6326/6326 1595/6327/6327 1593/6328/6328
f 1591/6329/6329 1590/6330/6330 1596/6331/6331 1595/6332/6332
f 1590/6333/6333 1589/6334/6334 1597/6335/6335 1596/6336/6336
f 1589/6337/6337 1588/6338/6338 1598/6339/6339 1597/6340/6340
f 1588/6341/6341 1587/6342/6342 1599/6343/6343 1598/6344/6344
f 1587/6345/6345 1586/6346/6346 1600/6347/6347 1599/6348/6348
f 1586/6349/6349 1585/6350/6350 1601/6351/6351 1600/6352/6352
f 1585/6353/6353 1584/6354/6354 1602/6355/6355 1601/6356/6356
f 1584/6357/6357 1583/6358/6358 1603/6359/6359 1602/6360/6360
f 1583/6361/6361 1582/6362/6362 1604/6363/6363 1603/6364/6364
f 1582/6365/6365 1690/6366/6366 1689/6367/6367 1604/6368/6368
f 1691/6369/6369 1581/6370/6370 1605/6371/6371 1688/6372/6372
f 1579/6373/6373 1578/6374/6374 1594/6375/6375 1607/6376/6376
f 1604/6377/6377 1689/6378/6378 1686/6379/6379 1612/6380/6380
f 1603/6381/6381 1604/6382/6382 1612/6383/6383 1613/6384/6384
f 1602/6385/6385 1603/6386/6386 1613/6387/6387 1614/6388/6388
f 1601/6389/6389 1602/6390/6390 1614/6391/6391 1615/6392/6392
f 1600/6393/6393 1601/6394/6394 1615/6395/6395 1616/6396/6396
f 1597/6397/6397 1598/6398/6398 1618/6399/6399 1619/6400/6400
f 1503/6401/6401 1623/6402/6402 1497/6403/6403 1498/6404/6404
f 1500/6405/6405 1624/6406/6406 1623/6407/6407 1503/6408/6408
f 1499/6409/6409 1350/6410/6410 1624/6411/6411 1500/6412/6412
f 1343/6413/6413 1119/6414/6414 1350/6415/6415 1499/6416/6416
f 1704/6417/6417 1685/6418/6418 1625/6419/6419 1480/6420/6420
f 1685/6421/6421 1684/6422/6422 1626/6423/6423 1625/6424/6424
f 1480/6425/6425 1625/6426/6426 1627/6427/6427 1479/6428/6428
f 1625/6429/6429 1626/6430/6430 1628/6431/6431 1627/6432/6432
f 1479/6433/6433 1627/6434/6434 1629/6435/6435 1478/6436/6436
f 1627/6437/6437 1628/6438/6438 1630/6439/6439 1629/6440/6440
f 1478/6441/6441 1629/6442/6442 1631/6443/6443 1477/6444/6444
f 1629/6445/6445 1630/6446/6446 1632/6447/6447 1631/6448/6448
f 1477/6449/6449 1631/6450/6450 1633/6451/6451 1476/6452/6452
f 1631/6453/6453 1632/6454/6454 1634/6455/6455 1633/6456/6456
f 1476/6457/6457 1633/6458/6458 1635/6459/6459 1475/6460/6460
f 1633/6461/6461 1634/6462/6462 1636/6463/6463 1635/6464/6464
f 1475/6465/6465 1635/6466/6466 1637/6467/6467 1474/6468/6468
f 1635/6469/6469 1636/6470/6470 1638/6471/6471 1637/6472/6472
f 1474/6473/6473 1637/6474/6474 1639/6475/6475 1473/6476/6476
f 1637/6477/6477 1638/6478/6478 1640/6479/6479 1639/6480/6480
f 1473/6481/6481 1639/6482/6482 1641/6483/6483 1338/6484/6484
f 1639/6485/6485 1640/6486/6486 1642/6487/6487 1641/6488/6488
f 1347/6489/6489 1357/6490/6490 1641/6491/6491 1642/6492/6492
f 1357/6493/6493 1339/6494/6494 1338/6495/6495 1641/6496/6496
f 1643/6497/6497 1343/6498/6498 1517/6499/6499 1644/6500/6500
f 1644/6501/6501 1517/6502/6502 1519/6503/6503 1645/6504/6504
f 1645/6505/6505 1519/6506/6506 1547/6507/6507 1646/6508/6508
f 1646/6509/6509 1547/6510/6510 1549/6511/6511 1647/6512/6512
f 1647/6513/6513 1549/6514/6514 1577/6515/6515 1648/6516/6516
f 1648/6517/6517 1577/6518/6518 1579/6519/6519 1649/6520/6520
f 1649/6521/6521 1579/6522/6522 1607/6523/6523 1650/6524/6524
f 1640/6525/6525 1652/6526/6526 1653/6527/6527 1642/6528/6528
f 1652/6529/6529 1495/6530/6530 1497/6531/6531 1653/6532/6532
f 1638/6533/6533 1654/6534/6534 1652/6535/6535 1640/6536/6536
f 1654/6537/6537 1493/6538/6538 1495/6539/6539 1652/6540/6540
f 1636/6541/6541 1655/6542/6542 1654/6543/6543 1638/6544/6544
f 1655/6545/6545 1491/6546/6546 1493/6547/6547 1654/6548/6548
f 1634/6549/6549 1656/6550/6550 1655/6551/6551 1636/6552/6552
f 1656/6553/6553 1489/6554/6554 1491/6555/6555 1655/6556/6556
f 1632/6557/6557 1657/6558/6558 1656/6559/6559 1634/6560/6560
f 1657/6561/6561 1487/6562/6562 1489/6563/6563 1656/6564/6564
f 1630/6565/6565 1658/6566/6566 1657/6567/6567 1632/6568/6568
f 1658/6569/6569 1485/6570/6570 1487/6571/6571 1657/6572/6572
f 1628/6573/6573 1659/6574/6574 1658/6575/6575 1630/6576/6576
f 1659/6577/6577 1483/6578/6578 1485/6579/6579 1658/6580/6580
f 1626/6581/6581 1660/6582/6582 1659/6583/6583 1628/6584/6584
f 1660/6585/6585 1481/6586/6586 1483/6587/6587 1659/6588/6588
f 1684/6589/6589 1683/6590/6590 1660/6591/6591 1626/6592/6592
f 1683/6593/6593 1703/6594/6594 1481/6595/6595 1660/6596/6596
f 1623/6597/6597 1661/6598/6598 1653/6599/6599 1497/6600/6600
f 1661/6601/6601 1347/6602/6602 1642/6603/6603 1653/6604/6604
f 1624/6605/6605 1349/6606/6606 1661/6607/6607 1623/6608/6608
f 1349/6609/6609 827/6610/6610 1347/6611/6611 1661/6612/6612
f 1350/6613/6613 825/6614/6614 1349/6615/6615 1624/6616/6616
f 1403/6617/6617 1404/6618/6618 1662/6619/6619 1663/6620/6620
f 1401/6621/6621 1403/6622/6622 1663/6623/6623 1356/6624/6624
f 1402/6625/6625 1401/6626/6626 1356/6627/6627 1718/6628/6628
f 1344/6629/6629 1720/6630/6630 1719/6631/6631 1107/6632/6632
f 1343/6633/6633 1643/6634/6634 1122/6635/6635 1119/6636/6636
f 1404/6637/6637 1341/6638/6638 1342/6639/6639 1662/6640/6640
f 1344/6641/6641 1671/6642/6642 1664/6643/6643 1514/6644/6644
f 1671/6645/6645 1515/6646/6646 1516/6647/6647 1664/6648/6648
f 1514/6649/6649 1664/6650/6650 1666/6651/6651 1521/6652/6652
f 1664/6653/6653 1516/6654/6654 1520/6655/6655 1666/6656/6656
f 1521/6657/6657 1666/6658/6658 1668/6659/6659 1545/6660/6660
f 1666/6661/6661 1520/6662/6662 1546/6663/6663 1668/6664/6664
f 1545/6665/6665 1668/6666/6666 1670/6667/6667 1551/6668/6668
f 1668/6669/6669 1546/6670/6670 1550/6671/6671 1670/6672/6672
f 1551/6673/6673 1670/6674/6674 1672/6675/6675 1575/6676/6676
f 1670/6677/6677 1550/6678/6678 1576/6679/6679 1672/6680/6680
f 1575/6681/6681 1672/6682/6682 1665/6683/6683 1581/6684/6684
f 1672/6685/6685 1576/6686/6686 1580/6687/6687 1665/6688/6688
f 1581/6689/6689 1665/6690/6690 1667/6691/6691 1605/6692/6692
f 1665/6693/6693 1580/6694/6694 1606/6695/6695 1667/6696/6696
f 1515/6697/6697 1671/6698/6698 1673/6699/6699 1358/6700/6700
f 1671/6701/6701 1344/6702/6702 1107/6703/6703 1673/6704/6704
f 1515/6705/6705 1677/6706/6706 1678/6707/6707 1516/6708/6708
f 1677/6709/6709 1643/6710/6710 1644/6711/6711 1678/6712/6712
f 1516/6713/6713 1678/6714/6714 1675/6715/6715 1520/6716/6716
f 1678/6717/6717 1644/6718/6718 1645/6719/6719 1675/6720/6720
f 1520/6721/6721 1675/6722/6722 1682/6723/6723 1546/6724/6724
f 1675/6725/6725 1645/6726/6726 1646/6727/6727 1682/6728/6728
f 1546/6729/6729 1682/6730/6730 1676/6731/6731 1550/6732/6732
f 1682/6733/6733 1646/6734/6734 1647/6735/6735 1676/6736/6736
f 1550/6737/6737 1676/6738/6738 1679/6739/6739 1576/6740/6740
f 1676/6741/6741 1647/6742/6742 1648/6743/6743 1679/6744/6744
f 1576/6745/6745 1679/6746/6746 1681/6747/6747 1580/6748/6748
f 1679/6749/6749 1648/6750/6750 1649/6751/6751 1681/6752/6752
f 1580/6753/6753 1681/6754/6754 1674/6755/6755 1606/6756/6756
f 1681/6757/6757 1649/6758/6758 1650/6759/6759 1674/6760/6760
f 1643/6761/6761 1677/6762/6762 1680/6763/6763 1122/6764/6764
f 1677/6765/6765 1515/6766/6766 1358/6767/6767 1680/6768/6768
f 1338/6769/6769 1339/6770/6770 1353/6771/6771 1340/6772/6772
f 1348/6773/6773 1724/6774/6774 827/6775/6775
f 1724/6776/6776 1347/6777/6777 827/6778/6778
f 1347/6779/6779 1724/6780/6780 1726/6781/6781 1357/6782/6782
f 1724/6783/6783 1348/6784/6784 1346/6785/6785 1726/6786/6786
f 1357/6787/6787 1726/6788/6788 1725/6789/6789 1339/6790/6790
f 1726/6791/6791 1346/6792/6792 1345/6793/6793 1725/6794/6794
f 1339/6795/6795 1725/6796/6796 1351/6797/6797 1353/6798/6798
f 1342/6799/6799 1351/6800/6800 1352/6801/6801
f 1351/6802/6802 1725/6803/6803 1355/6804/6804 1352/6805/6805
f 1354/6806/6806 1355/6807/6807 1725/6808/6808
f 1345/6809/6809 1354/6810/6810 1725/6811/6811
f 2061/6812/6812 1728/6813/6813 2049/6814/6814
f 2049/6815/6815 1728/6816/6816 2048/6817/6817
f 2052/6818/6818 2051/6819/6819 2048/6820/6820 1728/6821/6821
f 2066/6822/6822 2051/6823/6823 2052/6824/6824
f 2069/6825/6825 2050/6826/6826 2052/6827/6827 1728/6828/6828
f 1727/6829/6829 1728/6830/6830 2061/6831/6831 2060/6832/6832
f 2046/6833/6833 2069/6834/6834 1728/6835/6835 1727/6836/6836
f 1729/6837/6837 1727/6838/6838 2060/6839/6839 2057/6840/6840
f 2059/6841/6841 2046/6842/6842 1727/6843/6843 1729/6844/6844
f 1729/6845/6845 2058/6846/6846 2059/6847/6847
f 2057/6848/6848 2058/6849/6849 1729/6850/6850
f 2070/6851/6851 2068/6852/6852 2050/6853/6853 2069/6854/6854
f 1735/6855/6855 1732/6856/6856 2044/6857/6857 1888/6858/6858
f 1767/6859/6859 2045/6860/6860 1732/6861/6861 1735/6862/6862
f 1731/6863/6863 1738/6864/6864 1760/6865/6865 1761/6866/6866
f 1823/6867/6867 1797/6868/6868 1738/6869/6869 1731/6870/6870
f 1733/6871/6871 1731/6872/6872 1761/6873/6873 1762/6874/6874
f 1827/6875/6875 1823/6876/6876 1731/6877/6877 1733/6878/6878
f 1736/6879/6879 1733/6880/6880 1762/6881/6881 1763/6882/6882
f 1853/6883/6883 1827/6884/6884 1733/6885/6885 1736/6886/6886
f 1730/6887/6887 1736/6888/6888 1763/6889/6889 1764/6890/6890
f 1857/6891/6891 1853/6892/6892 1736/6893/6893 1730/6894/6894
f 1737/6895/6895 1730/6896/6896 1764/6897/6897 1765/6898/6898
f 1883/6899/6899 1857/6900/6900 1730/6901/6901 1737/6902/6902
f 1734/6903/6903 1737/6904/6904 1765/6905/6905 1766/6906/6906
f 1887/6907/6907 1883/6908/6908 1737/6909/6909 1734/6910/6910
f 1735/6911/6911 1734/6912/6912 1766/6913/6913 1767/6914/6914
f 1888/6915/6915 1887/6916/6916 1734/6917/6917 1735/6918/6918
f 1741/6919/6919 1739/6920/6920 2062/6921/6921 2063/6922/6922
f 1888/6923/6923 2044/6924/6924 1739/6925/6925 1741/6926/6926
f 1746/6927/6927 1744/6928/6928 1797/6929/6929 1823/6930/6930
f 1822/6931/6931 1798/6932/6932 1744/6933/6933 1746/6934/6934
f 1740/6935/6935 1746/6936/6936 1823/6937/6937 1827/6938/6938
f 1828/6939/6939 1822/6940/6940 1746/6941/6941 1740/6942/6942
f 1742/6943/6943 1740/6944/6944 1827/6945/6945 1853/6946/6946
f 1852/6947/6947 1828/6948/6948 1740/6949/6949 1742/6950/6950
f 1743/6951/6951 1742/6952/6952 1853/6953/6953 1857/6954/6954
f 1858/6955/6955 1852/6956/6956 1742/6957/6957 1743/6958/6958
f 1745/6959/6959 1743/6960/6960 1857/6961/6961 1883/6962/6962
f 1882/6963/6963 1858/6964/6964 1743/6965/6965 1745/6966/6966
f 1747/6967/6967 1745/6968/6968 1883/6969/6969 1887/6970/6970
f 1889/6971/6971 1882/6972/6972 1745/6973/6973 1747/6974/6974
f 1741/6975/6975 1747/6976/6976 1887/6977/6977 1888/6978/6978
f 2063/6979/6979 1889/6980/6980 1747/6981/6981 1741/6982/6982
f 1999/6983/6983 1749/6984/6984 2066/6985/6985 2067/6986/6986
f 2065/6987/6987 2064/6988/6988 2045/6989/6989 1767/6990/6990
f 2063/6991/6991 2062/6992/6992 1719/6993/6993 1720/6994/6994
f 2001/6995/6995 1718/6996/6996 2047/6997/6997 2002/6998/6998
f 2002/6999/6999 2047/7000/7000 1748/7001/7001 2000/7002/7002
f 2000/7003/7003 1748/7004/7004 1749/7005/7005 1999/7006/7006
f 2054/7007/7007 1786/7008/7008 2056/7009/7009 2055/7010/7010
f 2056/7011/7011 1750/7012/7012 2059/7013/7013 2058/7014/7014
f 1786/7015/7015 1787/7016/7016 1750/7017/7017 2056/7018/7018
f 1750/7019/7019 1758/7020/7020 1768/7021/7021 2059/7022/7022
f 1787/7023/7023 1906/7024/7024 1758/7025/7025 1750/7026/7026
f 1683/7027/7027 1751/7028/7028 1922/7029/7029 1703/7030/7030
f 1684/7031/7031 1784/7032/7032 1751/7033/7033 1683/7034/7034
f 1751/7035/7035 1752/7036/7036 1920/7037/7037 1922/7038/7038
f 1784/7039/7039 1782/7040/7040 1752/7041/7041 1751/7042/7042
f 1752/7043/7043 1753/7044/7044 1918/7045/7045 1920/7046/7046
f 1782/7047/7047 1780/7048/7048 1753/7049/7049 1752/7050/7050
f 1753/7051/7051 1754/7052/7052 1916/7053/7053 1918/7054/7054
f 1780/7055/7055 1778/7056/7056 1754/7057/7057 1753/7058/7058
f 1754/7059/7059 1755/7060/7060 1914/7061/7061 1916/7062/7062
f 1778/7063/7063 1776/7064/7064 1755/7065/7065 1754/7066/7066
f 1755/7067/7067 1756/7068/7068 1912/7069/7069 1914/7070/7070
f 1776/7071/7071 1774/7072/7072 1756/7073/7073 1755/7074/7074
f 1756/7075/7075 1757/7076/7076 1910/7077/7077 1912/7078/7078
f 1774/7079/7079 1772/7080/7080 1757/7081/7081 1756/7082/7082
f 1757/7083/7083 1759/7084/7084 1908/7085/7085 1910/7086/7086
f 1772/7087/7087 1770/7088/7088 1759/7089/7089 1757/7090/7090
f 1759/7091/7091 1758/7092/7092 1906/7093/7093 1908/7094/7094
f 1770/7095/7095 1768/7096/7096 1758/7097/7097 1759/7098/7098
f 1761/7099/7099 1760/7100/7100 1796/7101/7101 1824/7102/7102
f 1762/7103/7103 1761/7104/7104 1824/7105/7105 1826/7106/7106
f 1763/7107/7107 1762/7108/7108 1826/7109/7109 1854/7110/7110
f 1764/7111/7111 1763/7112/7112 1854/7113/7113 1856/7114/7114
f 1765/7115/7115 1764/7116/7116 1856/7117/7117 1884/7118/7118
f 1766/7119/7119 1765/7120/7120 1884/7121/7121 1886/7122/7122
f 1767/7123/7123 1766/7124/7124 1886/7125/7125 2065/7126/7126
f 2046/7127/7127 1769/7128/7128 2070/7129/7129 2069/7130/7130
f 2059/7131/7131 1768/7132/7132 1769/7133/7133 2046/7134/7134
f 1771/7135/7135 1769/7136/7136 1768/7137/7137 1770/7138/7138
f 1930/7139/7139 2070/7140/7140 1769/7141/7141 1771/7142/7142
f 1773/7143/7143 1771/7144/7144 1770/7145/7145 1772/7146/7146
f 1929/7147/7147 1930/7148/7148 1771/7149/7149 1773/7150/7150
f 1775/7151/7151 1773/7152/7152 1772/7153/7153 1774/7154/7154
f 1928/7155/7155 1929/7156/7156 1773/7157/7157 1775/7158/7158
f 1777/7159/7159 1775/7160/7160 1774/7161/7161 1776/7162/7162
f 1927/7163/7163 1928/7164/7164 1775/7165/7165 1777/7166/7166
f 1779/7167/7167 1777/7168/7168 1776/7169/7169 1778/7170/7170
f 1926/7171/7171 1927/7172/7172 1777/7173/7173 1779/7174/7174
f 1781/7175/7175 1779/7176/7176 1778/7177/7177 1780/7178/7178
f 1925/7179/7179 1926/7180/7180 1779/7181/7181 1781/7182/7182
f 1783/7183/7183 1781/7184/7184 1780/7185/7185 1782/7186/7186
f 1924/7187/7187 1925/7188/7188 1781/7189/7189 1783/7190/7190
f 1785/7191/7191 1783/7192/7192 1782/7193/7193 1784/7194/7194
f 1923/7195/7195 1924/7196/7196 1783/7197/7197 1785/7198/7198
f 1685/7199/7199 1785/7200/7200 1784/7201/7201 1684/7202/7202
f 1704/7203/7203 1923/7204/7204 1785/7205/7205 1685/7206/7206
f 2065/7207/7207 1904/7208/7208 2054/7209/7209 2064/7210/7210
f 1904/7211/7211 1903/7212/7212 1786/7213/7213 2054/7214/7214
f 1903/7215/7215 1900/7216/7216 1787/7217/7217 1786/7218/7218
f 1900/7219/7219 1905/7220/7220 1906/7221/7221 1787/7222/7222
f 1806/7223/7223 1788/7224/7224 1789/7225/7225 1805/7226/7226
f 1803/7227/7227 1791/7228/7228 1792/7229/7229 1802/7230/7230
f 1802/7231/7231 1792/7232/7232 1793/7233/7233 1801/7234/7234
f 1801/7235/7235 1793/7236/7236 1794/7237/7237 1800/7238/7238
f 1800/7239/7239 1794/7240/7240 1795/7241/7241 1799/7242/7242
f 1799/7243/7243 1795/7244/7244 1686/7245/7245 1689/7246/7246
f 1824/7247/7247 1796/7248/7248 1809/7249/7249 1825/7250/7250
f 1691/7251/7251 1688/7252/7252 1798/7253/7253 1822/7254/7254
f 1821/7255/7255 1799/7256/7256 1689/7257/7257 1690/7258/7258
f 1820/7259/7259 1800/7260/7260 1799/7261/7261 1821/7262/7262
f 1819/7263/7263 1801/7264/7264 1800/7265/7265 1820/7266/7266
f 1818/7267/7267 1802/7268/7268 1801/7269/7269 1819/7270/7270
f 1817/7271/7271 1803/7272/7272 1802/7273/7273 1818/7274/7274
f 1816/7275/7275 1804/7276/7276 1803/7277/7277 1817/7278/7278
f 1815/7279/7279 1805/7280/7280 1804/7281/7281 1816/7282/7282
f 1814/7283/7283 1806/7284/7284 1805/7285/7285 1815/7286/7286
f 1813/7287/7287 1807/7288/7288 1806/7289/7289 1814/7290/7290
f 1812/7291/7291 1808/7292/7292 1807/7293/7293 1813/7294/7294
f 1811/7295/7295 1810/7296/7296 1313/7297/7297 1808/7298/7298 1812/7299/7299
f 1825/7300/7300 1809/7301/7301 1810/7302/7302 1811/7303/7303
f 1839/7304/7304 1825/7305/7305 1811/7306/7306 1840/7307/7307
f 1840/7308/7308 1811/7309/7309 1812/7310/7310 1838/7311/7311
f 1838/7312/7312 1812/7313/7313 1813/7314/7314 1837/7315/7315
f 1837/7316/7316 1813/7317/7317 1814/7318/7318 1836/7319/7319
f 1836/7320/7320 1814/7321/7321 1815/7322/7322 1835/7323/7323
f 1835/7324/7324 1815/7325/7325 1816/7326/7326 1834/7327/7327
f 1834/7328/7328 1816/7329/7329 1817/7330/7330 1833/7331/7331
f 1833/7332/7332 1817/7333/7333 1818/7334/7334 1832/7335/7335
f 1832/7336/7336 1818/7337/7337 1819/7338/7338 1831/7339/7339
f 1831/7340/7340 1819/7341/7341 1820/7342/7342 1830/7343/7343
f 1830/7344/7344 1820/7345/7345 1821/7346/7346 1829/7347/7347
f 1829/7348/7348 1821/7349/7349 1690/7350/7350 1693/7351/7351
f 1692/7352/7352 1691/7353/7353 1822/7354/7354 1828/7355/7355
f 1826/7356/7356 1824/7357/7357 1825/7358/7358 1839/7359/7359
f 1854/7360/7360 1826/7361/7361 1839/7362/7362 1855/7363/7363
f 1695/7364/7364 1692/7365/7365 1828/7366/7366 1852/7367/7367
f 1851/7368/7368 1829/7369/7369 1693/7370/7370 1694/7371/7371
f 1850/7372/7372 1830/7373/7373 1829/7374/7374 1851/7375/7375
f 1849/7376/7376 1831/7377/7377 1830/7378/7378 1850/7379/7379
f 1848/7380/7380 1832/7381/7381 1831/7382/7382 1849/7383/7383
f 1847/7384/7384 1833/7385/7385 1832/7386/7386 1848/7387/7387
f 1846/7388/7388 1834/7389/7389 1833/7390/7390 1847/7391/7391
f 1845/7392/7392 1835/7393/7393 1834/7394/7394 1846/7395/7395
f 1844/7396/7396 1836/7397/7397 1835/7398/7398 1845/7399/7399
f 1843/7400/7400 1837/7401/7401 1836/7402/7402 1844/7403/7403
f 1842/7404/7404 1838/7405/7405 1837/7406/7406 1843/7407/7407
f 1841/7408/7408 1840/7409/7409 1838/7410/7410 1842/7411/7411
f 1855/7412/7412 1839/7413/7413 1840/7414/7414 1841/7415/7415
f 1869/7416/7416 1855/7417/7417 1841/7418/7418 1870/7419/7419
f 1870/7420/7420 1841/7421/7421 1842/7422/7422 1868/7423/7423
f 1868/7424/7424 1842/7425/7425 1843/7426/7426 1867/7427/7427
f 1867/7428/7428 1843/7429/7429 1844/7430/7430 1866/7431/7431
f 1866/7432/7432 1844/7433/7433 1845/7434/7434 1865/7435/7435
f 1865/7436/7436 1845/7437/7437 1846/7438/7438 1864/7439/7439
f 1864/7440/7440 1846/7441/7441 1847/7442/7442 1863/7443/7443
f 1863/7444/7444 1847/7445/7445 1848/7446/7446 1862/7447/7447
f 1862/7448/7448 1848/7449/7449 1849/7450/7450 1861/7451/7451
f 1861/7452/7452 1849/7453/7453 1850/7454/7454 1860/7455/7455
f 1860/7456/7456 1850/7457/7457 1851/7458/7458 1859/7459/7459
f 1859/7460/7460 1851/7461/7461 1694/7462/7462 1697/7463/7463
f 1696/7464/7464 1695/7465/7465 1852/7466/7466 1858/7467/7467
f 1856/7468/7468 1854/7469/7469 1855/7470/7470 1869/7471/7471
f 1884/7472/7472 1856/7473/7473 1869/7474/7474 1885/7475/7475
f 1699/7476/7476 1696/7477/7477 1858/7478/7478 1882/7479/7479
f 1881/7480/7480 1859/7481/7481 1697/7482/7482 1698/7483/7483
f 1880/7484/7484 1860/7485/7485 1859/7486/7486 1881/7487/7487
f 1879/7488/7488 1861/7489/7489 1860/7490/7490 1880/7491/7491
f 1878/7492/7492 1862/7493/7493 1861/7494/7494 1879/7495/7495
f 1877/7496/7496 1863/7497/7497 1862/7498/7498 1878/7499/7499
f 1876/7500/7500 1864/7501/7501 1863/7502/7502 1877/7503/7503
f 1875/7504/7504 1865/7505/7505 1864/7506/7506 1876/7507/7507
f 1874/7508/7508 1866/7509/7509 1865/7510/7510 1875/7511/7511
f 1873/7512/7512 1867/7513/7513 1866/7514/7514 1874/7515/7515
f 1872/7516/7516 1868/7517/7517 1867/7518/7518 1873/7519/7519
f 1871/7520/7520 1870/7521/7521 1868/7522/7522 1872/7523/7523
f 1885/7524/7524 1869/7525/7525 1870/7526/7526 1871/7527/7527
f 1901/7528/7528 1885/7529/7529 1871/7530/7530 1902/7531/7531
f 1902/7532/7532 1871/7533/7533 1872/7534/7534 1899/7535/7535
f 1899/7536/7536 1872/7537/7537 1873/7538/7538 1898/7539/7539
f 1898/7540/7540 1873/7541/7541 1874/7542/7542 1897/7543/7543
f 1897/7544/7544 1874/7545/7545 1875/7546/7546 1896/7547/7547
f 1896/7548/7548 1875/7549/7549 1876/7550/7550 1895/7551/7551
f 1895/7552/7552 1876/7553/7553 1877/7554/7554 1894/7555/7555
f 1894/7556/7556 1877/7557/7557 1878/7558/7558 1893/7559/7559
f 1893/7560/7560 1878/7561/7561 1879/7562/7562 1892/7563/7563
f 1892/7564/7564 1879/7565/7565 1880/7566/7566 1891/7567/7567
f 1891/7568/7568 1880/7569/7569 1881/7570/7570 1890/7571/7571
f 1890/7572/7572 1881/7573/7573 1698/7574/7574 1701/7575/7575
f 1700/7576/7576 1699/7577/7577 1882/7578/7578 1889/7579/7579
f 1886/7580/7580 1884/7581/7581 1885/7582/7582 1901/7583/7583
f 2065/7584/7584 1886/7585/7585 1901/7586/7586 1904/7587/7587
f 1720/7588/7588 1700/7589/7589 1889/7590/7590 2063/7591/7591
f 1921/7592/7592 1890/7593/7593 1701/7594/7594 1702/7595/7595
f 1919/7596/7596 1891/7597/7597 1890/7598/7598 1921/7599/7599
f 1917/7600/7600 1892/7601/7601 1891/7602/7602 1919/7603/7603
f 1915/7604/7604 1893/7605/7605 1892/7606/7606 1917/7607/7607
f 1913/7608/7608 1894/7609/7609 1893/7610/7610 1915/7611/7611
f 1911/7612/7612 1895/7613/7613 1894/7614/7614 1913/7615/7615
f 1909/7616/7616 1896/7617/7617 1895/7618/7618 1911/7619/7619
f 1907/7620/7620 1897/7621/7621 1896/7622/7622 1909/7623/7623
f 1905/7624/7624 1898/7625/7625 1897/7626/7626 1907/7627/7627
f 1900/7628/7628 1899/7629/7629 1898/7630/7630 1905/7631/7631
f 1903/7632/7632 1902/7633/7633 1899/7634/7634 1900/7635/7635
f 1904/7636/7636 1901/7637/7637 1902/7638/7638 1903/7639/7639
f 1906/7640/7640 1905/7641/7641 1907/7642/7642 1908/7643/7643
f 1908/7644/7644 1907/7645/7645 1909/7646/7646 1910/7647/7647
f 1910/7648/7648 1909/7649/7649 1911/7650/7650 1912/7651/7651
f 1912/7652/7652 1911/7653/7653 1913/7654/7654 1914/7655/7655
f 1914/7656/7656 1913/7657/7657 1915/7658/7658 1916/7659/7659
f 1916/7660/7660 1915/7661/7661 1917/7662/7662 1918/7663/7663
f 1918/7664/7664 1917/7665/7665 1919/7666/7666 1920/7667/7667
f 1920/7668/7668 1919/7669/7669 1921/7670/7670 1922/7671/7671
f 1922/7672/7672 1921/7673/7673 1702/7674/7674 1703/7675/7675
f 1998/7676/7676 1923/7677/7677 1704/7678/7678 1713/7679/7679
f 1997/7680/7680 1924/7681/7681 1923/7682/7682 1998/7683/7683
f 1996/7684/7684 1925/7685/7685 1924/7686/7686 1997/7687/7687
f 1995/7688/7688 1926/7689/7689 1925/7690/7690 1996/7691/7691
f 1994/7692/7692 1927/7693/7693 1926/7694/7694 1995/7695/7695
f 1993/7696/7696 1928/7697/7697 1927/7698/7698 1994/7699/7699
f 1992/7700/7700 1929/7701/7701 1928/7702/7702 1993/7703/7703
f 1991/7704/7704 1930/7705/7705 1929/7706/7706 1992/7707/7707
f 2068/7708/7708 2070/7709/7709 1930/7710/7710 1991/7711/7711
f 2084/7712/7712 1945/7713/7713 1944/7714/7714 2085/7715/7715
f 2085/7716/7716 1944/7717/7717 1943/7718/7718 2083/7719/7719
f 1942/7720/7720 2082/7721/7721 2083/7722/7722 1943/7723/7723
f 1941/7724/7724 2081/7725/7725 2082/7726/7726 1942/7727/7727
f 1940/7728/7728 2080/7729/7729 2081/7730/7730 1941/7731/7731
f 1939/7732/7732 2079/7733/7733 2080/7734/7734 1940/7735/7735
f 1938/7736/7736 2078/7737/7737 2079/7738/7738 1939/7739/7739
f 1937/7740/7740 2077/7741/7741 2078/7742/7742 1938/7743/7743
f 1936/7744/7744 2076/7745/7745 2077/7746/7746 1937/7747/7747
f 1935/7748/7748 2075/7749/7749 2076/7750/7750 1936/7751/7751
f 1934/7752/7752 2074/7753/7753 2075/7754/7754 1935/7755/7755
f 1706/7756/7756 1722/7757/7757 2074/7758/7758 1934/7759/7759
f 1933/7760/7760 2073/7761/7761 1721/7762/7762 1705/7763/7763
f 1932/7764/7764 2072/7765/7765 2073/7766/7766 1933/7767/7767
f 1931/7768/7768 2071/7769/7769 2072/7770/7770 1932/7771/7771
f 1945/7772/7772 2084/7773/7773 2071/7774/7774 1931/7775/7775
f 1959/7776/7776 1945/7777/7777 1931/7778/7778 1960/7779/7779
f 1960/7780/7780 1931/7781/7781 1932/7782/7782 1958/7783/7783
f 1958/7784/7784 1932/7785/7785 1933/7786/7786 1957/7787/7787
f 1957/7788/7788 1933/7789/7789 1705/7790/7790 1708/7791/7791
f 1707/7792/7792 1706/7793/7793 1934/7794/7794 1956/7795/7795
f 1956/7796/7796 1934/7797/7797 1935/7798/7798 1955/7799/7799
f 1955/7800/7800 1935/7801/7801 1936/7802/7802 1954/7803/7803
f 1954/7804/7804 1936/7805/7805 1937/7806/7806 1953/7807/7807
f 1953/7808/7808 1937/7809/7809 1938/7810/7810 1952/7811/7811
f 1952/7812/7812 1938/7813/7813 1939/7814/7814 1951/7815/7815
f 1951/7816/7816 1939/7817/7817 1940/7818/7818 1950/7819/7819
f 1950/7820/7820 1940/7821/7821 1941/7822/7822 1949/7823/7823
f 1949/7824/7824 1941/7825/7825 1942/7826/7826 1948/7827/7827
f 1948/7828/7828 1942/7829/7829 1943/7830/7830 1947/7831/7831
f 1947/7832/7832 1943/7833/7833 1944/7834/7834 1946/7835/7835
f 1946/7836/7836 1944/7837/7837 1945/7838/7838 1959/7839/7839
f 1974/7840/7840 1946/7841/7841 1959/7842/7842 1975/7843/7843
f 1973/7844/7844 1947/7845/7845 1946/7846/7846 1974/7847/7847
f 1972/7848/7848 1948/7849/7849 1947/7850/7850 1973/7851/7851
f 1971/7852/7852 1949/7853/7853 1948/7854/7854 1972/7855/7855
f 1970/7856/7856 1950/7857/7857 1949/7858/7858 1971/7859/7859
f 1969/7860/7860 1951/7861/7861 1950/7862/7862 1970/7863/7863
f 1968/7864/7864 1952/7865/7865 1951/7866/7866 1969/7867/7867
f 1967/7868/7868 1953/7869/7869 1952/7870/7870 1968/7871/7871
f 1966/7872/7872 1954/7873/7873 1953/7874/7874 1967/7875/7875
f 1965/7876/7876 1955/7877/7877 1954/7878/7878 1966/7879/7879
f 1964/7880/7880 1956/7881/7881 1955/7882/7882 1965/7883/7883
f 1710/7884/7884 1707/7885/7885 1956/7886/7886 1964/7887/7887
f 1963/7888/7888 1957/7889/7889 1708/7890/7890 1709/7891/7891
f 1962/7892/7892 1958/7893/7893 1957/7894/7894 1963/7895/7895
f 1961/7896/7896 1960/7897/7897 1958/7898/7898 1962/7899/7899
f 1975/7900/7900 1959/7901/7901 1960/7902/7902 1961/7903/7903
f 1989/7904/7904 1975/7905/7905 1961/7906/7906 1990/7907/7907
f 1990/7908/7908 1961/7909/7909 1962/7910/7910 1988/7911/7911
f 1988/7912/7912 1962/7913/7913 1963/7914/7914 1987/7915/7915
f 1987/7916/7916 1963/7917/7917 1709/7918/7918 1712/7919/7919
f 1711/7920/7920 1710/7921/7921 1964/7922/7922 1986/7923/7923
f 1986/7924/7924 1964/7925/7925 1965/7926/7926 1985/7927/7927
f 1985/7928/7928 1965/7929/7929 1966/7930/7930 1984/7931/7931
f 1984/7932/7932 1966/7933/7933 1967/7934/7934 1983/7935/7935
f 1983/7936/7936 1967/7937/7937 1968/7938/7938 1982/7939/7939
f 1982/7940/7940 1968/7941/7941 1969/7942/7942 1981/7943/7943
f 1981/7944/7944 1969/7945/7945 1970/7946/7946 1980/7947/7947
f 1980/7948/7948 1970/7949/7949 1971/7950/7950 1979/7951/7951
f 1979/7952/7952 1971/7953/7953 1972/7954/7954 1978/7955/7955
f 1978/7956/7956 1972/7957/7957 1973/7958/7958 1977/7959/7959
f 1977/7960/7960 1973/7961/7961 1974/7962/7962 1976/7963/7963
f 1976/7964/7964 1974/7965/7965 1975/7966/7966 1989/7967/7967
f 2015/7968/7968 1976/7969/7969 1989/7970/7970 2042/7971/7971
f 2017/7972/7972 1977/7973/7973 1976/7974/7974 2015/7975/7975
f 2019/7976/7976 1978/7977/7977 1977/7978/7978 2017/7979/7979
f 2021/7980/7980 1979/7981/7981 1978/7982/7982 2019/7983/7983
f 2023/7984/7984 1980/7985/7985 1979/7986/7986 2021/7987/7987
f 2025/7988/7988 1981/7989/7989 1980/7990/7990 2023/7991/7991
f 2027/7992/7992 1982/7993/7993 1981/7994/7994 2025/7995/7995
f 2029/7996/7996 1983/7997/7997 1982/7998/7998 2027/7999/7999
f 2031/8000/8000 1984/8001/8001 1983/8002/8002 2029/8003/8003
f 2033/8004/8004 1985/8005/8005 1984/8006/8006 2031/8007/8007
f 2035/8008/8008 1986/8009/8009 1985/8010/8010 2033/8011/8011
f 1715/8012/8012 1711/8013/8013 1986/8014/8014 2035/8015/8015
f 2037/8016/8016 1987/8017/8017 1712/8018/8018 1717/8019/8019
f 2039/8020/8020 1988/8021/8021 1987/8022/8022 2037/8023/8023
f 2043/8024/8024 1990/8025/8025 1988/8026/8026 2039/8027/8027
f 2042/8028/8028 1989/8029/8029 1990/8030/8030 2043/8031/8031
f 2067/8032/8032 2066/8033/8033 2052/8034/8034 2013/8035/8035
f 2013/8036/8036 2052/8037/8037 2050/8038/8038 2012/8039/8039
f 2012/8040/8040 2050/8041/8041 2068/8042/8042 2011/8043/8043
f 2011/8044/8044 2068/8045/8045 1991/8046/8046 2010/8047/8047
f 2010/8048/8048 1991/8049/8049 1992/8050/8050 2009/8051/8051
f 2009/8052/8052 1992/8053/8053 1993/8054/8054 2008/8055/8055
f 2008/8056/8056 1993/8057/8057 1994/8058/8058 2007/8059/8059
f 2007/8060/8060 1994/8061/8061 1995/8062/8062 2006/8063/8063
f 2006/8064/8064 1995/8065/8065 1996/8066/8066 2005/8067/8067
f 2005/8068/8068 1996/8069/8069 1997/8070/8070 2004/8071/8071
f 2004/8072/8072 1997/8073/8073 1998/8074/8074 2003/8075/8075
f 2003/8076/8076 1998/8077/8077 1713/8078/8078 1400/8079/8079
f 2040/8080/8080 1999/8081/8081 2067/8082/8082 2041/8083/8083
f 2038/8084/8084 2000/8085/8085 1999/8086/8086 2040/8087/8087
f 2036/8088/8088 2002/8089/8089 2000/8090/8090 2038/8091/8091
f 1716/8092/8092 2001/8093/8093 2002/8094/8094 2036/8095/8095
f 2034/8096/8096 2003/8097/8097 1400/8098/8098 1714/8099/8099
f 2032/8100/8100 2004/8101/8101 2003/8102/8102 2034/8103/8103
f 2030/8104/8104 2005/8105/8105 2004/8106/8106 2032/8107/8107
f 2028/8108/8108 2006/8109/8109 2005/8110/8110 2030/8111/8111
f 2026/8112/8112 2007/8113/8113 2006/8114/8114 2028/8115/8115
f 2024/8116/8116 2008/8117/8117 2007/8118/8118 2026/8119/8119
f 2022/8120/8120 2009/8121/8121 2008/8122/8122 2024/8123/8123
f 2020/8124/8124 2010/8125/8125 2009/8126/8126 2022/8127/8127
f 2018/8128/8128 2011/8129/8129 2010/8130/8130 2020/8131/8131
f 2016/8132/8132 2012/8133/8133 2011/8134/8134 2018/8135/8135
f 2014/8136/8136 2013/8137/8137 2012/8138/8138 2016/8139/8139
f 2041/8140/8140 2067/8141/8141 2013/8142/8142 2014/8143/8143
f 2042/8144/8144 2041/8145/8145 2014/8146/8146 2015/8147/8147
f 2015/8148/8148 2014/8149/8149 2016/8150/8150 2017/8151/8151
f 2017/8152/8152 2016/8153/8153 2018/8154/8154 2019/8155/8155
f 2019/8156/8156 2018/8157/8157 2020/8158/8158 2021/8159/8159
f 2021/8160/8160 2020/8161/8161 2022/8162/8162 2023/8163/8163
f 2023/8164/8164 2022/8165/8165 2024/8166/8166 2025/8167/8167
f 2025/8168/8168 2024/8169/8169 2026/8170/8170 2027/8171/8171
f 2027/8172/8172 2026/8173/8173 2028/8174/8174 2029/8175/8175
f 2029/8176/8176 2028/8177/8177 2030/8178/8178 2031/8179/8179
f 2031/8180/8180 2030/8181/8181 2032/8182/8182 2033/8183/8183
f 2033/8184/8184 2032/8185/8185 2034/8186/8186 2035/8187/8187
f 2035/8188/8188 2034/8189/8189 1714/8190/8190 1715/8191/8191
f 1717/8192/8192 1716/8193/8193 2036/8194/8194 2037/8195/8195
f 2037/8196/8196 2036/8197/8197 2038/8198/8198 2039/8199/8199
f 2039/8200/8200 2038/8201/8201 2040/8202/8202 2043/8203/8203
f 2043/8204/8204 2040/8205/8205 2041/8206/8206 2042/8207/8207
f 2055/8208/8208 2053/8209/8209 2054/8210/8210
f 2058/8211/8211 2055/8212/8212 2056/8213/8213
f 2054/8214/8214 2053/8215/8215 2064/8216/8216
f 2084/8217/8217 1723/8218/8218 2071/8219/8219
f 2071/8220/8220 1723/8221/8221 2072/8222/8222
f 2072/8223/8223 1723/8224/8224 2073/8225/8225
f 2073/8226/8226 1723/8227/8227 1721/8228/8228
f 1722/8229/8229 1723/8230/8230 2074/8231/8231
f 2074/8232/8232 1723/8233/8233 2075/8234/8234
f 2075/8235/8235 1723/8236/8236 2076/8237/8237
f 2076/8238/8238 1723/8239/8239 2077/8240/8240
f 2077/8241/8241 1723/8242/8242 2078/8243/8243
f 2078/8244/8244 1723/8245/8245 2079/8246/8246
f 2079/8247/8247 1723/8248/8248 2080/8249/8249
f 2080/8250/8250 1723/8251/8251 2081/8252/8252
f 2081/8253/8253 1723/8254/8254 2082/8255/8255
f 2082/8256/8256 1723/8257/8257 2083/8258/8258
f 2083/8259/8259 1723/8260/8260 2085/8261/8261
f 2085/8262/8262 1723/8263/8263 2084/8264/8264
f 2108/8265/8265 2107/8266/8266 1320/8267/8267 1319/8268/8268
f 2108/8269/8269 1319/8270/8270 1322/8271/8271 2109/8272/8272
f 2110/8273/8273 2109/8274/8274 1322/8275/8275 1619/8276/8276
f 1789/8277/8277 1788/8278/8278 1308/8279/8279 1790/8280/8280
f 1805/8281/8281 1789/8282/8282 1790/8283/8283 1804/8284/8284
f 1804/8285/8285 1790/8286/8286 1791/8287/8287 1803/8288/8288
f 2111/8289/8289 2333/8290/8290 2112/8291/8291 2151/8292/8292
f 2151/8293/8293 2113/8294/8294 2336/8295/8295 2334/8296/8296
f 2114/8297/8297 2134/8298/8298 2135/8299/8299 2115/8300/8300
f 2115/8301/8301 2135/8302/8302 2136/8303/8303 2116/8304/8304
f 2116/8305/8305 2136/8306/8306 2137/8307/8307 2117/8308/8308
f 2117/8309/8309 2137/8310/8310 2138/8311/8311 2118/8312/8312
f 2118/8313/8313 2138/8314/8314 2139/8315/8315 2119/8316/8316
f 2119/8317/8317 2139/8318/8318 2140/8319/8319 2120/8320/8320
f 2120/8321/8321 2140/8322/8322 2141/8323/8323 2121/8324/8324
f 2121/8325/8325 2141/8326/8326 2142/8327/8327 2122/8328/8328
f 2122/8329/8329 2142/8330/8330 2143/8331/8331 2123/8332/8332
f 2123/8333/8333 2143/8334/8334 2144/8335/8335 2124/8336/8336
f 2124/8337/8337 2144/8338/8338 2145/8339/8339 2125/8340/8340
f 2125/8341/8341 2145/8342/8342 2146/8343/8343 2126/8344/8344
f 2126/8345/8345 2146/8346/8346 2147/8347/8347 2127/8348/8348
f 2127/8349/8349 2147/8350/8350 2148/8351/8351 2128/8352/8352
f 2128/8353/8353 2148/8354/8354 2149/8355/8355 2129/8356/8356
f 2129/8357/8357 2149/8358/8358 2150/8359/8359 2130/8360/8360
f 2152/8361/8361 2153/8362/8362 2131/8363/8363
f 2131/8364/8364 2153/8365/8365 2154/8366/8366 2132/8367/8367
f 2132/8368/8368 2154/8369/8369 2155/8370/8370 2133/8371/8371
f 2134/8372/8372 2114/8373/8373 2133/8374/8374 2155/8375/8375
f 2133/8376/8376 2114/8377/8377 2167/8378/8378
f 2125/8379/8379 2126/8380/8380 2156/8381/8381
f 2124/8382/8382 2125/8383/8383 2156/8384/8384 2157/8385/8385
f 2123/8386/8386 2124/8387/8387 2157/8388/8388 2158/8389/8389
f 2122/8390/8390 2123/8391/8391 2158/8392/8392 2159/8393/8393
f 2121/8394/8394 2122/8395/8395 2159/8396/8396 2160/8397/8397
f 2120/8398/8398 2121/8399/8399 2160/8400/8400 2161/8401/8401
f 2119/8402/8402 2120/8403/8403 2161/8404/8404 2162/8405/8405
f 2118/8406/8406 2119/8407/8407 2162/8408/8408 2163/8409/8409
f 2117/8410/8410 2118/8411/8411 2163/8412/8412 2164/8413/8413
f 2116/8414/8414 2117/8415/8415 2164/8416/8416 2165/8417/8417
f 2115/8418/8418 2116/8419/8419 2165/8420/8420 2166/8421/8421
f 2114/8422/8422 2115/8423/8423 2166/8424/8424 2167/8425/8425
f 2189/8426/8426 2168/8427/8427 2169/8428/8428
f 2189/8429/8429 2169/8430/8430 2170/8431/8431
f 2189/8432/8432 2170/8433/8433 2171/8434/8434
f 2189/8435/8435 2171/8436/8436 2172/8437/8437
f 2189/8438/8438 2172/8439/8439 2173/8440/8440
f 2189/8441/8441 2173/8442/8442 2174/8443/8443
f 2189/8444/8444 2174/8445/8445 2175/8446/8446
f 2189/8447/8447 2175/8448/8448 2176/8449/8449
f 2189/8450/8450 2176/8451/8451 2177/8452/8452
f 2189/8453/8453 2177/8454/8454 2178/8455/8455
f 2189/8456/8456 2178/8457/8457 2179/8458/8458
f 2189/8459/8459 2179/8460/8460 2180/8461/8461
f 2189/8462/8462 2180/8463/8463 2181/8464/8464
f 2189/8465/8465 2181/8466/8466 2182/8467/8467
f 2189/8468/8468 2182/8469/8469 2183/8470/8470
f 2189/8471/8471 2184/8472/8472 2185/8473/8473
f 2189/8474/8474 2185/8475/8475 2186/8476/8476
f 2189/8477/8477 2186/8478/8478 2187/8479/8479
f 2189/8480/8480 2187/8481/8481 2188/8482/8482
f 2188/8483/8483 2168/8484/8484 2189/8485/8485
f 2134/8486/8486 2155/8487/8487 2190/8488/8488 2210/8489/8489
f 2155/8490/8490 2154/8491/8491 2191/8492/8492 2190/8493/8493
f 2154/8494/8494 2153/8495/8495 2192/8496/8496 2191/8497/8497
f 2153/8498/8498 2152/8499/8499 2193/8500/8500 2192/8501/8501
f 2152/8502/8502 2151/8503/8503 2334/8504/8504 2335/8505/8505 2193/8506/8506
f 2150/8507/8507 2149/8508/8508 2195/8509/8509 2194/8510/8510
f 2149/8511/8511 2148/8512/8512 2196/8513/8513 2195/8514/8514
f 2148/8515/8515 2147/8516/8516 2197/8517/8517 2196/8518/8518
f 2147/8519/8519 2146/8520/8520 2198/8521/8521 2197/8522/8522
f 2146/8523/8523 2145/8524/8524 2199/8525/8525 2198/8526/8526
f 2145/8527/8527 2144/8528/8528 2200/8529/8529 2199/8530/8530
f 2144/8531/8531 2143/8532/8532 2201/8533/8533 2200/8534/8534
f 2143/8535/8535 2142/8536/8536 2202/8537/8537 2201/8538/8538
f 2142/8539/8539 2141/8540/8540 2203/8541/8541 2202/8542/8542
f 2141/8543/8543 2140/8544/8544 2204/8545/8545 2203/8546/8546
f 2140/8547/8547 2139/8548/8548 2205/8549/8549 2204/8550/8550
f 2139/8551/8551 2138/8552/8552 2206/8553/8553 2205/8554/8554
f 2138/8555/8555 2137/8556/8556 2207/8557/8557 2206/8558/8558
f 2137/8559/8559 2136/8560/8560 2208/8561/8561 2207/8562/8562
f 2136/8563/8563 2135/8564/8564 2209/8565/8565 2208/8566/8566
f 2135/8567/8567 2134/8568/8568 2210/8569/8569 2209/8570/8570
f 2209/8571/8571 2210/8572/8572 2211/8573/8573 2212/8574/8574
f 2208/8575/8575 2209/8576/8576 2212/8577/8577 2213/8578/8578
f 2207/8579/8579 2208/8580/8580 2213/8581/8581 2214/8582/8582
f 2206/8583/8583 2207/8584/8584 2214/8585/8585 2215/8586/8586
f 2205/8587/8587 2206/8588/8588 2215/8589/8589 2216/8590/8590
f 2204/8591/8591 2205/8592/8592 2216/8593/8593 2217/8594/8594
f 2203/8595/8595 2204/8596/8596 2217/8597/8597 2218/8598/8598
f 2202/8599/8599 2203/8600/8600 2218/8601/8601 2219/8602/8602
f 2201/8603/8603 2202/8604/8604 2219/8605/8605 2220/8606/8606
f 2200/8607/8607 2201/8608/8608 2220/8609/8609 2221/8610/8610
f 2199/8611/8611 2200/8612/8612 2221/8613/8613 2222/8614/8614
f 2198/8615/8615 2199/8616/8616 2222/8617/8617 2352/8618/8618
f 2197/8619/8619 2198/8620/8620 2352/8621/8621 2350/8622/8622
f 2196/8623/8623 2197/8624/8624 2350/8625/8625 2351/8626/8626
f 2195/8627/8627 2196/8628/8628 2351/8629/8629 2223/8630/8630
f 2192/8631/8631 2193/8632/8632 2224/8633/8633 2225/8634/8634
f 2191/8635/8635 2192/8636/8636 2225/8637/8637 2226/8638/8638
f 2190/8639/8639 2191/8640/8640 2226/8641/8641 2227/8642/8642
f 2210/8643/8643 2190/8644/8644 2227/8645/8645 2211/8646/8646
f 2211/8647/8647 2227/8648/8648 2228/8649/8649 2244/8650/8650
f 2227/8651/8651 2226/8652/8652 2229/8653/8653 2228/8654/8654
f 2226/8655/8655 2225/8656/8656 2230/8657/8657 2229/8658/8658
f 2225/8659/8659 2224/8660/8660 2231/8661/8661 2230/8662/8662
f 2352/8663/8663 2222/8664/8664 2233/8665/8665 2232/8666/8666
f 2222/8667/8667 2221/8668/8668 2234/8669/8669 2233/8670/8670
f 2221/8671/8671 2220/8672/8672 2235/8673/8673 2234/8674/8674
f 2220/8675/8675 2219/8676/8676 2236/8677/8677 2235/8678/8678
f 2219/8679/8679 2218/8680/8680 2237/8681/8681 2236/8682/8682
f 2218/8683/8683 2217/8684/8684 2238/8685/8685 2237/8686/8686
f 2217/8687/8687 2216/8688/8688 2239/8689/8689 2238/8690/8690
f 2216/8691/8691 2215/8692/8692 2240/8693/8693 2239/8694/8694
f 2215/8695/8695 2214/8696/8696 2241/8697/8697 2240/8698/8698
f 2214/8699/8699 2213/8700/8700 2242/8701/8701 2241/8702/8702
f 2213/8703/8703 2212/8704/8704 2243/8705/8705 2242/8706/8706
f 2212/8707/8707 2211/8708/8708 2244/8709/8709 2243/8710/8710
f 2243/8711/8711 2244/8712/8712 2245/8713/8713 2246/8714/8714
f 2242/8715/8715 2243/8716/8716 2246/8717/8717 2247/8718/8718
f 2241/8719/8719 2242/8720/8720 2247/8721/8721 2248/8722/8722
f 2240/8723/8723 2241/8724/8724 2248/8725/8725 2249/8726/8726
f 2239/8727/8727 2240/8728/8728 2249/8729/8729 2250/8730/8730
f 2238/8731/8731 2239/8732/8732 2250/8733/8733 2251/8734/8734
f 2237/8735/8735 2238/8736/8736 2251/8737/8737 2252/8738/8738
f 2236/8739/8739 2237/8740/8740 2252/8741/8741 2253/8742/8742
f 2235/8743/8743 2236/8744/8744 2253/8745/8745 2254/8746/8746
f 2234/8747/8747 2235/8748/8748 2254/8749/8749 2255/8750/8750
f 2233/8751/8751 2234/8752/8752 2255/8753/8753 2256/8754/8754
f 2232/8755/8755 2233/8756/8756 2256/8757/8757 2257/8758/8758
f 2230/8759/8759 2231/8760/8760 2258/8761/8761 2259/8762/8762
f 2229/8763/8763 2230/8764/8764 2259/8765/8765 2260/8766/8766
f 2228/8767/8767 2229/8768/8768 2260/8769/8769 2261/8770/8770
f 2244/8771/8771 2228/8772/8772 2261/8773/8773 2245/8774/8774
f 2245/8775/8775 2261/8776/8776 2262/8777/8777 2278/8778/8778
f 2261/8779/8779 2260/8780/8780 2263/8781/8781 2262/8782/8782
f 2260/8783/8783 2259/8784/8784 2264/8785/8785 2263/8786/8786
f 2259/8787/8787 2258/8788/8788 2265/8789/8789 2264/8790/8790
f 2257/8791/8791 2256/8792/8792 2267/8793/8793 2266/8794/8794
f 2256/8795/8795 2255/8796/8796 2268/8797/8797 2267/8798/8798
f 2255/8799/8799 2254/8800/8800 2269/8801/8801 2268/8802/8802
f 2254/8803/8803 2253/8804/8804 2270/8805/8805 2269/8806/8806
f 2253/8807/8807 2252/8808/8808 2271/8809/8809 2270/8810/8810
f 2252/8811/8811 2251/8812/8812 2272/8813/8813 2271/8814/8814
f 2251/8815/8815 2250/8816/8816 2273/8817/8817 2272/8818/8818
f 2250/8819/8819 2249/8820/8820 2274/8821/8821 2273/8822/8822
f 2249/8823/8823 2248/8824/8824 2275/8825/8825 2274/8826/8826
f 2248/8827/8827 2247/8828/8828 2276/8829/8829 2275/8830/8830
f 2247/8831/8831 2246/8832/8832 2277/8833/8833 2276/8834/8834
f 2246/8835/8835 2245/8836/8836 2278/8837/8837 2277/8838/8838
f 2277/8839/8839 2278/8840/8840 2279/8841/8841 2280/8842/8842
f 2276/8843/8843 2277/8844/8844 2280/8845/8845 2281/8846/8846
f 2275/8847/8847 2276/8848/8848 2281/8849/8849 2282/8850/8850
f 2274/8851/8851 2275/8852/8852 2282/8853/8853 2283/8854/8854
f 2273/8855/8855 2274/8856/8856 2283/8857/8857 2284/8858/8858
f 2272/8859/8859 2273/8860/8860 2284/8861/8861 2285/8862/8862
f 2271/8863/8863 2272/8864/8864 2285/8865/8865 2286/8866/8866
f 2270/8867/8867 2271/8868/8868 2286/8869/8869 2287/8870/8870
f 2269/8871/8871 2270/8872/8872 2287/8873/8873 2288/8874/8874
f 2268/8875/8875 2269/8876/8876 2288/8877/8877 2289/8878/8878
f 2267/8879/8879 2268/8880/8880 2289/8881/8881 2290/8882/8882
f 2266/8883/8883 2267/8884/8884 2290/8885/8885 2291/8886/8886
f 2264/8887/8887 2265/8888/8888 2292/8889/8889 2293/8890/8890
f 2263/8891/8891 2264/8892/8892 2293/8893/8893 2294/8894/8894
f 2262/8895/8895 2263/8896/8896 2294/8897/8897 2295/8898/8898
f 2278/8899/8899 2262/8900/8900 2295/8901/8901 2279/8902/8902
f 2279/8903/8903 2295/8904/8904 2296/8905/8905 2313/8906/8906
f 2295/8907/8907 2294/8908/8908 2297/8909/8909 2296/8910/8910
f 2294/8911/8911 2293/8912/8912 2298/8913/8913 2297/8914/8914
f 2293/8915/8915 2292/8916/8916 2299/8917/8917 2298/8918/8918
f 2291/8919/8919 2290/8920/8920 2302/8921/8921 2301/8922/8922
f 2290/8923/8923 2289/8924/8924 2303/8925/8925 2302/8926/8926
f 2289/8927/8927 2288/8928/8928 2304/8929/8929 2303/8930/8930
f 2288/8931/8931 2287/8932/8932 2305/8933/8933 2304/8934/8934
f 2287/8935/8935 2286/8936/8936 2306/8937/8937 2305/8938/8938
f 2286/8939/8939 2285/8940/8940 2307/8941/8941 2306/8942/8942
f 2285/8943/8943 2284/8944/8944 2308/8945/8945 2307/8946/8946
f 2284/8947/8947 2283/8948/8948 2309/8949/8949 2308/8950/8950
f 2283/8951/8951 2282/8952/8952 2310/8953/8953 2309/8954/8954
f 2282/8955/8955 2281/8956/8956 2311/8957/8957 2310/8958/8958
f 2281/8959/8959 2280/8960/8960 2312/8961/8961 2311/8962/8962
f 2280/8963/8963 2279/8964/8964 2313/8965/8965 2312/8966/8966
f 2307/8967/8967 2308/8968/8968 2319/8969/8969 2320/8970/8970
f 2306/8971/8971 2307/8972/8972 2320/8973/8973 2321/8974/8974
f 2305/8975/8975 2306/8976/8976 2321/8977/8977 2322/8978/8978
f 2304/8979/8979 2305/8980/8980 2322/8981/8981 2323/8982/8982
f 2303/8983/8983 2304/8984/8984 2323/8985/8985 2324/8986/8986
f 2302/8987/8987 2303/8988/8988 2324/8989/8989 2325/8990/8990
f 2301/8991/8991 2302/8992/8992 2325/8993/8993 2326/8994/8994
f 2299/8995/8995 2300/8996/8996 2327/8997/8997 2328/8998/8998
f 2298/8999/8999 2299/9000/9000 2328/9001/9001 2329/9002/9002
f 2297/9003/9003 2298/9004/9004 2329/9005/9005 2330/9006/9006
f 2296/9007/9007 2297/9008/9008 2330/9009/9009 2331/9010/9010
f 2313/9011/9011 2296/9012/9012 2331/9013/9013 2314/9014/9014
f 2332/9015/9015 2315/9016/9016 2314/9017/9017
f 2332/9018/9018 2316/9019/9019 2315/9020/9020
f 2332/9021/9021 2317/9022/9022 2316/9023/9023
f 2332/9024/9024 2318/9025/9025 2317/9026/9026
f 2332/9027/9027 2319/9028/9028 2318/9029/9029
f 2332/9030/9030 2320/9031/9031 2319/9032/9032
f 2332/9033/9033 2321/9034/9034 2320/9035/9035
f 2332/9036/9036 2322/9037/9037 2321/9038/9038
f 2332/9039/9039 2323/9040/9040 2322/9041/9041
f 2332/9042/9042 2324/9043/9043 2323/9044/9044
f 2332/9045/9045 2325/9046/9046 2324/9047/9047
f 2332/9048/9048 2326/9049/9049 2325/9050/9050
f 2332/9051/9051 2328/9052/9052 2327/9053/9053
f 2332/9054/9054 2329/9055/9055 2328/9056/9056
f 2332/9057/9057 2330/9058/9058 2329/9059/9059
f 2332/9060/9060 2331/9061/9061 2330/9062/9062
f 2332/9063/9063 2314/9064/9064 2331/9065/9065
f 2113/9066/9066 2112/9067/9067 2336/9068/9068 2334/9069/9069
f 2156/9070/9070 2126/9071/9071 2127/9072/9072
f 2156/9073/9073 2127/9074/9074 2128/9075/9075
f 2156/9076/9076 2128/9077/9077 2129/9078/9078
f 2156/9079/9079 2129/9080/9080 2130/9081/9081
f 2333/9082/9082 2111/9083/9083 2131/9084/9084
f 2112/9085/9085 2151/9086/9086 2131/9087/9087 2333/9088/9088
f 2131/9089/9089 2151/9090/9090 2152/9091/9091
f 2336/9092/9092 2339/9093/9093 2338/9094/9094 2334/9095/9095
f 2334/9096/9096 2338/9097/9097 2337/9098/9098 2335/9099/9099
f 2338/9100/9100 2340/9101/9101 2337/9102/9102
f 2338/9103/9103 2341/9104/9104 2342/9105/9105 2340/9106/9106
f 2339/9107/9107 2343/9108/9108 2341/9109/9109 2338/9110/9110
f 2343/9111/9111 2346/9112/9112 2344/9113/9113 2341/9114/9114
f 2341/9115/9115 2344/9116/9116 2345/9117/9117 2342/9118/9118
f 2346/9119/9119 2348/9120/9120 2347/9121/9121 2344/9122/9122
f 2344/9123/9123 2347/9124/9124 2349/9125/9125 2345/9126/9126
f 2348/9127/9127 2351/9128/9128 2350/9129/9129 2347/9130/9130
f 2347/9131/9131 2350/9132/9132 2352/9133/9133 2349/9134/9134
f 2348/9135/9135 2223/9136/9136 2351/9137/9137
f 2391/9138/9138 2354/9139/9139 2573/9140/9140 2353/9141/9141
f 2574/9142/9142 2576/9143/9143 2355/9144/9144 2391/9145/9145
f 2357/9146/9146 2376/9147/9147 2375/9148/9148 2356/9149/9149
f 2358/9150/9150 2377/9151/9151 2376/9152/9152 2357/9153/9153
f 2359/9154/9154 2378/9155/9155 2377/9156/9156 2358/9157/9157
f 2360/9158/9158 2379/9159/9159 2378/9160/9160 2359/9161/9161
f 2361/9162/9162 2380/9163/9163 2379/9164/9164 2360/9165/9165
f 2362/9166/9166 2381/9167/9167 2380/9168/9168 2361/9169/9169
f 2363/9170/9170 2382/9171/9171 2381/9172/9172 2362/9173/9173
f 2364/9174/9174 2383/9175/9175 2382/9176/9176 2363/9177/9177
f 2365/9178/9178 2384/9179/9179 2383/9180/9180 2364/9181/9181
f 2366/9182/9182 2385/9183/9183 2384/9184/9184 2365/9185/9185
f 2367/9186/9186 2386/9187/9187 2385/9188/9188 2366/9189/9189
f 2368/9190/9190 2387/9191/9191 2386/9192/9192 2367/9193/9193
f 2369/9194/9194 2388/9195/9195 2387/9196/9196 2368/9197/9197
f 2370/9198/9198 2389/9199/9199 2388/9200/9200 2369/9201/9201
f 2371/9202/9202 2390/9203/9203 2389/9204/9204 2370/9205/9205
f 2130/9206/9206 2150/9207/9207 2390/9208/9208 2371/9209/9209
f 2372/9210/9210 2393/9211/9211 2392/9212/9212
f 2373/9213/9213 2394/9214/9214 2393/9215/9215 2372/9216/9216
f 2374/9217/9217 2395/9218/9218 2394/9219/9219 2373/9220/9220
f 2395/9221/9221 2374/9222/9222 2356/9223/9223 2375/9224/9224
f 2407/9225/9225 2356/9226/9226 2374/9227/9227
f 2396/9228/9228 2368/9229/9229 2367/9230/9230
f 2397/9231/9231 2396/9232/9232 2367/9233/9233 2366/9234/9234
f 2398/9235/9235 2397/9236/9236 2366/9237/9237 2365/9238/9238
f 2399/9239/9239 2398/9240/9240 2365/9241/9241 2364/9242/9242
f 2400/9243/9243 2399/9244/9244 2364/9245/9245 2363/9246/9246
f 2401/9247/9247 2400/9248/9248 2363/9249/9249 2362/9250/9250
f 2402/9251/9251 2401/9252/9252 2362/9253/9253 2361/9254/9254
f 2403/9255/9255 2402/9256/9256 2361/9257/9257 2360/9258/9258
f 2404/9259/9259 2403/9260/9260 2360/9261/9261 2359/9262/9262
f 2405/9263/9263 2404/9264/9264 2359/9265/9265 2358/9266/9266
f 2406/9267/9267 2405/9268/9268 2358/9269/9269 2357/9270/9270
f 2407/9271/9271 2406/9272/9272 2357/9273/9273 2356/9274/9274
f 2409/9275/9275 2408/9276/9276 2429/9277/9277
f 2410/9278/9278 2409/9279/9279 2429/9280/9280
f 2411/9281/9281 2410/9282/9282 2429/9283/9283
f 2412/9284/9284 2411/9285/9285 2429/9286/9286
f 2413/9287/9287 2412/9288/9288 2429/9289/9289
f 2414/9290/9290 2413/9291/9291 2429/9292/9292
f 2415/9293/9293 2414/9294/9294 2429/9295/9295
f 2416/9296/9296 2415/9297/9297 2429/9298/9298
f 2417/9299/9299 2416/9300/9300 2429/9301/9301
f 2418/9302/9302 2417/9303/9303 2429/9304/9304
f 2419/9305/9305 2418/9306/9306 2429/9307/9307
f 2420/9308/9308 2419/9309/9309 2429/9310/9310
f 2421/9311/9311 2420/9312/9312 2429/9313/9313
f 2422/9314/9314 2421/9315/9315 2429/9316/9316
f 2423/9317/9317 2422/9318/9318 2429/9319/9319
f 2425/9320/9320 2424/9321/9321 2429/9322/9322
f 2426/9323/9323 2425/9324/9324 2429/9325/9325
f 2427/9326/9326 2426/9327/9327 2429/9328/9328
f 2428/9329/9329 2427/9330/9330 2429/9331/9331
f 2429/9332/9332 2408/9333/9333 2428/9334/9334
f 2450/9335/9335 2430/9336/9336 2395/9337/9337 2375/9338/9338
f 2430/9339/9339 2431/9340/9340 2394/9341/9341 2395/9342/9342
f 2431/9343/9343 2432/9344/9344 2393/9345/9345 2394/9346/9346
f 2432/9347/9347 2433/9348/9348 2392/9349/9349 2393/9350/9350
f 2433/9351/9351 2575/9352/9352 2574/9353/9353 2391/9354/9354 2392/9355/9355
f 2434/9356/9356 2435/9357/9357 2390/9358/9358 2150/9359/9359
f 2435/9360/9360 2436/9361/9361 2389/9362/9362 2390/9363/9363
f 2436/9364/9364 2437/9365/9365 2388/9366/9366 2389/9367/9367
f 2437/9368/9368 2438/9369/9369 2387/9370/9370 2388/9371/9371
f 2438/9372/9372 2439/9373/9373 2386/9374/9374 2387/9375/9375
f 2439/9376/9376 2440/9377/9377 2385/9378/9378 2386/9379/9379
f 2440/9380/9380 2441/9381/9381 2384/9382/9382 2385/9383/9383
f 2441/9384/9384 2442/9385/9385 2383/9386/9386 2384/9387/9387
f 2442/9388/9388 2443/9389/9389 2382/9390/9390 2383/9391/9391
f 2443/9392/9392 2444/9393/9393 2381/9394/9394 2382/9395/9395
f 2444/9396/9396 2445/9397/9397 2380/9398/9398 2381/9399/9399
f 2445/9400/9400 2446/9401/9401 2379/9402/9402 2380/9403/9403
f 2446/9404/9404 2447/9405/9405 2378/9406/9406 2379/9407/9407
f 2447/9408/9408 2448/9409/9409 2377/9410/9410 2378/9411/9411
f 2448/9412/9412 2449/9413/9413 2376/9414/9414 2377/9415/9415
f 2449/9416/9416 2450/9417/9417 2375/9418/9418 2376/9419/9419
f 2452/9420/9420 2451/9421/9421 2450/9422/9422 2449/9423/9423
f 2453/9424/9424 2452/9425/9425 2449/9426/9426 2448/9427/9427
f 2454/9428/9428 2453/9429/9429 2448/9430/9430 2447/9431/9431
f 2455/9432/9432 2454/9433/9433 2447/9434/9434 2446/9435/9435
f 2456/9436/9436 2455/9437/9437 2446/9438/9438 2445/9439/9439
f 2457/9440/9440 2456/9441/9441 2445/9442/9442 2444/9443/9443
f 2458/9444/9444 2457/9445/9445 2444/9446/9446 2443/9447/9447
f 2459/9448/9448 2458/9449/9449 2443/9450/9450 2442/9451/9451
f 2460/9452/9452 2459/9453/9453 2442/9454/9454 2441/9455/9455
f 2461/9456/9456 2460/9457/9457 2441/9458/9458 2440/9459/9459
f 2462/9460/9460 2461/9461/9461 2440/9462/9462 2439/9463/9463
f 2592/9464/9464 2462/9465/9465 2439/9466/9466 2438/9467/9467
f 2590/9468/9468 2592/9469/9469 2438/9470/9470 2437/9471/9471
f 2591/9472/9472 2590/9473/9473 2437/9474/9474 2436/9475/9475
f 2463/9476/9476 2591/9477/9477 2436/9478/9478 2435/9479/9479
f 2465/9480/9480 2464/9481/9481 2433/9482/9482 2432/9483/9483
f 2466/9484/9484 2465/9485/9485 2432/9486/9486 2431/9487/9487
f 2467/9488/9488 2466/9489/9489 2431/9490/9490 2430/9491/9491
f 2451/9492/9492 2467/9493/9493 2430/9494/9494 2450/9495/9495
f 2484/9496/9496 2468/9497/9497 2467/9498/9498 2451/9499/9499
f 2468/9500/9500 2469/9501/9501 2466/9502/9502 2467/9503/9503
f 2469/9504/9504 2470/9505/9505 2465/9506/9506 2466/9507/9507
f 2470/9508/9508 2471/9509/9509 2464/9510/9510 2465/9511/9511
f 2472/9512/9512 2473/9513/9513 2462/9514/9514 2592/9515/9515
f 2473/9516/9516 2474/9517/9517 2461/9518/9518 2462/9519/9519
f 2474/9520/9520 2475/9521/9521 2460/9522/9522 2461/9523/9523
f 2475/9524/9524 2476/9525/9525 2459/9526/9526 2460/9527/9527
f 2476/9528/9528 2477/9529/9529 2458/9530/9530 2459/9531/9531
f 2477/9532/9532 2478/9533/9533 2457/9534/9534 2458/9535/9535
f 2478/9536/9536 2479/9537/9537 2456/9538/9538 2457/9539/9539
f 2479/9540/9540 2480/9541/9541 2455/9542/9542 2456/9543/9543
f 2480/9544/9544 2481/9545/9545 2454/9546/9546 2455/9547/9547
f 2481/9548/9548 2482/9549/9549 2453/9550/9550 2454/9551/9551
f 2482/9552/9552 2483/9553/9553 2452/9554/9554 2453/9555/9555
f 2483/9556/9556 2484/9557/9557 2451/9558/9558 2452/9559/9559
f 2486/9560/9560 2485/9561/9561 2484/9562/9562 2483/9563/9563
f 2487/9564/9564 2486/9565/9565 2483/9566/9566 2482/9567/9567
f 2488/9568/9568 2487/9569/9569 2482/9570/9570 2481/9571/9571
f 2489/9572/9572 2488/9573/9573 2481/9574/9574 2480/9575/9575
f 2490/9576/9576 2489/9577/9577 2480/9578/9578 2479/9579/9579
f 2491/9580/9580 2490/9581/9581 2479/9582/9582 2478/9583/9583
f 2492/9584/9584 2491/9585/9585 2478/9586/9586 2477/9587/9587
f 2493/9588/9588 2492/9589/9589 2477/9590/9590 2476/9591/9591
f 2494/9592/9592 2493/9593/9593 2476/9594/9594 2475/9595/9595
f 2495/9596/9596 2494/9597/9597 2475/9598/9598 2474/9599/9599
f 2496/9600/9600 2495/9601/9601 2474/9602/9602 2473/9603/9603
f 2497/9604/9604 2496/9605/9605 2473/9606/9606 2472/9607/9607
f 2499/9608/9608 2498/9609/9609 2471/9610/9610 2470/9611/9611
f 2500/9612/9612 2499/9613/9613 2470/9614/9614 2469/9615/9615
f 2501/9616/9616 2500/9617/9617 2469/9618/9618 2468/9619/9619
f 2485/9620/9620 2501/9621/9621 2468/9622/9622 2484/9623/9623
f 2518/9624/9624 2502/9625/9625 2501/9626/9626 2485/9627/9627
f 2502/9628/9628 2503/9629/9629 2500/9630/9630 2501/9631/9631
f 2503/9632/9632 2504/9633/9633 2499/9634/9634 2500/9635/9635
f 2504/9636/9636 2505/9637/9637 2498/9638/9638 2499/9639/9639
f 2506/9640/9640 2507/9641/9641 2496/9642/9642 2497/9643/9643
f 2507/9644/9644 2508/9645/9645 2495/9646/9646 2496/9647/9647
f 2508/9648/9648 2509/9649/9649 2494/9650/9650 2495/9651/9651
f 2509/9652/9652 2510/9653/9653 2493/9654/9654 2494/9655/9655
f 2510/9656/9656 2511/9657/9657 2492/9658/9658 2493/9659/9659
f 2511/9660/9660 2512/9661/9661 2491/9662/9662 2492/9663/9663
f 2512/9664/9664 2513/9665/9665 2490/9666/9666 2491/9667/9667
f 2513/9668/9668 2514/9669/9669 2489/9670/9670 2490/9671/9671
f 2514/9672/9672 2515/9673/9673 2488/9674/9674 2489/9675/9675
f 2515/9676/9676 2516/9677/9677 2487/9678/9678 2488/9679/9679
f 2516/9680/9680 2517/9681/9681 2486/9682/9682 2487/9683/9683
f 2517/9684/9684 2518/9685/9685 2485/9686/9686 2486/9687/9687
f 2520/9688/9688 2519/9689/9689 2518/9690/9690 2517/9691/9691
f 2521/9692/9692 2520/9693/9693 2517/9694/9694 2516/9695/9695
f 2522/9696/9696 2521/9697/9697 2516/9698/9698 2515/9699/9699
f 2523/9700/9700 2522/9701/9701 2515/9702/9702 2514/9703/9703
f 2524/9704/9704 2523/9705/9705 2514/9706/9706 2513/9707/9707
f 2525/9708/9708 2524/9709/9709 2513/9710/9710 2512/9711/9711
f 2526/9712/9712 2525/9713/9713 2512/9714/9714 2511/9715/9715
f 2527/9716/9716 2526/9717/9717 2511/9718/9718 2510/9719/9719
f 2528/9720/9720 2527/9721/9721 2510/9722/9722 2509/9723/9723
f 2529/9724/9724 2528/9725/9725 2509/9726/9726 2508/9727/9727
f 2530/9728/9728 2529/9729/9729 2508/9730/9730 2507/9731/9731
f 2531/9732/9732 2530/9733/9733 2507/9734/9734 2506/9735/9735
f 2533/9736/9736 2532/9737/9737 2505/9738/9738 2504/9739/9739
f 2534/9740/9740 2533/9741/9741 2504/9742/9742 2503/9743/9743
f 2535/9744/9744 2534/9745/9745 2503/9746/9746 2502/9747/9747
f 2519/9748/9748 2535/9749/9749 2502/9750/9750 2518/9751/9751
f 2553/9752/9752 2536/9753/9753 2535/9754/9754 2519/9755/9755
f 2536/9756/9756 2537/9757/9757 2534/9758/9758 2535/9759/9759
f 2537/9760/9760 2538/9761/9761 2533/9762/9762 2534/9763/9763
f 2538/9764/9764 2539/9765/9765 2532/9766/9766 2533/9767/9767
f 2541/9768/9768 2542/9769/9769 2530/9770/9770 2531/9771/9771
f 2542/9772/9772 2543/9773/9773 2529/9774/9774 2530/9775/9775
f 2543/9776/9776 2544/9777/9777 2528/9778/9778 2529/9779/9779
f 2544/9780/9780 2545/9781/9781 2527/9782/9782 2528/9783/9783
f 2545/9784/9784 2546/9785/9785 2526/9786/9786 2527/9787/9787
f 2546/9788/9788 2547/9789/9789 2525/9790/9790 2526/9791/9791
f 2547/9792/9792 2548/9793/9793 2524/9794/9794 2525/9795/9795
f 2548/9796/9796 2549/9797/9797 2523/9798/9798 2524/9799/9799
f 2549/9800/9800 2550/9801/9801 2522/9802/9802 2523/9803/9803
f 2550/9804/9804 2551/9805/9805 2521/9806/9806 2522/9807/9807
f 2551/9808/9808 2552/9809/9809 2520/9810/9810 2521/9811/9811
f 2552/9812/9812 2553/9813/9813 2519/9814/9814 2520/9815/9815
f 2560/9816/9816 2559/9817/9817 2548/9818/9818 2547/9819/9819
f 2561/9820/9820 2560/9821/9821 2547/9822/9822 2546/9823/9823
f 2562/9824/9824 2561/9825/9825 2546/9826/9826 2545/9827/9827
f 2563/9828/9828 2562/9829/9829 2545/9830/9830 2544/9831/9831
f 2564/9832/9832 2563/9833/9833 2544/9834/9834 2543/9835/9835
f 2565/9836/9836 2564/9837/9837 2543/9838/9838 2542/9839/9839
f 2566/9840/9840 2565/9841/9841 2542/9842/9842 2541/9843/9843
f 2568/9844/9844 2567/9845/9845 2540/9846/9846 2539/9847/9847
f 2569/9848/9848 2568/9849/9849 2539/9850/9850 2538/9851/9851
f 2570/9852/9852 2569/9853/9853 2538/9854/9854 2537/9855/9855
f 2571/9856/9856 2570/9857/9857 2537/9858/9858 2536/9859/9859
f 2554/9860/9860 2571/9861/9861 2536/9862/9862 2553/9863/9863
f 2554/9864/9864 2555/9865/9865 2572/9866/9866
f 2555/9867/9867 2556/9868/9868 2572/9869/9869
f 2556/9870/9870 2557/9871/9871 2572/9872/9872
f 2557/9873/9873 2558/9874/9874 2572/9875/9875
f 2558/9876/9876 2559/9877/9877 2572/9878/9878
f 2559/9879/9879 2560/9880/9880 2572/9881/9881
f 2560/9882/9882 2561/9883/9883 2572/9884/9884
f 2561/9885/9885 2562/9886/9886 2572/9887/9887
f 2562/9888/9888 2563/9889/9889 2572/9890/9890
f 2563/9891/9891 2564/9892/9892 2572/9893/9893
f 2564/9894/9894 2565/9895/9895 2572/9896/9896
f 2565/9897/9897 2566/9898/9898 2572/9899/9899
f 2567/9900/9900 2568/9901/9901 2572/9902/9902
f 2568/9903/9903 2569/9904/9904 2572/9905/9905
f 2569/9906/9906 2570/9907/9907 2572/9908/9908
f 2570/9909/9909 2571/9910/9910 2572/9911/9911
f 2571/9912/9912 2554/9913/9913 2572/9914/9914
f 2574/9915/9915 2576/9916/9916 2354/9917/9917 2355/9918/9918
f 2369/9919/9919 2368/9920/9920 2396/9921/9921
f 2370/9922/9922 2369/9923/9923 2396/9924/9924
f 2371/9925/9925 2370/9926/9926 2396/9927/9927
f 2130/9928/9928 2371/9929/9929 2396/9930/9930
f 2372/9931/9931 2353/9932/9932 2573/9933/9933
f 2573/9934/9934 2372/9935/9935 2391/9936/9936 2354/9937/9937
f 2392/9938/9938 2391/9939/9939 2372/9940/9940
f 2574/9941/9941 2578/9942/9942 2579/9943/9943 2576/9944/9944
f 2575/9945/9945 2577/9946/9946 2578/9947/9947 2574/9948/9948
f 2577/9949/9949 2580/9950/9950 2578/9951/9951
f 2580/9952/9952 2582/9953/9953 2581/9954/9954 2578/9955/9955
f 2578/9956/9956 2581/9957/9957 2583/9958/9958 2579/9959/9959
f 2581/9960/9960 2584/9961/9961 2586/9962/9962 2583/9963/9963
f 2582/9964/9964 2585/9965/9965 2584/9966/9966 2581/9967/9967
f 2584/9968/9968 2587/9969/9969 2588/9970/9970 2586/9971/9971
f 2585/9972/9972 2589/9973/9973 2587/9974/9974 2584/9975/9975
f 2587/9976/9976 2590/9977/9977 2591/9978/9978 2588/9979/9979
f 2589/9980/9980 2592/9981/9981 2590/9982/9982 2587/9983/9983
f 2591/9984/9984 2463/9985/9985 2588/9986/9986
usemtl acmat_3
f 2593/9987/9987 2594/9988/9988 2598/9989/9989 2597/9990/9990
f 2595/9991/9991 2596/9992/9992 2600/9993/9993 2599/9994/9994
f 2600/9995/9995 2599/9996/9996 2598/9997/9997 2597/9998/9998
f 2596/9999/9999 2593/10000/10000 2602/10001/10001 2601/10002/10002
f 2593/10003/10003 2597/10004/10004 2603/10005/10005 2602/10006/10006
f 2597/10007/10007 2600/10008/10008 2604/10009/10009 2603/10010/10010
f 2600/10011/10011 2596/10012/10012 2601/10013/10013 2604/10014/10014
f 2601/10015/10015 2602/10016/10016 2606/10017/10017 2605/10018/10018
f 2602/10019/10019 2603/10020/10020 2607/10021/10021 2606/10022/10022
f 2603/10023/10023 2604/10024/10024 2608/10025/10025 2607/10026/10026
f 2604/10027/10027 2601/10028/10028 2605/10029/10029 2608/10030/10030
f 2605/10031/10031 2606/10032/10032 2607/10033/10033 2608/10034/10034
f 2594/10035/10035 2595/10036/10036 2610/10037/10037 2609/10038/10038
f 2595/10039/10039 2599/10040/10040 2611/10041/10041 2610/10042/10042
f 2599/10043/10043 2598/10044/10044 2612/10045/10045 2611/10046/10046
f 2598/10047/10047 2594/10048/10048 2609/10049/10049 2612/10050/10050
f 2609/10051/10051 2610/10052/10052 2611/10053/10053 2612/10054/10054
f 2617/10055/10055 2618/10056/10056 2614/10057/10057 2613/10058/10058
f 2619/10059/10059 2620/10060/10060 2616/10061/10061 2615/10062/10062
f 2617/10063/10063 2618/10064/10064 2619/10065/10065 2620/10066/10066
f 2621/10067/10067 2622/10068/10068 2613/10069/10069 2616/10070/10070
f 2622/10071/10071 2623/10072/10072 2617/10073/10073 2613/10074/10074
f 2623/10075/10075 2624/10076/10076 2620/10077/10077 2617/10078/10078
f 2624/10079/10079 2621/10080/10080 2616/10081/10081 2620/10082/10082
f 2625/10083/10083 2626/10084/10084 2622/10085/10085 2621/10086/10086
f 2626/10087/10087 2627/10088/10088 2623/10089/10089 2622/10090/10090
f 2627/10091/10091 2628/10092/10092 2624/10093/10093 2623/10094/10094
f 2628/10095/10095 2625/10096/10096 2621/10097/10097 2624/10098/10098
f 2628/10099/10099 2627/10100/10100 2626/10101/10101 2625/10102/10102
f 2629/10103/10103 2630/10104/10104 2615/10105/10105 2614/10106/10106
f 2630/10107/10107 2631/10108/10108 2619/10109/10109 2615/10110/10110
f 2631/10111/10111 2632/10112/10112 2618/10113/10113 2619/10114/10114
f 2632/10115/10115 2629/10116/10116 2614/10117/10117 2618/10118/10118
f 2632/10119/10119 2631/10120/10120 2630/10121/10121 2629/10122/10122
usemtl acmat_4
f 2658/10123/10123 2659/10124/10124 2635/10125/10125 2634/10126/10126
f 2659/10127/10127 2660/10128/10128 2636/10129/10129 2635/10130/10130
f 2660/10131/10131 2661/10132/10132 2637/10133/10133 2636/10134/10134
f 2661/10135/10135 2662/10136/10136 2638/10137/10137 2637/10138/10138
f 2662/10139/10139 2663/10140/10140 2639/10141/10141 2638/10142/10142
f 2663/10143/10143 2664/10144/10144 2640/10145/10145 2639/10146/10146
f 2664/10147/10147 2665/10148/10148 2641/10149/10149 2640/10150/10150
f 2665/10151/10151 2666/10152/10152 2642/10153/10153 2641/10154/10154
f 2666/10155/10155 2667/10156/10156 2643/10157/10157 2642/10158/10158
f 2667/10159/10159 2668/10160/10160 2644/10161/10161 2643/10162/10162
f 2668/10163/10163 2669/10164/10164 2645/10165/10165 2644/10166/10166
f 2669/10167/10167 2670/10168/10168 2646/10169/10169 2645/10170/10170
f 2670/10171/10171 2671/10172/10172 2647/10173/10173 2646/10174/10174
f 2671/10175/10175 2672/10176/10176 2648/10177/10177 2647/10178/10178
f 2672/10179/10179 2673/10180/10180 2649/10181/10181 2648/10182/10182
f 2673/10183/10183 2674/10184/10184 2650/10185/10185 2649/10186/10186
f 2674/10187/10187 2675/10188/10188 2651/10189/10189 2650/10190/10190
f 2675/10191/10191 2676/10192/10192 2652/10193/10193 2651/10194/10194
f 2676/10195/10195 2677/10196/10196 2653/10197/10197 2652/10198/10198
f 2677/10199/10199 2678/10200/10200 2654/10201/10201 2653/10202/10202
f 2678/10203/10203 2679/10204/10204 2655/10205/10205 2654/10206/10206
f 2679/10207/10207 2680/10208/10208 2656/10209/10209 2655/10210/10210
f 2680/10211/10211 2681/10212/10212 2657/10213/10213 2656/10214/10214
f 2681/10215/10215 2658/10216/10216 2634/10217/10217 2657/10218/10218
f 2633/10219/10219 2659/10220/10220 2658/10221/10221
f 2633/10222/10222 2660/10223/10223 2659/10224/10224
f 2633/10225/10225 2661/10226/10226 2660/10227/10227
f 2633/10228/10228 2662/10229/10229 2661/10230/10230
f 2633/10231/10231 2663/10232/10232 2662/10233/10233
f 2633/10234/10234 2664/10235/10235 2663/10236/10236
f 2633/10237/10237 2665/10238/10238 2664/10239/10239
f 2633/10240/10240 2666/10241/10241 2665/10242/10242
f 2633/10243/10243 2667/10244/10244 2666/10245/10245
f 2633/10246/10246 2668/10247/10247 2667/10248/10248
f 2633/10249/10249 2669/10250/10250 2668/10251/10251
f 2633/10252/10252 2670/10253/10253 2669/10254/10254
f 2633/10255/10255 2671/10256/10256 2670/10257/10257
f 2633/10258/10258 2672/10259/10259 2671/10260/10260
f 2633/10261/10261 2673/10262/10262 2672/10263/10263
f 2633/10264/10264 2674/10265/10265 2673/10266/10266
f 2633/10267/10267 2675/10268/10268 2674/10269/10269
f 2633/10270/10270 2676/10271/10271 2675/10272/10272
f 2633/10273/10273 2677/10274/10274 2676/10275/10275
f 2633/10276/10276 2678/10277/10277 2677/10278/10278
f 2633/10279/10279 2679/10280/10280 2678/10281/10281
f 2633/10282/10282 2680/10283/10283 2679/10284/10284
f 2633/10285/10285 2681/10286/10286 2680/10287/10287
f 2633/10288/10288 2658/10289/10289 2681/10290/10290
usemtl acmat_0
f 2777/10291/10291 2720/10292/10292 2734/10293/10293 2779/10294/10294
f 2778/10295/10295 2736/10296/10296 2722/10297/10297 2776/10298/10298
l 2682/10299/10299 2683/10300/10300 2684/10301/10301 2685/10302/10302 2686/10303/10303 2682/10299/10299
f 2683/10304/10304 2682/10305/10305 2687/10306/10306 2688/10307/10307
f 2682/10308/10308 2683/10309/10309 2694/10310/10310 2695/10311/10311
f 2683/10312/10312 2688/10313/10313 2689/10314/10314
f 2683/10315/10315 2693/10316/10316 2694/10317/10317
f 2684/10318/10318 2683/10319/10319 2689/10320/10320 2690/10321/10321
f 2683/10322/10322 2684/10323/10323 2692/10324/10324 2693/10325/10325
f 2682/10326/10326 2686/10327/10327 2700/10328/10328 2701/10329/10329
f 2686/10330/10330 2682/10331/10331 2696/10332/10332 2697/10333/10333
f 2682/10334/10334 2701/10335/10335 2687/10336/10336
f 2682/10337/10337 2695/10338/10338 2696/10339/10339
f 2686/10340/10340 2698/10341/10341 2699/10342/10342
f 2686/10343/10343 2699/10344/10344 2700/10345/10345
f 2686/10346/10346 2697/10347/10347 2698/10348/10348
f 2685/10349/10349 2684/10350/10350 2690/10351/10351 2691/10352/10352
f 2684/10353/10353 2685/10354/10354 2691/10355/10355 2692/10356/10356
f 2693/10357/10357 2692/10358/10358 2707/10359/10359 2708/10360/10360
f 2694/10361/10361 2693/10362/10362 2708/10363/10363 2709/10364/10364
f 2708/10365/10365 2707/10366/10366 2722/10367/10367
f 2709/10368/10368 2708/10369/10369 2723/10370/10370
f 2708/10371/10371 2722/10372/10372 2736/10373/10373 2737/10374/10374
f 2723/10375/10375 2708/10376/10376 2737/10377/10377 2738/10378/10378
l 2687/10379/10379 2688/10380/10380 2689/10381/10381 2690/10382/10382 2691/10383/10383 2692/10384/10384 2693/10385/10385 2694/10386/10386 2695/10387/10387 2696/10388/10388 2697/10389/10389 2698/10390/10390 2699/10391/10391 2700/10392/10392 2701/10393/10393 2687/10379/10379
f 2687/10394/10394 2701/10395/10395 2716/10396/10396 2702/10397/10397
f 2688/10398/10398 2687/10399/10399 2702/10400/10400 2703/10401/10401
f 2689/10402/10402 2688/10403/10403 2703/10404/10404 2704/10405/10405
f 2690/10406/10406 2689/10407/10407 2704/10408/10408 2705/10409/10409
f 2691/10410/10410 2690/10411/10411 2705/10412/10412 2706/10413/10413
f 2692/10414/10414 2691/10415/10415 2706/10416/10416 2707/10417/10417
f 2695/10418/10418 2694/10419/10419 2709/10420/10420 2710/10421/10421
f 2696/10422/10422 2695/10423/10423 2710/10424/10424 2711/10425/10425
f 2697/10426/10426 2696/10427/10427 2711/10428/10428 2712/10429/10429
f 2698/10430/10430 2697/10431/10431 2712/10432/10432 2713/10433/10433
f 2699/10434/10434 2698/10435/10435 2713/10436/10436 2714/10437/10437
f 2700/10438/10438 2699/10439/10439 2714/10440/10440 2715/10441/10441
f 2701/10442/10442 2700/10443/10443 2715/10444/10444 2716/10445/10445
f 2702/10446/10446 2716/10447/10447 2730/10448/10448 2717/10449/10449
f 2703/10450/10450 2702/10451/10451 2717/10452/10452 2718/10453/10453
f 2704/10454/10454 2703/10455/10455 2718/10456/10456 2719/10457/10457
f 2705/10458/10458 2704/10459/10459 2719/10460/10460 2720/10461/10461
f 2706/10462/10462 2705/10463/10463 2720/10464/10464 2777/10465/10465 2721/10466/10466
f 2707/10467/10467 2706/10468/10468 2721/10469/10469 2776/10470/10470 2722/10471/10471
f 2710/10472/10472 2709/10473/10473 2723/10474/10474 2724/10475/10475
f 2711/10476/10476 2710/10477/10477 2724/10478/10478 2725/10479/10479
f 2712/10480/10480 2711/10481/10481 2725/10482/10482 2726/10483/10483
f 2713/10484/10484 2712/10485/10485 2726/10486/10486 2727/10487/10487
f 2714/10488/10488 2713/10489/10489 2727/10490/10490 2728/10491/10491
f 2715/10492/10492 2714/10493/10493 2728/10494/10494 2729/10495/10495
f 2716/10496/10496 2715/10497/10497 2729/10498/10498 2730/10499/10499
f 2717/10500/10500 2730/10501/10501 2745/10502/10502 2731/10503/10503
f 2718/10504/10504 2717/10505/10505 2731/10506/10506 2732/10507/10507
f 2719/10508/10508 2718/10509/10509 2732/10510/10510 2733/10511/10511
f 2720/10512/10512 2719/10513/10513 2733/10514/10514 2734/10515/10515
f 2724/10516/10516 2723/10517/10517 2738/10518/10518 2739/10519/10519
f 2725/10520/10520 2724/10521/10521 2739/10522/10522 2740/10523/10523
f 2726/10524/10524 2725/10525/10525 2740/10526/10526 2741/10527/10527
f 2727/10528/10528 2726/10529/10529 2741/10530/10530 2742/10531/10531
f 2728/10532/10532 2727/10533/10533 2742/10534/10534 2743/10535/10535
f 2729/10536/10536 2728/10537/10537 2743/10538/10538 2744/10539/10539
f 2730/10540/10540 2729/10541/10541 2744/10542/10542 2745/10543/10543
f 2731/10544/10544 2745/10545/10545 2760/10546/10546 2746/10547/10547
f 2732/10548/10548 2731/10549/10549 2746/10550/10550 2747/10551/10551
f 2733/10552/10552 2732/10553/10553 2747/10554/10554 2748/10555/10555
f 2734/10556/10556 2733/10557/10557 2748/10558/10558 2749/10559/10559
f 2735/10560/10560 2779/10561/10561 2734/10562/10562 2749/10563/10563 2750/10564/10564
f 2736/10565/10565 2778/10566/10566 2735/10567/10567 2750/10568/10568 2751/10569/10569
f 2737/10570/10570 2736/10571/10571 2751/10572/10572 2752/10573/10573
f 2738/10574/10574 2737/10575/10575 2752/10576/10576 2753/10577/10577
f 2739/10578/10578 2738/10579/10579 2753/10580/10580 2754/10581/10581
f 2740/10582/10582 2739/10583/10583 2754/10584/10584 2755/10585/10585
f 2741/10586/10586 2740/10587/10587 2755/10588/10588 2756/10589/10589
f 2742/10590/10590 2741/10591/10591 2756/10592/10592 2757/10593/10593
f 2743/10594/10594 2742/10595/10595 2757/10596/10596 2758/10597/10597
f 2744/10598/10598 2743/10599/10599 2758/10600/10600 2759/10601/10601
f 2745/10602/10602 2744/10603/10603 2759/10604/10604 2760/10605/10605
f 2746/10606/10606 2760/10607/10607 2764/10608/10608 2775/10609/10609
f 2747/10610/10610 2746/10611/10611 2775/10612/10612 2774/10613/10613
f 2748/10614/10614 2747/10615/10615 2774/10616/10616 2773/10617/10617
f 2749/10618/10618 2748/10619/10619 2773/10620/10620 2772/10621/10621
f 2750/10622/10622 2749/10623/10623 2772/10624/10624 2771/10625/10625
f 2751/10626/10626 2750/10627/10627 2771/10628/10628 2770/10629/10629
f 2752/10630/10630 2751/10631/10631 2770/10632/10632 2761/10633/10633
f 2753/10634/10634 2752/10635/10635 2761/10636/10636 2769/10637/10637
f 2754/10638/10638 2753/10639/10639 2769/10640/10640 2768/10641/10641
f 2755/10642/10642 2754/10643/10643 2768/10644/10644 2767/10645/10645
f 2756/10646/10646 2755/10647/10647 2767/10648/10648 2765/10649/10649
f 2757/10650/10650 2756/10651/10651 2765/10652/10652 2763/10653/10653
f 2758/10654/10654 2757/10655/10655 2763/10656/10656 2766/10657/10657
f 2759/10658/10658 2758/10659/10659 2766/10660/10660 2762/10661/10661
f 2760/10662/10662 2759/10663/10663 2762/10664/10664 2764/10665/10665
f 2735/10666/10666 2778/10667/10667 2779/10668/10668
f 2777/10669/10669 2776/10670/10670 2721/10671/10671
f 2779/10672/10672 2778/10673/10673 2776/10674/10674 2777/10675/10675
f 2877/10676/10676 2832/10677/10677 2818/10678/10678 2875/10679/10679
f 2874/10680/10680 2820/10681/10681 2834/10682/10682 2876/10683/10683
l 2784/10684/10684 2783/10685/10685 2782/10686/10686 2781/10687/10687 2780/10688/10688 2784/10684/10684
f 2786/10689/10689 2785/10690/10690 2780/10691/10691 2781/10692/10692
f 2793/10693/10693 2792/10694/10694 2781/10695/10695 2780/10696/10696
f 2787/10697/10697 2786/10698/10698 2781/10699/10699
f 2792/10700/10700 2791/10701/10701 2781/10702/10702
f 2788/10703/10703 2787/10704/10704 2781/10705/10705 2782/10706/10706
f 2791/10707/10707 2790/10708/10708 2782/10709/10709 2781/10710/10710
f 2799/10711/10711 2798/10712/10712 2784/10713/10713 2780/10714/10714
f 2795/10715/10715 2794/10716/10716 2780/10717/10717 2784/10718/10718
f 2785/10719/10719 2799/10720/10720 2780/10721/10721
f 2794/10722/10722 2793/10723/10723 2780/10724/10724
f 2797/10725/10725 2796/10726/10726 2784/10727/10727
f 2798/10728/10728 2797/10729/10729 2784/10730/10730
f 2796/10731/10731 2795/10732/10732 2784/10733/10733
f 2789/10734/10734 2788/10735/10735 2782/10736/10736 2783/10737/10737
f 2790/10738/10738 2789/10739/10739 2783/10740/10740 2782/10741/10741
f 2806/10742/10742 2805/10743/10743 2790/10744/10744 2791/10745/10745
f 2807/10746/10746 2806/10747/10747 2791/10748/10748 2792/10749/10749
f 2820/10750/10750 2805/10751/10751 2806/10752/10752
f 2821/10753/10753 2806/10754/10754 2807/10755/10755
f 2835/10756/10756 2834/10757/10757 2820/10758/10758 2806/10759/10759
f 2836/10760/10760 2835/10761/10761 2806/10762/10762 2821/10763/10763
l 2799/10764/10764 2798/10765/10765 2797/10766/10766 2796/10767/10767 2795/10768/10768 2794/10769/10769 2793/10770/10770 2792/10771/10771 2791/10772/10772 2790/10773/10773 2789/10774/10774 2788/10775/10775 2787/10776/10776 2786/10777/10777 2785/10778/10778 2799/10764/10764
f 2800/10779/10779 2814/10780/10780 2799/10781/10781 2785/10782/10782
f 2801/10783/10783 2800/10784/10784 2785/10785/10785 2786/10786/10786
f 2802/10787/10787 2801/10788/10788 2786/10789/10789 2787/10790/10790
f 2803/10791/10791 2802/10792/10792 2787/10793/10793 2788/10794/10794
f 2804/10795/10795 2803/10796/10796 2788/10797/10797 2789/10798/10798
f 2805/10799/10799 2804/10800/10800 2789/10801/10801 2790/10802/10802
f 2808/10803/10803 2807/10804/10804 2792/10805/10805 2793/10806/10806
f 2809/10807/10807 2808/10808/10808 2793/10809/10809 2794/10810/10810
f 2810/10811/10811 2809/10812/10812 2794/10813/10813 2795/10814/10814
f 2811/10815/10815 2810/10816/10816 2795/10817/10817 2796/10818/10818
f 2812/10819/10819 2811/10820/10820 2796/10821/10821 2797/10822/10822
f 2813/10823/10823 2812/10824/10824 2797/10825/10825 2798/10826/10826
f 2814/10827/10827 2813/10828/10828 2798/10829/10829 2799/10830/10830
f 2815/10831/10831 2828/10832/10832 2814/10833/10833 2800/10834/10834
f 2816/10835/10835 2815/10836/10836 2800/10837/10837 2801/10838/10838
f 2817/10839/10839 2816/10840/10840 2801/10841/10841 2802/10842/10842
f 2818/10843/10843 2817/10844/10844 2802/10845/10845 2803/10846/10846
f 2819/10847/10847 2875/10848/10848 2818/10849/10849 2803/10850/10850 2804/10851/10851
f 2820/10852/10852 2874/10853/10853 2819/10854/10854 2804/10855/10855 2805/10856/10856
f 2822/10857/10857 2821/10858/10858 2807/10859/10859 2808/10860/10860
f 2823/10861/10861 2822/10862/10862 2808/10863/10863 2809/10864/10864
f 2824/10865/10865 2823/10866/10866 2809/10867/10867 2810/10868/10868
f 2825/10869/10869 2824/10870/10870 2810/10871/10871 2811/10872/10872
f 2826/10873/10873 2825/10874/10874 2811/10875/10875 2812/10876/10876
f 2827/10877/10877 2826/10878/10878 2812/10879/10879 2813/10880/10880
f 2828/10881/10881 2827/10882/10882 2813/10883/10883 2814/10884/10884
f 2829/10885/10885 2843/10886/10886 2828/10887/10887 2815/10888/10888
f 2830/10889/10889 2829/10890/10890 2815/10891/10891 2816/10892/10892
f 2831/10893/10893 2830/10894/10894 2816/10895/10895 2817/10896/10896
f 2832/10897/10897 2831/10898/10898 2817/10899/10899 2818/10900/10900
f 2837/10901/10901 2836/10902/10902 2821/10903/10903 2822/10904/10904
f 2838/10905/10905 2837/10906/10906 2822/10907/10907 2823/10908/10908
f 2839/10909/10909 2838/10910/10910 2823/10911/10911 2824/10912/10912
f 2840/10913/10913 2839/10914/10914 2824/10915/10915 2825/10916/10916
f 2841/10917/10917 2840/10918/10918 2825/10919/10919 2826/10920/10920
f 2842/10921/10921 2841/10922/10922 2826/10923/10923 2827/10924/10924
f 2843/10925/10925 2842/10926/10926 2827/10927/10927 2828/10928/10928
f 2844/10929/10929 2858/10930/10930 2843/10931/10931 2829/10932/10932
f 2845/10933/10933 2844/10934/10934 2829/10935/10935 2830/10936/10936
f 2846/10937/10937 2845/10938/10938 2830/10939/10939 2831/10940/10940
f 2847/10941/10941 2846/10942/10942 2831/10943/10943 2832/10944/10944
f 2848/10945/10945 2847/10946/10946 2832/10947/10947 2877/10948/10948 2833/10949/10949
f 2849/10950/10950 2848/10951/10951 2833/10952/10952 2876/10953/10953 2834/10954/10954
f 2850/10955/10955 2849/10956/10956 2834/10957/10957 2835/10958/10958
f 2851/10959/10959 2850/10960/10960 2835/10961/10961 2836/10962/10962
f 2852/10963/10963 2851/10964/10964 2836/10965/10965 2837/10966/10966
f 2853/10967/10967 2852/10968/10968 2837/10969/10969 2838/10970/10970
f 2854/10971/10971 2853/10972/10972 2838/10973/10973 2839/10974/10974
f 2855/10975/10975 2854/10976/10976 2839/10977/10977 2840/10978/10978
f 2856/10979/10979 2855/10980/10980 2840/10981/10981 2841/10982/10982
f 2857/10983/10983 2856/10984/10984 2841/10985/10985 2842/10986/10986
f 2858/10987/10987 2857/10988/10988 2842/10989/10989 2843/10990/10990
f 2873/10991/10991 2862/10992/10992 2858/10993/10993 2844/10994/10994
f 2872/10995/10995 2873/10996/10996 2844/10997/10997 2845/10998/10998
f 2871/10999/10999 2872/11000/11000 2845/11001/11001 2846/11002/11002
f 2870/11003/11003 2871/11004/11004 2846/11005/11005 2847/11006/11006
f 2869/11007/11007 2870/11008/11008 2847/11009/11009 2848/11010/11010
f 2868/11011/11011 2869/11012/11012 2848/11013/11013 2849/11014/11014
f 2859/11015/11015 2868/11016/11016 2849/11017/11017 2850/11018/11018
f 2867/11019/11019 2859/11020/11020 2850/11021/11021 2851/11022/11022
f 2866/11023/11023 2867/11024/11024 2851/11025/11025 2852/11026/11026
f 2865/11027/11027 2866/11028/11028 2852/11029/11029 2853/11030/11030
f 2863/11031/11031 2865/11032/11032 2853/11033/11033 2854/11034/11034
f 2861/11035/11035 2863/11036/11036 2854/11037/11037 2855/11038/11038
f 2864/11039/11039 2861/11040/11040 2855/11041/11041 2856/11042/11042
f 2860/11043/11043 2864/11044/11044 2856/11045/11045 2857/11046/11046
f 2862/11047/11047 2860/11048/11048 2857/11049/11049 2858/11050/11050
f 2877/11051/11051 2876/11052/11052 2833/11053/11053
f 2819/11054/11054 2874/11055/11055 2875/11056/11056
f 2875/11057/11057 2874/11058/11058 2876/11059/11059 2877/11060/11060
